data,loja,sku,item,unidade_medida,quantidade_vendida
2026-05-03,Loja 001,SKU-1001,Hamburguer bovino 180g cx 24un,cx,7
2026-05-03,Loja 001,SKU-1002,File de frango congelado 2kg,pct,16
2026-05-03,Loja 001,SKU-1003,Bacon fatiado 1kg,pct,6
2026-05-03,Loja 001,SKU-1004,Linguica toscana 3kg,pct,6
2026-05-03,Loja 001,SKU-2001,Pao de hamburguer pct 12un,pct,24
2026-05-03,Loja 001,SKU-2002,Pao brioche pct 12un,pct,6
2026-05-03,Loja 001,SKU-3001,Queijo cheddar fatiado 1kg,pct,14
2026-05-03,Loja 001,SKU-3002,Queijo mussarela 5kg,pct,8
2026-05-03,Loja 001,SKU-3003,"Requeijao cremoso 1,5kg",pt,5
2026-05-03,Loja 001,SKU-3004,Manteiga 500g,un,7
2026-05-03,Loja 001,SKU-4001,"Batata pre-frita congelada 2,5kg",pct,17
2026-05-03,Loja 001,SKU-4002,Anel de cebola congelado 1kg,pct,4
2026-05-03,Loja 001,SKU-4003,Nuggets congelado 2kg,pct,5
2026-05-03,Loja 001,SKU-5001,Oleo de soja 900ml cx 20un,cx,3
2026-05-03,Loja 001,SKU-5002,"Ketchup galao 3,2kg",gl,2
2026-05-03,Loja 001,SKU-5003,Maionese galao 3kg,gl,3
2026-05-03,Loja 001,SKU-5004,Mostarda galao 3kg,gl,1
2026-05-03,Loja 001,SKU-5005,Sal refinado 1kg,un,1
2026-05-03,Loja 001,SKU-6001,Alface americana un,un,33
2026-05-03,Loja 001,SKU-6002,Tomate salada kg,kg,18.0
2026-05-03,Loja 001,SKU-6003,Cebola kg,kg,15.1
2026-05-03,Loja 001,SKU-6004,Picles fatiado 2kg,pt,2
2026-05-03,Loja 001,SKU-7001,Refrigerante lata cx 24un,cx,11
2026-05-03,Loja 001,SKU-7002,Refrigerante 2L cx 6un,cx,4
2026-05-03,Loja 001,SKU-7003,Suco caixinha cx 12un,cx,4
2026-05-03,Loja 001,SKU-7004,Agua mineral 500ml cx 12un,cx,6
2026-05-03,Loja 001,SKU-8001,Embalagem sanduiche pct 100un,pct,12
2026-05-03,Loja 001,SKU-8002,Copo 400ml pct 50un,pct,10
2026-05-03,Loja 001,SKU-8003,Sacola delivery pct 100un,pct,8
2026-05-03,Loja 001,SKU-8004,Guardanapo pct 1000un,pct,4
2026-05-03,Loja 002,SKU-1001,Hamburguer bovino 180g cx 24un,cx,8
2026-05-03,Loja 002,SKU-1002,File de frango congelado 2kg,pct,12
2026-05-03,Loja 002,SKU-1003,Bacon fatiado 1kg,pct,5
2026-05-03,Loja 002,SKU-1004,Linguica toscana 3kg,pct,3
2026-05-03,Loja 002,SKU-2001,Pao de hamburguer pct 12un,pct,20
2026-05-03,Loja 002,SKU-2002,Pao brioche pct 12un,pct,7
2026-05-03,Loja 002,SKU-3001,Queijo cheddar fatiado 1kg,pct,9
2026-05-03,Loja 002,SKU-3002,Queijo mussarela 5kg,pct,5
2026-05-03,Loja 002,SKU-3003,"Requeijao cremoso 1,5kg",pt,3
2026-05-03,Loja 002,SKU-3004,Manteiga 500g,un,4
2026-05-03,Loja 002,SKU-4001,"Batata pre-frita congelada 2,5kg",pct,17
2026-05-03,Loja 002,SKU-4002,Anel de cebola congelado 1kg,pct,2
2026-05-03,Loja 002,SKU-4003,Nuggets congelado 2kg,pct,3
2026-05-03,Loja 002,SKU-5001,Oleo de soja 900ml cx 20un,cx,2
2026-05-03,Loja 002,SKU-5002,"Ketchup galao 3,2kg",gl,2
2026-05-03,Loja 002,SKU-5003,Maionese galao 3kg,gl,2
2026-05-03,Loja 002,SKU-5004,Mostarda galao 3kg,gl,1
2026-05-03,Loja 002,SKU-5005,Sal refinado 1kg,un,1
2026-05-03,Loja 002,SKU-6001,Alface americana un,un,16
2026-05-03,Loja 002,SKU-6002,Tomate salada kg,kg,20.9
2026-05-03,Loja 002,SKU-6003,Cebola kg,kg,10.0
2026-05-03,Loja 002,SKU-6004,Picles fatiado 2kg,pt,2
2026-05-03,Loja 002,SKU-7001,Refrigerante lata cx 24un,cx,9
2026-05-03,Loja 002,SKU-7002,Refrigerante 2L cx 6un,cx,3
2026-05-03,Loja 002,SKU-7003,Suco caixinha cx 12un,cx,3
2026-05-03,Loja 002,SKU-7004,Agua mineral 500ml cx 12un,cx,5
2026-05-03,Loja 002,SKU-8001,Embalagem sanduiche pct 100un,pct,8
2026-05-03,Loja 002,SKU-8002,Copo 400ml pct 50un,pct,8
2026-05-03,Loja 002,SKU-8003,Sacola delivery pct 100un,pct,6
2026-05-03,Loja 002,SKU-8004,Guardanapo pct 1000un,pct,4
2026-05-03,Loja 003,SKU-1001,Hamburguer bovino 180g cx 24un,cx,12
2026-05-03,Loja 003,SKU-1002,File de frango congelado 2kg,pct,21
2026-05-03,Loja 003,SKU-1003,Bacon fatiado 1kg,pct,10
2026-05-03,Loja 003,SKU-1004,Linguica toscana 3kg,pct,8
2026-05-03,Loja 003,SKU-2001,Pao de hamburguer pct 12un,pct,34
2026-05-03,Loja 003,SKU-2002,Pao brioche pct 12un,pct,11
2026-05-03,Loja 003,SKU-3001,Queijo cheddar fatiado 1kg,pct,14
2026-05-03,Loja 003,SKU-3002,Queijo mussarela 5kg,pct,10
2026-05-03,Loja 003,SKU-3003,"Requeijao cremoso 1,5kg",pt,5
2026-05-03,Loja 003,SKU-3004,Manteiga 500g,un,7
2026-05-03,Loja 003,SKU-4001,"Batata pre-frita congelada 2,5kg",pct,28
2026-05-03,Loja 003,SKU-4002,Anel de cebola congelado 1kg,pct,5
2026-05-03,Loja 003,SKU-4003,Nuggets congelado 2kg,pct,5
2026-05-03,Loja 003,SKU-5001,Oleo de soja 900ml cx 20un,cx,3
2026-05-03,Loja 003,SKU-5002,"Ketchup galao 3,2kg",gl,3
2026-05-03,Loja 003,SKU-5003,Maionese galao 3kg,gl,4
2026-05-03,Loja 003,SKU-5004,Mostarda galao 3kg,gl,2
2026-05-03,Loja 003,SKU-5005,Sal refinado 1kg,un,2
2026-05-03,Loja 003,SKU-6001,Alface americana un,un,25
2026-05-03,Loja 003,SKU-6002,Tomate salada kg,kg,38.9
2026-05-03,Loja 003,SKU-6003,Cebola kg,kg,11.0
2026-05-03,Loja 003,SKU-6004,Picles fatiado 2kg,pt,2
2026-05-03,Loja 003,SKU-7001,Refrigerante lata cx 24un,cx,11
2026-05-03,Loja 003,SKU-7002,Refrigerante 2L cx 6un,cx,7
2026-05-03,Loja 003,SKU-7003,Suco caixinha cx 12un,cx,4
2026-05-03,Loja 003,SKU-7004,Agua mineral 500ml cx 12un,cx,7
2026-05-03,Loja 003,SKU-8001,Embalagem sanduiche pct 100un,pct,18
2026-05-03,Loja 003,SKU-8002,Copo 400ml pct 50un,pct,13
2026-05-03,Loja 003,SKU-8003,Sacola delivery pct 100un,pct,12
2026-05-03,Loja 003,SKU-8004,Guardanapo pct 1000un,pct,7
2026-05-04,Loja 001,SKU-1001,Hamburguer bovino 180g cx 24un,cx,6
2026-05-04,Loja 001,SKU-1002,File de frango congelado 2kg,pct,12
2026-05-04,Loja 001,SKU-1003,Bacon fatiado 1kg,pct,4
2026-05-04,Loja 001,SKU-1004,Linguica toscana 3kg,pct,4
2026-05-04,Loja 001,SKU-2001,Pao de hamburguer pct 12un,pct,12
2026-05-04,Loja 001,SKU-2002,Pao brioche pct 12un,pct,7
2026-05-04,Loja 001,SKU-3001,Queijo cheddar fatiado 1kg,pct,8
2026-05-04,Loja 001,SKU-3002,Queijo mussarela 5kg,pct,7
2026-05-04,Loja 001,SKU-3003,"Requeijao cremoso 1,5kg",pt,3
2026-05-04,Loja 001,SKU-3004,Manteiga 500g,un,4
2026-05-04,Loja 001,SKU-4001,"Batata pre-frita congelada 2,5kg",pct,14
2026-05-04,Loja 001,SKU-4002,Anel de cebola congelado 1kg,pct,3
2026-05-04,Loja 001,SKU-4003,Nuggets congelado 2kg,pct,3
2026-05-04,Loja 001,SKU-5001,Oleo de soja 900ml cx 20un,cx,3
2026-05-04,Loja 001,SKU-5002,"Ketchup galao 3,2kg",gl,2
2026-05-04,Loja 001,SKU-5003,Maionese galao 3kg,gl,2
2026-05-04,Loja 001,SKU-5004,Mostarda galao 3kg,gl,1
2026-05-04,Loja 001,SKU-5005,Sal refinado 1kg,un,1
2026-05-04,Loja 001,SKU-6001,Alface americana un,un,20
2026-05-04,Loja 001,SKU-6002,Tomate salada kg,kg,15.0
2026-05-04,Loja 001,SKU-6003,Cebola kg,kg,12.2
2026-05-04,Loja 001,SKU-6004,Picles fatiado 2kg,pt,1
2026-05-04,Loja 001,SKU-7001,Refrigerante lata cx 24un,cx,9
2026-05-04,Loja 001,SKU-7002,Refrigerante 2L cx 6un,cx,3
2026-05-04,Loja 001,SKU-7003,Suco caixinha cx 12un,cx,2
2026-05-04,Loja 001,SKU-7004,Agua mineral 500ml cx 12un,cx,4
2026-05-04,Loja 001,SKU-8001,Embalagem sanduiche pct 100un,pct,12
2026-05-04,Loja 001,SKU-8002,Copo 400ml pct 50un,pct,5
2026-05-04,Loja 001,SKU-8003,Sacola delivery pct 100un,pct,5
2026-05-04,Loja 001,SKU-8004,Guardanapo pct 1000un,pct,4
2026-05-04,Loja 002,SKU-1001,Hamburguer bovino 180g cx 24un,cx,6
2026-05-04,Loja 002,SKU-1002,File de frango congelado 2kg,pct,10
2026-05-04,Loja 002,SKU-1003,Bacon fatiado 1kg,pct,3
2026-05-04,Loja 002,SKU-1004,Linguica toscana 3kg,pct,3
2026-05-04,Loja 002,SKU-2001,Pao de hamburguer pct 12un,pct,11
2026-05-04,Loja 002,SKU-2002,Pao brioche pct 12un,pct,6
2026-05-04,Loja 002,SKU-3001,Queijo cheddar fatiado 1kg,pct,7
2026-05-04,Loja 002,SKU-3002,Queijo mussarela 5kg,pct,4
2026-05-04,Loja 002,SKU-3003,"Requeijao cremoso 1,5kg",pt,2
2026-05-04,Loja 002,SKU-3004,Manteiga 500g,un,3
2026-05-04,Loja 002,SKU-4001,"Batata pre-frita congelada 2,5kg",pct,13
2026-05-04,Loja 002,SKU-4002,Anel de cebola congelado 1kg,pct,2
2026-05-04,Loja 002,SKU-4003,Nuggets congelado 2kg,pct,3
2026-05-04,Loja 002,SKU-5001,Oleo de soja 900ml cx 20un,cx,2
2026-05-04,Loja 002,SKU-5002,"Ketchup galao 3,2kg",gl,1
2026-05-04,Loja 002,SKU-5003,Maionese galao 3kg,gl,2
2026-05-04,Loja 002,SKU-5004,Mostarda galao 3kg,gl,1
2026-05-04,Loja 002,SKU-5005,Sal refinado 1kg,un,1
2026-05-04,Loja 002,SKU-6001,Alface americana un,un,10
2026-05-04,Loja 002,SKU-6002,Tomate salada kg,kg,10.2
2026-05-04,Loja 002,SKU-6003,Cebola kg,kg,4.9
2026-05-04,Loja 002,SKU-6004,Picles fatiado 2kg,pt,2
2026-05-04,Loja 002,SKU-7001,Refrigerante lata cx 24un,cx,5
2026-05-04,Loja 002,SKU-7002,Refrigerante 2L cx 6un,cx,3
2026-05-04,Loja 002,SKU-7003,Suco caixinha cx 12un,cx,2
2026-05-04,Loja 002,SKU-7004,Agua mineral 500ml cx 12un,cx,3
2026-05-04,Loja 002,SKU-8001,Embalagem sanduiche pct 100un,pct,8
2026-05-04,Loja 002,SKU-8002,Copo 400ml pct 50un,pct,6
2026-05-04,Loja 002,SKU-8003,Sacola delivery pct 100un,pct,4
2026-05-04,Loja 002,SKU-8004,Guardanapo pct 1000un,pct,2
2026-05-04,Loja 003,SKU-1001,Hamburguer bovino 180g cx 24un,cx,9
2026-05-04,Loja 003,SKU-1002,File de frango congelado 2kg,pct,15
2026-05-04,Loja 003,SKU-1003,Bacon fatiado 1kg,pct,8
2026-05-04,Loja 003,SKU-1004,Linguica toscana 3kg,pct,6
2026-05-04,Loja 003,SKU-2001,Pao de hamburguer pct 12un,pct,22
2026-05-04,Loja 003,SKU-2002,Pao brioche pct 12un,pct,7
2026-05-04,Loja 003,SKU-3001,Queijo cheddar fatiado 1kg,pct,9
2026-05-04,Loja 003,SKU-3002,Queijo mussarela 5kg,pct,6
2026-05-04,Loja 003,SKU-3003,"Requeijao cremoso 1,5kg",pt,5
2026-05-04,Loja 003,SKU-3004,Manteiga 500g,un,4
2026-05-04,Loja 003,SKU-4001,"Batata pre-frita congelada 2,5kg",pct,19
2026-05-04,Loja 003,SKU-4002,Anel de cebola congelado 1kg,pct,4
2026-05-04,Loja 003,SKU-4003,Nuggets congelado 2kg,pct,5
2026-05-04,Loja 003,SKU-5001,Oleo de soja 900ml cx 20un,cx,3
2026-05-04,Loja 003,SKU-5002,"Ketchup galao 3,2kg",gl,2
2026-05-04,Loja 003,SKU-5003,Maionese galao 3kg,gl,3
2026-05-04,Loja 003,SKU-5004,Mostarda galao 3kg,gl,1
2026-05-04,Loja 003,SKU-5005,Sal refinado 1kg,un,1
2026-05-04,Loja 003,SKU-6001,Alface americana un,un,21
2026-05-04,Loja 003,SKU-6002,Tomate salada kg,kg,20.3
2026-05-04,Loja 003,SKU-6003,Cebola kg,kg,13.6
2026-05-04,Loja 003,SKU-6004,Picles fatiado 2kg,pt,3
2026-05-04,Loja 003,SKU-7001,Refrigerante lata cx 24un,cx,12
2026-05-04,Loja 003,SKU-7002,Refrigerante 2L cx 6un,cx,5
2026-05-04,Loja 003,SKU-7003,Suco caixinha cx 12un,cx,3
2026-05-04,Loja 003,SKU-7004,Agua mineral 500ml cx 12un,cx,6
2026-05-04,Loja 003,SKU-8001,Embalagem sanduiche pct 100un,pct,14
2026-05-04,Loja 003,SKU-8002,Copo 400ml pct 50un,pct,10
2026-05-04,Loja 003,SKU-8003,Sacola delivery pct 100un,pct,7
2026-05-04,Loja 003,SKU-8004,Guardanapo pct 1000un,pct,5
2026-05-05,Loja 001,SKU-1001,Hamburguer bovino 180g cx 24un,cx,9
2026-05-05,Loja 001,SKU-1002,File de frango congelado 2kg,pct,12
2026-05-05,Loja 001,SKU-1003,Bacon fatiado 1kg,pct,6
2026-05-05,Loja 001,SKU-1004,Linguica toscana 3kg,pct,4
2026-05-05,Loja 001,SKU-2001,Pao de hamburguer pct 12un,pct,24
2026-05-05,Loja 001,SKU-2002,Pao brioche pct 12un,pct,7
2026-05-05,Loja 001,SKU-3001,Queijo cheddar fatiado 1kg,pct,11
2026-05-05,Loja 001,SKU-3002,Queijo mussarela 5kg,pct,6
2026-05-05,Loja 001,SKU-3003,"Requeijao cremoso 1,5kg",pt,3
2026-05-05,Loja 001,SKU-3004,Manteiga 500g,un,5
2026-05-05,Loja 001,SKU-4001,"Batata pre-frita congelada 2,5kg",pct,13
2026-05-05,Loja 001,SKU-4002,Anel de cebola congelado 1kg,pct,3
2026-05-05,Loja 001,SKU-4003,Nuggets congelado 2kg,pct,4
2026-05-05,Loja 001,SKU-5001,Oleo de soja 900ml cx 20un,cx,3
2026-05-05,Loja 001,SKU-5002,"Ketchup galao 3,2kg",gl,2
2026-05-05,Loja 001,SKU-5003,Maionese galao 3kg,gl,2
2026-05-05,Loja 001,SKU-5004,Mostarda galao 3kg,gl,1
2026-05-05,Loja 001,SKU-5005,Sal refinado 1kg,un,1
2026-05-05,Loja 001,SKU-6001,Alface americana un,un,24
2026-05-05,Loja 001,SKU-6002,Tomate salada kg,kg,17.4
2026-05-05,Loja 001,SKU-6003,Cebola kg,kg,8.0
2026-05-05,Loja 001,SKU-6004,Picles fatiado 2kg,pt,2
2026-05-05,Loja 001,SKU-7001,Refrigerante lata cx 24un,cx,7
2026-05-05,Loja 001,SKU-7002,Refrigerante 2L cx 6un,cx,4
2026-05-05,Loja 001,SKU-7003,Suco caixinha cx 12un,cx,3
2026-05-05,Loja 001,SKU-7004,Agua mineral 500ml cx 12un,cx,6
2026-05-05,Loja 001,SKU-8001,Embalagem sanduiche pct 100un,pct,12
2026-05-05,Loja 001,SKU-8002,Copo 400ml pct 50un,pct,8
2026-05-05,Loja 001,SKU-8003,Sacola delivery pct 100un,pct,7
2026-05-05,Loja 001,SKU-8004,Guardanapo pct 1000un,pct,3
2026-05-05,Loja 002,SKU-1001,Hamburguer bovino 180g cx 24un,cx,4
2026-05-05,Loja 002,SKU-1002,File de frango congelado 2kg,pct,9
2026-05-05,Loja 002,SKU-1003,Bacon fatiado 1kg,pct,4
2026-05-05,Loja 002,SKU-1004,Linguica toscana 3kg,pct,4
2026-05-05,Loja 002,SKU-2001,Pao de hamburguer pct 12un,pct,15
2026-05-05,Loja 002,SKU-2002,Pao brioche pct 12un,pct,6
2026-05-05,Loja 002,SKU-3001,Queijo cheddar fatiado 1kg,pct,7
2026-05-05,Loja 002,SKU-3002,Queijo mussarela 5kg,pct,5
2026-05-05,Loja 002,SKU-3003,"Requeijao cremoso 1,5kg",pt,2
2026-05-05,Loja 002,SKU-3004,Manteiga 500g,un,3
2026-05-05,Loja 002,SKU-4001,"Batata pre-frita congelada 2,5kg",pct,11
2026-05-05,Loja 002,SKU-4002,Anel de cebola congelado 1kg,pct,2
2026-05-05,Loja 002,SKU-4003,Nuggets congelado 2kg,pct,2
2026-05-05,Loja 002,SKU-5001,Oleo de soja 900ml cx 20un,cx,2
2026-05-05,Loja 002,SKU-5002,"Ketchup galao 3,2kg",gl,1
2026-05-05,Loja 002,SKU-5003,Maionese galao 3kg,gl,2
2026-05-05,Loja 002,SKU-5004,Mostarda galao 3kg,gl,1
2026-05-05,Loja 002,SKU-5005,Sal refinado 1kg,un,1
2026-05-05,Loja 002,SKU-6001,Alface americana un,un,15
2026-05-05,Loja 002,SKU-6002,Tomate salada kg,kg,14.0
2026-05-05,Loja 002,SKU-6003,Cebola kg,kg,6.2
2026-05-05,Loja 002,SKU-6004,Picles fatiado 2kg,pt,1
2026-05-05,Loja 002,SKU-7001,Refrigerante lata cx 24un,cx,8
2026-05-05,Loja 002,SKU-7002,Refrigerante 2L cx 6un,cx,3
2026-05-05,Loja 002,SKU-7003,Suco caixinha cx 12un,cx,2
2026-05-05,Loja 002,SKU-7004,Agua mineral 500ml cx 12un,cx,4
2026-05-05,Loja 002,SKU-8001,Embalagem sanduiche pct 100un,pct,7
2026-05-05,Loja 002,SKU-8002,Copo 400ml pct 50un,pct,5
2026-05-05,Loja 002,SKU-8003,Sacola delivery pct 100un,pct,5
2026-05-05,Loja 002,SKU-8004,Guardanapo pct 1000un,pct,3
2026-05-05,Loja 003,SKU-1001,Hamburguer bovino 180g cx 24un,cx,10
2026-05-05,Loja 003,SKU-1002,File de frango congelado 2kg,pct,18
2026-05-05,Loja 003,SKU-1003,Bacon fatiado 1kg,pct,7
2026-05-05,Loja 003,SKU-1004,Linguica toscana 3kg,pct,4
2026-05-05,Loja 003,SKU-2001,Pao de hamburguer pct 12un,pct,24
2026-05-05,Loja 003,SKU-2002,Pao brioche pct 12un,pct,11
2026-05-05,Loja 003,SKU-3001,Queijo cheddar fatiado 1kg,pct,13
2026-05-05,Loja 003,SKU-3002,Queijo mussarela 5kg,pct,7
2026-05-05,Loja 003,SKU-3003,"Requeijao cremoso 1,5kg",pt,3
2026-05-05,Loja 003,SKU-3004,Manteiga 500g,un,6
2026-05-05,Loja 003,SKU-4001,"Batata pre-frita congelada 2,5kg",pct,21
2026-05-05,Loja 003,SKU-4002,Anel de cebola congelado 1kg,pct,3
2026-05-05,Loja 003,SKU-4003,Nuggets congelado 2kg,pct,5
2026-05-05,Loja 003,SKU-5001,Oleo de soja 900ml cx 20un,cx,3
2026-05-05,Loja 003,SKU-5002,"Ketchup galao 3,2kg",gl,2
2026-05-05,Loja 003,SKU-5003,Maionese galao 3kg,gl,2
2026-05-05,Loja 003,SKU-5004,Mostarda galao 3kg,gl,2
2026-05-05,Loja 003,SKU-5005,Sal refinado 1kg,un,1
2026-05-05,Loja 003,SKU-6001,Alface americana un,un,29
2026-05-05,Loja 003,SKU-6002,Tomate salada kg,kg,28.5
2026-05-05,Loja 003,SKU-6003,Cebola kg,kg,9.2
2026-05-05,Loja 003,SKU-6004,Picles fatiado 2kg,pt,3
2026-05-05,Loja 003,SKU-7001,Refrigerante lata cx 24un,cx,10
2026-05-05,Loja 003,SKU-7002,Refrigerante 2L cx 6un,cx,4
2026-05-05,Loja 003,SKU-7003,Suco caixinha cx 12un,cx,3
2026-05-05,Loja 003,SKU-7004,Agua mineral 500ml cx 12un,cx,6
2026-05-05,Loja 003,SKU-8001,Embalagem sanduiche pct 100un,pct,14
2026-05-05,Loja 003,SKU-8002,Copo 400ml pct 50un,pct,7
2026-05-05,Loja 003,SKU-8003,Sacola delivery pct 100un,pct,7
2026-05-05,Loja 003,SKU-8004,Guardanapo pct 1000un,pct,5
2026-05-06,Loja 001,SKU-1001,Hamburguer bovino 180g cx 24un,cx,7
2026-05-06,Loja 001,SKU-1002,File de frango congelado 2kg,pct,12
2026-05-06,Loja 001,SKU-1003,Bacon fatiado 1kg,pct,6
2026-05-06,Loja 001,SKU-1004,Linguica toscana 3kg,pct,5
2026-05-06,Loja 001,SKU-2001,Pao de hamburguer pct 12un,pct,14
2026-05-06,Loja 001,SKU-2002,Pao brioche pct 12un,pct,7
2026-05-06,Loja 001,SKU-3001,Queijo cheddar fatiado 1kg,pct,9
2026-05-06,Loja 001,SKU-3002,Queijo mussarela 5kg,pct,7
2026-05-06,Loja 001,SKU-3003,"Requeijao cremoso 1,5kg",pt,4
2026-05-06,Loja 001,SKU-3004,Manteiga 500g,un,4
2026-05-06,Loja 001,SKU-4001,"Batata pre-frita congelada 2,5kg",pct,17
2026-05-06,Loja 001,SKU-4002,Anel de cebola congelado 1kg,pct,3
2026-05-06,Loja 001,SKU-4003,Nuggets congelado 2kg,pct,4
2026-05-06,Loja 001,SKU-5001,Oleo de soja 900ml cx 20un,cx,3
2026-05-06,Loja 001,SKU-5002,"Ketchup galao 3,2kg",gl,2
2026-05-06,Loja 001,SKU-5003,Maionese galao 3kg,gl,2
2026-05-06,Loja 001,SKU-5004,Mostarda galao 3kg,gl,1
2026-05-06,Loja 001,SKU-5005,Sal refinado 1kg,un,1
2026-05-06,Loja 001,SKU-6001,Alface americana un,un,21
2026-05-06,Loja 001,SKU-6002,Tomate salada kg,kg,13.7
2026-05-06,Loja 001,SKU-6003,Cebola kg,kg,9.7
2026-05-06,Loja 001,SKU-6004,Picles fatiado 2kg,pt,2
2026-05-06,Loja 001,SKU-7001,Refrigerante lata cx 24un,cx,10
2026-05-06,Loja 001,SKU-7002,Refrigerante 2L cx 6un,cx,3
2026-05-06,Loja 001,SKU-7003,Suco caixinha cx 12un,cx,3
2026-05-06,Loja 001,SKU-7004,Agua mineral 500ml cx 12un,cx,4
2026-05-06,Loja 001,SKU-8001,Embalagem sanduiche pct 100un,pct,13
2026-05-06,Loja 001,SKU-8002,Copo 400ml pct 50un,pct,7
2026-05-06,Loja 001,SKU-8003,Sacola delivery pct 100un,pct,7
2026-05-06,Loja 001,SKU-8004,Guardanapo pct 1000un,pct,4
2026-05-06,Loja 002,SKU-1001,Hamburguer bovino 180g cx 24un,cx,6
2026-05-06,Loja 002,SKU-1002,File de frango congelado 2kg,pct,10
2026-05-06,Loja 002,SKU-1003,Bacon fatiado 1kg,pct,4
2026-05-06,Loja 002,SKU-1004,Linguica toscana 3kg,pct,3
2026-05-06,Loja 002,SKU-2001,Pao de hamburguer pct 12un,pct,18
2026-05-06,Loja 002,SKU-2002,Pao brioche pct 12un,pct,7
2026-05-06,Loja 002,SKU-3001,Queijo cheddar fatiado 1kg,pct,7
2026-05-06,Loja 002,SKU-3002,Queijo mussarela 5kg,pct,4
2026-05-06,Loja 002,SKU-3003,"Requeijao cremoso 1,5kg",pt,2
2026-05-06,Loja 002,SKU-3004,Manteiga 500g,un,4
2026-05-06,Loja 002,SKU-4001,"Batata pre-frita congelada 2,5kg",pct,15
2026-05-06,Loja 002,SKU-4002,Anel de cebola congelado 1kg,pct,2
2026-05-06,Loja 002,SKU-4003,Nuggets congelado 2kg,pct,3
2026-05-06,Loja 002,SKU-5001,Oleo de soja 900ml cx 20un,cx,2
2026-05-06,Loja 002,SKU-5002,"Ketchup galao 3,2kg",gl,1
2026-05-06,Loja 002,SKU-5003,Maionese galao 3kg,gl,2
2026-05-06,Loja 002,SKU-5004,Mostarda galao 3kg,gl,1
2026-05-06,Loja 002,SKU-5005,Sal refinado 1kg,un,1
2026-05-06,Loja 002,SKU-6001,Alface americana un,un,13
2026-05-06,Loja 002,SKU-6002,Tomate salada kg,kg,11.7
2026-05-06,Loja 002,SKU-6003,Cebola kg,kg,7.2
2026-05-06,Loja 002,SKU-6004,Picles fatiado 2kg,pt,1
2026-05-06,Loja 002,SKU-7001,Refrigerante lata cx 24un,cx,7
2026-05-06,Loja 002,SKU-7002,Refrigerante 2L cx 6un,cx,3
2026-05-06,Loja 002,SKU-7003,Suco caixinha cx 12un,cx,2
2026-05-06,Loja 002,SKU-7004,Agua mineral 500ml cx 12un,cx,4
2026-05-06,Loja 002,SKU-8001,Embalagem sanduiche pct 100un,pct,8
2026-05-06,Loja 002,SKU-8002,Copo 400ml pct 50un,pct,5
2026-05-06,Loja 002,SKU-8003,Sacola delivery pct 100un,pct,5
2026-05-06,Loja 002,SKU-8004,Guardanapo pct 1000un,pct,3
2026-05-06,Loja 003,SKU-1001,Hamburguer bovino 180g cx 24un,cx,10
2026-05-06,Loja 003,SKU-1002,File de frango congelado 2kg,pct,14
2026-05-06,Loja 003,SKU-1003,Bacon fatiado 1kg,pct,8
2026-05-06,Loja 003,SKU-1004,Linguica toscana 3kg,pct,7
2026-05-06,Loja 003,SKU-2001,Pao de hamburguer pct 12un,pct,25
2026-05-06,Loja 003,SKU-2002,Pao brioche pct 12un,pct,11
2026-05-06,Loja 003,SKU-3001,Queijo cheddar fatiado 1kg,pct,15
2026-05-06,Loja 003,SKU-3002,Queijo mussarela 5kg,pct,10
2026-05-06,Loja 003,SKU-3003,"Requeijao cremoso 1,5kg",pt,5
2026-05-06,Loja 003,SKU-3004,Manteiga 500g,un,6
2026-05-06,Loja 003,SKU-4001,"Batata pre-frita congelada 2,5kg",pct,23
2026-05-06,Loja 003,SKU-4002,Anel de cebola congelado 1kg,pct,3
2026-05-06,Loja 003,SKU-4003,Nuggets congelado 2kg,pct,6
2026-05-06,Loja 003,SKU-5001,Oleo de soja 900ml cx 20un,cx,4
2026-05-06,Loja 003,SKU-5002,"Ketchup galao 3,2kg",gl,2
2026-05-06,Loja 003,SKU-5003,Maionese galao 3kg,gl,3
2026-05-06,Loja 003,SKU-5004,Mostarda galao 3kg,gl,2
2026-05-06,Loja 003,SKU-5005,Sal refinado 1kg,un,2
2026-05-06,Loja 003,SKU-6001,Alface americana un,un,30
2026-05-06,Loja 003,SKU-6002,Tomate salada kg,kg,26.6
2026-05-06,Loja 003,SKU-6003,Cebola kg,kg,13.1
2026-05-06,Loja 003,SKU-6004,Picles fatiado 2kg,pt,2
2026-05-06,Loja 003,SKU-7001,Refrigerante lata cx 24un,cx,14
2026-05-06,Loja 003,SKU-7002,Refrigerante 2L cx 6un,cx,6
2026-05-06,Loja 003,SKU-7003,Suco caixinha cx 12un,cx,3
2026-05-06,Loja 003,SKU-7004,Agua mineral 500ml cx 12un,cx,7
2026-05-06,Loja 003,SKU-8001,Embalagem sanduiche pct 100un,pct,14
2026-05-06,Loja 003,SKU-8002,Copo 400ml pct 50un,pct,11
2026-05-06,Loja 003,SKU-8003,Sacola delivery pct 100un,pct,7
2026-05-06,Loja 003,SKU-8004,Guardanapo pct 1000un,pct,4
2026-05-07,Loja 001,SKU-1001,Hamburguer bovino 180g cx 24un,cx,9
2026-05-07,Loja 001,SKU-1002,File de frango congelado 2kg,pct,14
2026-05-07,Loja 001,SKU-1003,Bacon fatiado 1kg,pct,6
2026-05-07,Loja 001,SKU-1004,Linguica toscana 3kg,pct,4
2026-05-07,Loja 001,SKU-2001,Pao de hamburguer pct 12un,pct,22
2026-05-07,Loja 001,SKU-2002,Pao brioche pct 12un,pct,9
2026-05-07,Loja 001,SKU-3001,Queijo cheddar fatiado 1kg,pct,10
2026-05-07,Loja 001,SKU-3002,Queijo mussarela 5kg,pct,7
2026-05-07,Loja 001,SKU-3003,"Requeijao cremoso 1,5kg",pt,4
2026-05-07,Loja 001,SKU-3004,Manteiga 500g,un,5
2026-05-07,Loja 001,SKU-4001,"Batata pre-frita congelada 2,5kg",pct,17
2026-05-07,Loja 001,SKU-4002,Anel de cebola congelado 1kg,pct,4
2026-05-07,Loja 001,SKU-4003,Nuggets congelado 2kg,pct,5
2026-05-07,Loja 001,SKU-5001,Oleo de soja 900ml cx 20un,cx,3
2026-05-07,Loja 001,SKU-5002,"Ketchup galao 3,2kg",gl,2
2026-05-07,Loja 001,SKU-5003,Maionese galao 3kg,gl,3
2026-05-07,Loja 001,SKU-5004,Mostarda galao 3kg,gl,1
2026-05-07,Loja 001,SKU-5005,Sal refinado 1kg,un,2
2026-05-07,Loja 001,SKU-6001,Alface americana un,un,28
2026-05-07,Loja 001,SKU-6002,Tomate salada kg,kg,12.9
2026-05-07,Loja 001,SKU-6003,Cebola kg,kg,11.6
2026-05-07,Loja 001,SKU-6004,Picles fatiado 2kg,pt,3
2026-05-07,Loja 001,SKU-7001,Refrigerante lata cx 24un,cx,10
2026-05-07,Loja 001,SKU-7002,Refrigerante 2L cx 6un,cx,4
2026-05-07,Loja 001,SKU-7003,Suco caixinha cx 12un,cx,3
2026-05-07,Loja 001,SKU-7004,Agua mineral 500ml cx 12un,cx,5
2026-05-07,Loja 001,SKU-8001,Embalagem sanduiche pct 100un,pct,14
2026-05-07,Loja 001,SKU-8002,Copo 400ml pct 50un,pct,10
2026-05-07,Loja 001,SKU-8003,Sacola delivery pct 100un,pct,7
2026-05-07,Loja 001,SKU-8004,Guardanapo pct 1000un,pct,4
2026-05-07,Loja 002,SKU-1001,Hamburguer bovino 180g cx 24un,cx,6
2026-05-07,Loja 002,SKU-1002,File de frango congelado 2kg,pct,11
2026-05-07,Loja 002,SKU-1003,Bacon fatiado 1kg,pct,5
2026-05-07,Loja 002,SKU-1004,Linguica toscana 3kg,pct,3
2026-05-07,Loja 002,SKU-2001,Pao de hamburguer pct 12un,pct,13
2026-05-07,Loja 002,SKU-2002,Pao brioche pct 12un,pct,9
2026-05-07,Loja 002,SKU-3001,Queijo cheddar fatiado 1kg,pct,10
2026-05-07,Loja 002,SKU-3002,Queijo mussarela 5kg,pct,6
2026-05-07,Loja 002,SKU-3003,"Requeijao cremoso 1,5kg",pt,3
2026-05-07,Loja 002,SKU-3004,Manteiga 500g,un,3
2026-05-07,Loja 002,SKU-4001,"Batata pre-frita congelada 2,5kg",pct,11
2026-05-07,Loja 002,SKU-4002,Anel de cebola congelado 1kg,pct,3
2026-05-07,Loja 002,SKU-4003,Nuggets congelado 2kg,pct,3
2026-05-07,Loja 002,SKU-5001,Oleo de soja 900ml cx 20un,cx,2
2026-05-07,Loja 002,SKU-5002,"Ketchup galao 3,2kg",gl,1
2026-05-07,Loja 002,SKU-5003,Maionese galao 3kg,gl,2
2026-05-07,Loja 002,SKU-5004,Mostarda galao 3kg,gl,1
2026-05-07,Loja 002,SKU-5005,Sal refinado 1kg,un,1
2026-05-07,Loja 002,SKU-6001,Alface americana un,un,18
2026-05-07,Loja 002,SKU-6002,Tomate salada kg,kg,14.3
2026-05-07,Loja 002,SKU-6003,Cebola kg,kg,9.8
2026-05-07,Loja 002,SKU-6004,Picles fatiado 2kg,pt,1
2026-05-07,Loja 002,SKU-7001,Refrigerante lata cx 24un,cx,6
2026-05-07,Loja 002,SKU-7002,Refrigerante 2L cx 6un,cx,3
2026-05-07,Loja 002,SKU-7003,Suco caixinha cx 12un,cx,3
2026-05-07,Loja 002,SKU-7004,Agua mineral 500ml cx 12un,cx,5
2026-05-07,Loja 002,SKU-8001,Embalagem sanduiche pct 100un,pct,11
2026-05-07,Loja 002,SKU-8002,Copo 400ml pct 50un,pct,7
2026-05-07,Loja 002,SKU-8003,Sacola delivery pct 100un,pct,5
2026-05-07,Loja 002,SKU-8004,Guardanapo pct 1000un,pct,2
2026-05-07,Loja 003,SKU-1001,Hamburguer bovino 180g cx 24un,cx,10
2026-05-07,Loja 003,SKU-1002,File de frango congelado 2kg,pct,15
2026-05-07,Loja 003,SKU-1003,Bacon fatiado 1kg,pct,9
2026-05-07,Loja 003,SKU-1004,Linguica toscana 3kg,pct,7
2026-05-07,Loja 003,SKU-2001,Pao de hamburguer pct 12un,pct,30
2026-05-07,Loja 003,SKU-2002,Pao brioche pct 12un,pct,9
2026-05-07,Loja 003,SKU-3001,Queijo cheddar fatiado 1kg,pct,14
2026-05-07,Loja 003,SKU-3002,Queijo mussarela 5kg,pct,9
2026-05-07,Loja 003,SKU-3003,"Requeijao cremoso 1,5kg",pt,4
2026-05-07,Loja 003,SKU-3004,Manteiga 500g,un,8
2026-05-07,Loja 003,SKU-4001,"Batata pre-frita congelada 2,5kg",pct,28
2026-05-07,Loja 003,SKU-4002,Anel de cebola congelado 1kg,pct,4
2026-05-07,Loja 003,SKU-4003,Nuggets congelado 2kg,pct,5
2026-05-07,Loja 003,SKU-5001,Oleo de soja 900ml cx 20un,cx,3
2026-05-07,Loja 003,SKU-5002,"Ketchup galao 3,2kg",gl,3
2026-05-07,Loja 003,SKU-5003,Maionese galao 3kg,gl,4
2026-05-07,Loja 003,SKU-5004,Mostarda galao 3kg,gl,2
2026-05-07,Loja 003,SKU-5005,Sal refinado 1kg,un,2
2026-05-07,Loja 003,SKU-6001,Alface americana un,un,37
2026-05-07,Loja 003,SKU-6002,Tomate salada kg,kg,30.5
2026-05-07,Loja 003,SKU-6003,Cebola kg,kg,15.3
2026-05-07,Loja 003,SKU-6004,Picles fatiado 2kg,pt,2
2026-05-07,Loja 003,SKU-7001,Refrigerante lata cx 24un,cx,11
2026-05-07,Loja 003,SKU-7002,Refrigerante 2L cx 6un,cx,5
2026-05-07,Loja 003,SKU-7003,Suco caixinha cx 12un,cx,3
2026-05-07,Loja 003,SKU-7004,Agua mineral 500ml cx 12un,cx,9
2026-05-07,Loja 003,SKU-8001,Embalagem sanduiche pct 100un,pct,19
2026-05-07,Loja 003,SKU-8002,Copo 400ml pct 50un,pct,9
2026-05-07,Loja 003,SKU-8003,Sacola delivery pct 100un,pct,8
2026-05-07,Loja 003,SKU-8004,Guardanapo pct 1000un,pct,6
2026-05-08,Loja 001,SKU-1001,Hamburguer bovino 180g cx 24un,cx,11
2026-05-08,Loja 001,SKU-1002,File de frango congelado 2kg,pct,22
2026-05-08,Loja 001,SKU-1003,Bacon fatiado 1kg,pct,9
2026-05-08,Loja 001,SKU-1004,Linguica toscana 3kg,pct,6
2026-05-08,Loja 001,SKU-2001,Pao de hamburguer pct 12un,pct,24
2026-05-08,Loja 001,SKU-2002,Pao brioche pct 12un,pct,14
2026-05-08,Loja 001,SKU-3001,Queijo cheddar fatiado 1kg,pct,18
2026-05-08,Loja 001,SKU-3002,Queijo mussarela 5kg,pct,10
2026-05-08,Loja 001,SKU-3003,"Requeijao cremoso 1,5kg",pt,5
2026-05-08,Loja 001,SKU-3004,Manteiga 500g,un,6
2026-05-08,Loja 001,SKU-4001,"Batata pre-frita congelada 2,5kg",pct,22
2026-05-08,Loja 001,SKU-4002,Anel de cebola congelado 1kg,pct,5
2026-05-08,Loja 001,SKU-4003,Nuggets congelado 2kg,pct,7
2026-05-08,Loja 001,SKU-5001,Oleo de soja 900ml cx 20un,cx,4
2026-05-08,Loja 001,SKU-5002,"Ketchup galao 3,2kg",gl,3
2026-05-08,Loja 001,SKU-5003,Maionese galao 3kg,gl,4
2026-05-08,Loja 001,SKU-5004,Mostarda galao 3kg,gl,2
2026-05-08,Loja 001,SKU-5005,Sal refinado 1kg,un,2
2026-05-08,Loja 001,SKU-6001,Alface americana un,un,31
2026-05-08,Loja 001,SKU-6002,Tomate salada kg,kg,34.3
2026-05-08,Loja 001,SKU-6003,Cebola kg,kg,11.2
2026-05-08,Loja 001,SKU-6004,Picles fatiado 2kg,pt,2
2026-05-08,Loja 001,SKU-7001,Refrigerante lata cx 24un,cx,13
2026-05-08,Loja 001,SKU-7002,Refrigerante 2L cx 6un,cx,5
2026-05-08,Loja 001,SKU-7003,Suco caixinha cx 12un,cx,4
2026-05-08,Loja 001,SKU-7004,Agua mineral 500ml cx 12un,cx,9
2026-05-08,Loja 001,SKU-8001,Embalagem sanduiche pct 100un,pct,16
2026-05-08,Loja 001,SKU-8002,Copo 400ml pct 50un,pct,9
2026-05-08,Loja 001,SKU-8003,Sacola delivery pct 100un,pct,9
2026-05-08,Loja 001,SKU-8004,Guardanapo pct 1000un,pct,5
2026-05-08,Loja 002,SKU-1001,Hamburguer bovino 180g cx 24un,cx,8
2026-05-08,Loja 002,SKU-1002,File de frango congelado 2kg,pct,13
2026-05-08,Loja 002,SKU-1003,Bacon fatiado 1kg,pct,6
2026-05-08,Loja 002,SKU-1004,Linguica toscana 3kg,pct,4
2026-05-08,Loja 002,SKU-2001,Pao de hamburguer pct 12un,pct,13
2026-05-08,Loja 002,SKU-2002,Pao brioche pct 12un,pct,13
2026-05-08,Loja 002,SKU-3001,Queijo cheddar fatiado 1kg,pct,13
2026-05-08,Loja 002,SKU-3002,Queijo mussarela 5kg,pct,8
2026-05-08,Loja 002,SKU-3003,"Requeijao cremoso 1,5kg",pt,3
2026-05-08,Loja 002,SKU-3004,Manteiga 500g,un,6
2026-05-08,Loja 002,SKU-4001,"Batata pre-frita congelada 2,5kg",pct,19
2026-05-08,Loja 002,SKU-4002,Anel de cebola congelado 1kg,pct,3
2026-05-08,Loja 002,SKU-4003,Nuggets congelado 2kg,pct,5
2026-05-08,Loja 002,SKU-5001,Oleo de soja 900ml cx 20un,cx,2
2026-05-08,Loja 002,SKU-5002,"Ketchup galao 3,2kg",gl,2
2026-05-08,Loja 002,SKU-5003,Maionese galao 3kg,gl,3
2026-05-08,Loja 002,SKU-5004,Mostarda galao 3kg,gl,1
2026-05-08,Loja 002,SKU-5005,Sal refinado 1kg,un,1
2026-05-08,Loja 002,SKU-6001,Alface americana un,un,18
2026-05-08,Loja 002,SKU-6002,Tomate salada kg,kg,24.5
2026-05-08,Loja 002,SKU-6003,Cebola kg,kg,8.7
2026-05-08,Loja 002,SKU-6004,Picles fatiado 2kg,pt,3
2026-05-08,Loja 002,SKU-7001,Refrigerante lata cx 24un,cx,8
2026-05-08,Loja 002,SKU-7002,Refrigerante 2L cx 6un,cx,4
2026-05-08,Loja 002,SKU-7003,Suco caixinha cx 12un,cx,3
2026-05-08,Loja 002,SKU-7004,Agua mineral 500ml cx 12un,cx,5
2026-05-08,Loja 002,SKU-8001,Embalagem sanduiche pct 100un,pct,13
2026-05-08,Loja 002,SKU-8002,Copo 400ml pct 50un,pct,10
2026-05-08,Loja 002,SKU-8003,Sacola delivery pct 100un,pct,7
2026-05-08,Loja 002,SKU-8004,Guardanapo pct 1000un,pct,4
2026-05-08,Loja 003,SKU-1001,Hamburguer bovino 180g cx 24un,cx,16
2026-05-08,Loja 003,SKU-1002,File de frango congelado 2kg,pct,22
2026-05-08,Loja 003,SKU-1003,Bacon fatiado 1kg,pct,12
2026-05-08,Loja 003,SKU-1004,Linguica toscana 3kg,pct,9
2026-05-08,Loja 003,SKU-2001,Pao de hamburguer pct 12un,pct,43
2026-05-08,Loja 003,SKU-2002,Pao brioche pct 12un,pct,19
2026-05-08,Loja 003,SKU-3001,Queijo cheddar fatiado 1kg,pct,19
2026-05-08,Loja 003,SKU-3002,Queijo mussarela 5kg,pct,11
2026-05-08,Loja 003,SKU-3003,"Requeijao cremoso 1,5kg",pt,6
2026-05-08,Loja 003,SKU-3004,Manteiga 500g,un,9
2026-05-08,Loja 003,SKU-4001,"Batata pre-frita congelada 2,5kg",pct,25
2026-05-08,Loja 003,SKU-4002,Anel de cebola congelado 1kg,pct,5
2026-05-08,Loja 003,SKU-4003,Nuggets congelado 2kg,pct,7
2026-05-08,Loja 003,SKU-5001,Oleo de soja 900ml cx 20un,cx,6
2026-05-08,Loja 003,SKU-5002,"Ketchup galao 3,2kg",gl,4
2026-05-08,Loja 003,SKU-5003,Maionese galao 3kg,gl,5
2026-05-08,Loja 003,SKU-5004,Mostarda galao 3kg,gl,2
2026-05-08,Loja 003,SKU-5005,Sal refinado 1kg,un,3
2026-05-08,Loja 003,SKU-6001,Alface americana un,un,41
2026-05-08,Loja 003,SKU-6002,Tomate salada kg,kg,42.1
2026-05-08,Loja 003,SKU-6003,Cebola kg,kg,16.3
2026-05-08,Loja 003,SKU-6004,Picles fatiado 2kg,pt,3
2026-05-08,Loja 003,SKU-7001,Refrigerante lata cx 24un,cx,19
2026-05-08,Loja 003,SKU-7002,Refrigerante 2L cx 6un,cx,7
2026-05-08,Loja 003,SKU-7003,Suco caixinha cx 12un,cx,6
2026-05-08,Loja 003,SKU-7004,Agua mineral 500ml cx 12un,cx,8
2026-05-08,Loja 003,SKU-8001,Embalagem sanduiche pct 100un,pct,26
2026-05-08,Loja 003,SKU-8002,Copo 400ml pct 50un,pct,12
2026-05-08,Loja 003,SKU-8003,Sacola delivery pct 100un,pct,14
2026-05-08,Loja 003,SKU-8004,Guardanapo pct 1000un,pct,6
2026-05-09,Loja 001,SKU-1001,Hamburguer bovino 180g cx 24un,cx,15
2026-05-09,Loja 001,SKU-1002,File de frango congelado 2kg,pct,19
2026-05-09,Loja 001,SKU-1003,Bacon fatiado 1kg,pct,10
2026-05-09,Loja 001,SKU-1004,Linguica toscana 3kg,pct,6
2026-05-09,Loja 001,SKU-2001,Pao de hamburguer pct 12un,pct,36
2026-05-09,Loja 001,SKU-2002,Pao brioche pct 12un,pct,14
2026-05-09,Loja 001,SKU-3001,Queijo cheddar fatiado 1kg,pct,14
2026-05-09,Loja 001,SKU-3002,Queijo mussarela 5kg,pct,12
2026-05-09,Loja 001,SKU-3003,"Requeijao cremoso 1,5kg",pt,6
2026-05-09,Loja 001,SKU-3004,Manteiga 500g,un,9
2026-05-09,Loja 001,SKU-4001,"Batata pre-frita congelada 2,5kg",pct,26
2026-05-09,Loja 001,SKU-4002,Anel de cebola congelado 1kg,pct,5
2026-05-09,Loja 001,SKU-4003,Nuggets congelado 2kg,pct,7
2026-05-09,Loja 001,SKU-5001,Oleo de soja 900ml cx 20un,cx,5
2026-05-09,Loja 001,SKU-5002,"Ketchup galao 3,2kg",gl,3
2026-05-09,Loja 001,SKU-5003,Maionese galao 3kg,gl,4
2026-05-09,Loja 001,SKU-5004,Mostarda galao 3kg,gl,2
2026-05-09,Loja 001,SKU-5005,Sal refinado 1kg,un,2
2026-05-09,Loja 001,SKU-6001,Alface americana un,un,44
2026-05-09,Loja 001,SKU-6002,Tomate salada kg,kg,28.4
2026-05-09,Loja 001,SKU-6003,Cebola kg,kg,23.9
2026-05-09,Loja 001,SKU-6004,Picles fatiado 2kg,pt,3
2026-05-09,Loja 001,SKU-7001,Refrigerante lata cx 24un,cx,14
2026-05-09,Loja 001,SKU-7002,Refrigerante 2L cx 6un,cx,5
2026-05-09,Loja 001,SKU-7003,Suco caixinha cx 12un,cx,5
2026-05-09,Loja 001,SKU-7004,Agua mineral 500ml cx 12un,cx,9
2026-05-09,Loja 001,SKU-8001,Embalagem sanduiche pct 100un,pct,22
2026-05-09,Loja 001,SKU-8002,Copo 400ml pct 50un,pct,14
2026-05-09,Loja 001,SKU-8003,Sacola delivery pct 100un,pct,10
2026-05-09,Loja 001,SKU-8004,Guardanapo pct 1000un,pct,7
2026-05-09,Loja 002,SKU-1001,Hamburguer bovino 180g cx 24un,cx,11
2026-05-09,Loja 002,SKU-1002,File de frango congelado 2kg,pct,17
2026-05-09,Loja 002,SKU-1003,Bacon fatiado 1kg,pct,8
2026-05-09,Loja 002,SKU-1004,Linguica toscana 3kg,pct,4
2026-05-09,Loja 002,SKU-2001,Pao de hamburguer pct 12un,pct,16
2026-05-09,Loja 002,SKU-2002,Pao brioche pct 12un,pct,13
2026-05-09,Loja 002,SKU-3001,Queijo cheddar fatiado 1kg,pct,11
2026-05-09,Loja 002,SKU-3002,Queijo mussarela 5kg,pct,7
2026-05-09,Loja 002,SKU-3003,"Requeijao cremoso 1,5kg",pt,3
2026-05-09,Loja 002,SKU-3004,Manteiga 500g,un,5
2026-05-09,Loja 002,SKU-4001,"Batata pre-frita congelada 2,5kg",pct,15
2026-05-09,Loja 002,SKU-4002,Anel de cebola congelado 1kg,pct,4
2026-05-09,Loja 002,SKU-4003,Nuggets congelado 2kg,pct,5
2026-05-09,Loja 002,SKU-5001,Oleo de soja 900ml cx 20un,cx,3
2026-05-09,Loja 002,SKU-5002,"Ketchup galao 3,2kg",gl,2
2026-05-09,Loja 002,SKU-5003,Maionese galao 3kg,gl,3
2026-05-09,Loja 002,SKU-5004,Mostarda galao 3kg,gl,1
2026-05-09,Loja 002,SKU-5005,Sal refinado 1kg,un,1
2026-05-09,Loja 002,SKU-6001,Alface americana un,un,33
2026-05-09,Loja 002,SKU-6002,Tomate salada kg,kg,19.3
2026-05-09,Loja 002,SKU-6003,Cebola kg,kg,11.1
2026-05-09,Loja 002,SKU-6004,Picles fatiado 2kg,pt,2
2026-05-09,Loja 002,SKU-7001,Refrigerante lata cx 24un,cx,12
2026-05-09,Loja 002,SKU-7002,Refrigerante 2L cx 6un,cx,5
2026-05-09,Loja 002,SKU-7003,Suco caixinha cx 12un,cx,3
2026-05-09,Loja 002,SKU-7004,Agua mineral 500ml cx 12un,cx,7
2026-05-09,Loja 002,SKU-8001,Embalagem sanduiche pct 100un,pct,16
2026-05-09,Loja 002,SKU-8002,Copo 400ml pct 50un,pct,8
2026-05-09,Loja 002,SKU-8003,Sacola delivery pct 100un,pct,6
2026-05-09,Loja 002,SKU-8004,Guardanapo pct 1000un,pct,4
2026-05-09,Loja 003,SKU-1001,Hamburguer bovino 180g cx 24un,cx,15
2026-05-09,Loja 003,SKU-1002,File de frango congelado 2kg,pct,27
2026-05-09,Loja 003,SKU-1003,Bacon fatiado 1kg,pct,12
2026-05-09,Loja 003,SKU-1004,Linguica toscana 3kg,pct,9
2026-05-09,Loja 003,SKU-2001,Pao de hamburguer pct 12un,pct,26
2026-05-09,Loja 003,SKU-2002,Pao brioche pct 12un,pct,17
2026-05-09,Loja 003,SKU-3001,Queijo cheddar fatiado 1kg,pct,19
2026-05-09,Loja 003,SKU-3002,Queijo mussarela 5kg,pct,12
2026-05-09,Loja 003,SKU-3003,"Requeijao cremoso 1,5kg",pt,6
2026-05-09,Loja 003,SKU-3004,Manteiga 500g,un,9
2026-05-09,Loja 003,SKU-4001,"Batata pre-frita congelada 2,5kg",pct,36
2026-05-09,Loja 003,SKU-4002,Anel de cebola congelado 1kg,pct,6
2026-05-09,Loja 003,SKU-4003,Nuggets congelado 2kg,pct,10
2026-05-09,Loja 003,SKU-5001,Oleo de soja 900ml cx 20un,cx,6
2026-05-09,Loja 003,SKU-5002,"Ketchup galao 3,2kg",gl,3
2026-05-09,Loja 003,SKU-5003,Maionese galao 3kg,gl,5
2026-05-09,Loja 003,SKU-5004,Mostarda galao 3kg,gl,2
2026-05-09,Loja 003,SKU-5005,Sal refinado 1kg,un,3
2026-05-09,Loja 003,SKU-6001,Alface americana un,un,37
2026-05-09,Loja 003,SKU-6002,Tomate salada kg,kg,29.7
2026-05-09,Loja 003,SKU-6003,Cebola kg,kg,22.6
2026-05-09,Loja 003,SKU-6004,Picles fatiado 2kg,pt,5
2026-05-09,Loja 003,SKU-7001,Refrigerante lata cx 24un,cx,22
2026-05-09,Loja 003,SKU-7002,Refrigerante 2L cx 6un,cx,8
2026-05-09,Loja 003,SKU-7003,Suco caixinha cx 12un,cx,5
2026-05-09,Loja 003,SKU-7004,Agua mineral 500ml cx 12un,cx,11
2026-05-09,Loja 003,SKU-8001,Embalagem sanduiche pct 100un,pct,20
2026-05-09,Loja 003,SKU-8002,Copo 400ml pct 50un,pct,14
2026-05-09,Loja 003,SKU-8003,Sacola delivery pct 100un,pct,15
2026-05-09,Loja 003,SKU-8004,Guardanapo pct 1000un,pct,6
2026-05-10,Loja 001,SKU-1001,Hamburguer bovino 180g cx 24un,cx,11
2026-05-10,Loja 001,SKU-1002,File de frango congelado 2kg,pct,18
2026-05-10,Loja 001,SKU-1003,Bacon fatiado 1kg,pct,5
2026-05-10,Loja 001,SKU-1004,Linguica toscana 3kg,pct,5
2026-05-10,Loja 001,SKU-2001,Pao de hamburguer pct 12un,pct,31
2026-05-10,Loja 001,SKU-2002,Pao brioche pct 12un,pct,10
2026-05-10,Loja 001,SKU-3001,Queijo cheddar fatiado 1kg,pct,13
2026-05-10,Loja 001,SKU-3002,Queijo mussarela 5kg,pct,9
2026-05-10,Loja 001,SKU-3003,"Requeijao cremoso 1,5kg",pt,4
2026-05-10,Loja 001,SKU-3004,Manteiga 500g,un,6
2026-05-10,Loja 001,SKU-4001,"Batata pre-frita congelada 2,5kg",pct,23
2026-05-10,Loja 001,SKU-4002,Anel de cebola congelado 1kg,pct,4
2026-05-10,Loja 001,SKU-4003,Nuggets congelado 2kg,pct,5
2026-05-10,Loja 001,SKU-5001,Oleo de soja 900ml cx 20un,cx,3
2026-05-10,Loja 001,SKU-5002,"Ketchup galao 3,2kg",gl,2
2026-05-10,Loja 001,SKU-5003,Maionese galao 3kg,gl,3
2026-05-10,Loja 001,SKU-5004,Mostarda galao 3kg,gl,1
2026-05-10,Loja 001,SKU-5005,Sal refinado 1kg,un,1
2026-05-10,Loja 001,SKU-6001,Alface americana un,un,26
2026-05-10,Loja 001,SKU-6002,Tomate salada kg,kg,18.1
2026-05-10,Loja 001,SKU-6003,Cebola kg,kg,12.8
2026-05-10,Loja 001,SKU-6004,Picles fatiado 2kg,pt,2
2026-05-10,Loja 001,SKU-7001,Refrigerante lata cx 24un,cx,9
2026-05-10,Loja 001,SKU-7002,Refrigerante 2L cx 6un,cx,6
2026-05-10,Loja 001,SKU-7003,Suco caixinha cx 12un,cx,3
2026-05-10,Loja 001,SKU-7004,Agua mineral 500ml cx 12un,cx,7
2026-05-10,Loja 001,SKU-8001,Embalagem sanduiche pct 100un,pct,18
2026-05-10,Loja 001,SKU-8002,Copo 400ml pct 50un,pct,11
2026-05-10,Loja 001,SKU-8003,Sacola delivery pct 100un,pct,9
2026-05-10,Loja 001,SKU-8004,Guardanapo pct 1000un,pct,5
2026-05-10,Loja 002,SKU-1001,Hamburguer bovino 180g cx 24un,cx,5
2026-05-10,Loja 002,SKU-1002,File de frango congelado 2kg,pct,12
2026-05-10,Loja 002,SKU-1003,Bacon fatiado 1kg,pct,4
2026-05-10,Loja 002,SKU-1004,Linguica toscana 3kg,pct,4
2026-05-10,Loja 002,SKU-2001,Pao de hamburguer pct 12un,pct,11
2026-05-10,Loja 002,SKU-2002,Pao brioche pct 12un,pct,8
2026-05-10,Loja 002,SKU-3001,Queijo cheddar fatiado 1kg,pct,10
2026-05-10,Loja 002,SKU-3002,Queijo mussarela 5kg,pct,5
2026-05-10,Loja 002,SKU-3003,"Requeijao cremoso 1,5kg",pt,3
2026-05-10,Loja 002,SKU-3004,Manteiga 500g,un,4
2026-05-10,Loja 002,SKU-4001,"Batata pre-frita congelada 2,5kg",pct,13
2026-05-10,Loja 002,SKU-4002,Anel de cebola congelado 1kg,pct,3
2026-05-10,Loja 002,SKU-4003,Nuggets congelado 2kg,pct,3
2026-05-10,Loja 002,SKU-5001,Oleo de soja 900ml cx 20un,cx,2
2026-05-10,Loja 002,SKU-5002,"Ketchup galao 3,2kg",gl,2
2026-05-10,Loja 002,SKU-5003,Maionese galao 3kg,gl,2
2026-05-10,Loja 002,SKU-5004,Mostarda galao 3kg,gl,1
2026-05-10,Loja 002,SKU-5005,Sal refinado 1kg,un,1
2026-05-10,Loja 002,SKU-6001,Alface americana un,un,23
2026-05-10,Loja 002,SKU-6002,Tomate salada kg,kg,11.8
2026-05-10,Loja 002,SKU-6003,Cebola kg,kg,7.2
2026-05-10,Loja 002,SKU-6004,Picles fatiado 2kg,pt,1
2026-05-10,Loja 002,SKU-7001,Refrigerante lata cx 24un,cx,8
2026-05-10,Loja 002,SKU-7002,Refrigerante 2L cx 6un,cx,3
2026-05-10,Loja 002,SKU-7003,Suco caixinha cx 12un,cx,3
2026-05-10,Loja 002,SKU-7004,Agua mineral 500ml cx 12un,cx,5
2026-05-10,Loja 002,SKU-8001,Embalagem sanduiche pct 100un,pct,13
2026-05-10,Loja 002,SKU-8002,Copo 400ml pct 50un,pct,7
2026-05-10,Loja 002,SKU-8003,Sacola delivery pct 100un,pct,6
2026-05-10,Loja 002,SKU-8004,Guardanapo pct 1000un,pct,3
2026-05-10,Loja 003,SKU-1001,Hamburguer bovino 180g cx 24un,cx,13
2026-05-10,Loja 003,SKU-1002,File de frango congelado 2kg,pct,18
2026-05-10,Loja 003,SKU-1003,Bacon fatiado 1kg,pct,10
2026-05-10,Loja 003,SKU-1004,Linguica toscana 3kg,pct,8
2026-05-10,Loja 003,SKU-2001,Pao de hamburguer pct 12un,pct,39
2026-05-10,Loja 003,SKU-2002,Pao brioche pct 12un,pct,11
2026-05-10,Loja 003,SKU-3001,Queijo cheddar fatiado 1kg,pct,13
2026-05-10,Loja 003,SKU-3002,Queijo mussarela 5kg,pct,13
2026-05-10,Loja 003,SKU-3003,"Requeijao cremoso 1,5kg",pt,4
2026-05-10,Loja 003,SKU-3004,Manteiga 500g,un,6
2026-05-10,Loja 003,SKU-4001,"Batata pre-frita congelada 2,5kg",pct,30
2026-05-10,Loja 003,SKU-4002,Anel de cebola congelado 1kg,pct,4
2026-05-10,Loja 003,SKU-4003,Nuggets congelado 2kg,pct,6
2026-05-10,Loja 003,SKU-5001,Oleo de soja 900ml cx 20un,cx,5
2026-05-10,Loja 003,SKU-5002,"Ketchup galao 3,2kg",gl,3
2026-05-10,Loja 003,SKU-5003,Maionese galao 3kg,gl,4
2026-05-10,Loja 003,SKU-5004,Mostarda galao 3kg,gl,2
2026-05-10,Loja 003,SKU-5005,Sal refinado 1kg,un,2
2026-05-10,Loja 003,SKU-6001,Alface americana un,un,48
2026-05-10,Loja 003,SKU-6002,Tomate salada kg,kg,36.6
2026-05-10,Loja 003,SKU-6003,Cebola kg,kg,18.9
2026-05-10,Loja 003,SKU-6004,Picles fatiado 2kg,pt,3
2026-05-10,Loja 003,SKU-7001,Refrigerante lata cx 24un,cx,17
2026-05-10,Loja 003,SKU-7002,Refrigerante 2L cx 6un,cx,5
2026-05-10,Loja 003,SKU-7003,Suco caixinha cx 12un,cx,5
2026-05-10,Loja 003,SKU-7004,Agua mineral 500ml cx 12un,cx,7
2026-05-10,Loja 003,SKU-8001,Embalagem sanduiche pct 100un,pct,19
2026-05-10,Loja 003,SKU-8002,Copo 400ml pct 50un,pct,12
2026-05-10,Loja 003,SKU-8003,Sacola delivery pct 100un,pct,9
2026-05-10,Loja 003,SKU-8004,Guardanapo pct 1000un,pct,6
2026-05-11,Loja 001,SKU-1001,Hamburguer bovino 180g cx 24un,cx,8
2026-05-11,Loja 001,SKU-1002,File de frango congelado 2kg,pct,13
2026-05-11,Loja 001,SKU-1003,Bacon fatiado 1kg,pct,5
2026-05-11,Loja 001,SKU-1004,Linguica toscana 3kg,pct,5
2026-05-11,Loja 001,SKU-2001,Pao de hamburguer pct 12un,pct,14
2026-05-11,Loja 001,SKU-2002,Pao brioche pct 12un,pct,10
2026-05-11,Loja 001,SKU-3001,Queijo cheddar fatiado 1kg,pct,11
2026-05-11,Loja 001,SKU-3002,Queijo mussarela 5kg,pct,8
2026-05-11,Loja 001,SKU-3003,"Requeijao cremoso 1,5kg",pt,4
2026-05-11,Loja 001,SKU-3004,Manteiga 500g,un,4
2026-05-11,Loja 001,SKU-4001,"Batata pre-frita congelada 2,5kg",pct,18
2026-05-11,Loja 001,SKU-4002,Anel de cebola congelado 1kg,pct,3
2026-05-11,Loja 001,SKU-4003,Nuggets congelado 2kg,pct,4
2026-05-11,Loja 001,SKU-5001,Oleo de soja 900ml cx 20un,cx,3
2026-05-11,Loja 001,SKU-5002,"Ketchup galao 3,2kg",gl,2
2026-05-11,Loja 001,SKU-5003,Maionese galao 3kg,gl,2
2026-05-11,Loja 001,SKU-5004,Mostarda galao 3kg,gl,1
2026-05-11,Loja 001,SKU-5005,Sal refinado 1kg,un,1
2026-05-11,Loja 001,SKU-6001,Alface americana un,un,16
2026-05-11,Loja 001,SKU-6002,Tomate salada kg,kg,21.4
2026-05-11,Loja 001,SKU-6003,Cebola kg,kg,8.2
2026-05-11,Loja 001,SKU-6004,Picles fatiado 2kg,pt,2
2026-05-11,Loja 001,SKU-7001,Refrigerante lata cx 24un,cx,7
2026-05-11,Loja 001,SKU-7002,Refrigerante 2L cx 6un,cx,3
2026-05-11,Loja 001,SKU-7003,Suco caixinha cx 12un,cx,3
2026-05-11,Loja 001,SKU-7004,Agua mineral 500ml cx 12un,cx,4
2026-05-11,Loja 001,SKU-8001,Embalagem sanduiche pct 100un,pct,8
2026-05-11,Loja 001,SKU-8002,Copo 400ml pct 50un,pct,7
2026-05-11,Loja 001,SKU-8003,Sacola delivery pct 100un,pct,6
2026-05-11,Loja 001,SKU-8004,Guardanapo pct 1000un,pct,3
2026-05-11,Loja 002,SKU-1001,Hamburguer bovino 180g cx 24un,cx,6
2026-05-11,Loja 002,SKU-1002,File de frango congelado 2kg,pct,9
2026-05-11,Loja 002,SKU-1003,Bacon fatiado 1kg,pct,4
2026-05-11,Loja 002,SKU-1004,Linguica toscana 3kg,pct,3
2026-05-11,Loja 002,SKU-2001,Pao de hamburguer pct 12un,pct,13
2026-05-11,Loja 002,SKU-2002,Pao brioche pct 12un,pct,7
2026-05-11,Loja 002,SKU-3001,Queijo cheddar fatiado 1kg,pct,5
2026-05-11,Loja 002,SKU-3002,Queijo mussarela 5kg,pct,4
2026-05-11,Loja 002,SKU-3003,"Requeijao cremoso 1,5kg",pt,2
2026-05-11,Loja 002,SKU-3004,Manteiga 500g,un,3
2026-05-11,Loja 002,SKU-4001,"Batata pre-frita congelada 2,5kg",pct,13
2026-05-11,Loja 002,SKU-4002,Anel de cebola congelado 1kg,pct,2
2026-05-11,Loja 002,SKU-4003,Nuggets congelado 2kg,pct,3
2026-05-11,Loja 002,SKU-5001,Oleo de soja 900ml cx 20un,cx,1
2026-05-11,Loja 002,SKU-5002,"Ketchup galao 3,2kg",gl,1
2026-05-11,Loja 002,SKU-5003,Maionese galao 3kg,gl,2
2026-05-11,Loja 002,SKU-5004,Mostarda galao 3kg,gl,1
2026-05-11,Loja 002,SKU-5005,Sal refinado 1kg,un,1
2026-05-11,Loja 002,SKU-6001,Alface americana un,un,13
2026-05-11,Loja 002,SKU-6002,Tomate salada kg,kg,12.5
2026-05-11,Loja 002,SKU-6003,Cebola kg,kg,6.8
2026-05-11,Loja 002,SKU-6004,Picles fatiado 2kg,pt,2
2026-05-11,Loja 002,SKU-7001,Refrigerante lata cx 24un,cx,5
2026-05-11,Loja 002,SKU-7002,Refrigerante 2L cx 6un,cx,3
2026-05-11,Loja 002,SKU-7003,Suco caixinha cx 12un,cx,2
2026-05-11,Loja 002,SKU-7004,Agua mineral 500ml cx 12un,cx,3
2026-05-11,Loja 002,SKU-8001,Embalagem sanduiche pct 100un,pct,7
2026-05-11,Loja 002,SKU-8002,Copo 400ml pct 50un,pct,4
2026-05-11,Loja 002,SKU-8003,Sacola delivery pct 100un,pct,4
2026-05-11,Loja 002,SKU-8004,Guardanapo pct 1000un,pct,2
2026-05-11,Loja 003,SKU-1001,Hamburguer bovino 180g cx 24un,cx,7
2026-05-11,Loja 003,SKU-1002,File de frango congelado 2kg,pct,13
2026-05-11,Loja 003,SKU-1003,Bacon fatiado 1kg,pct,6
2026-05-11,Loja 003,SKU-1004,Linguica toscana 3kg,pct,6
2026-05-11,Loja 003,SKU-2001,Pao de hamburguer pct 12un,pct,31
2026-05-11,Loja 003,SKU-2002,Pao brioche pct 12un,pct,10
2026-05-11,Loja 003,SKU-3001,Queijo cheddar fatiado 1kg,pct,14
2026-05-11,Loja 003,SKU-3002,Queijo mussarela 5kg,pct,7
2026-05-11,Loja 003,SKU-3003,"Requeijao cremoso 1,5kg",pt,3
2026-05-11,Loja 003,SKU-3004,Manteiga 500g,un,4
2026-05-11,Loja 003,SKU-4001,"Batata pre-frita congelada 2,5kg",pct,21
2026-05-11,Loja 003,SKU-4002,Anel de cebola congelado 1kg,pct,3
2026-05-11,Loja 003,SKU-4003,Nuggets congelado 2kg,pct,5
2026-05-11,Loja 003,SKU-5001,Oleo de soja 900ml cx 20un,cx,3
2026-05-11,Loja 003,SKU-5002,"Ketchup galao 3,2kg",gl,3
2026-05-11,Loja 003,SKU-5003,Maionese galao 3kg,gl,2
2026-05-11,Loja 003,SKU-5004,Mostarda galao 3kg,gl,1
2026-05-11,Loja 003,SKU-5005,Sal refinado 1kg,un,1
2026-05-11,Loja 003,SKU-6001,Alface americana un,un,39
2026-05-11,Loja 003,SKU-6002,Tomate salada kg,kg,25.4
2026-05-11,Loja 003,SKU-6003,Cebola kg,kg,11.2
2026-05-11,Loja 003,SKU-6004,Picles fatiado 2kg,pt,2
2026-05-11,Loja 003,SKU-7001,Refrigerante lata cx 24un,cx,11
2026-05-11,Loja 003,SKU-7002,Refrigerante 2L cx 6un,cx,4
2026-05-11,Loja 003,SKU-7003,Suco caixinha cx 12un,cx,3
2026-05-11,Loja 003,SKU-7004,Agua mineral 500ml cx 12un,cx,5
2026-05-11,Loja 003,SKU-8001,Embalagem sanduiche pct 100un,pct,11
2026-05-11,Loja 003,SKU-8002,Copo 400ml pct 50un,pct,7
2026-05-11,Loja 003,SKU-8003,Sacola delivery pct 100un,pct,7
2026-05-11,Loja 003,SKU-8004,Guardanapo pct 1000un,pct,5
2026-05-12,Loja 001,SKU-1001,Hamburguer bovino 180g cx 24un,cx,7
2026-05-12,Loja 001,SKU-1002,File de frango congelado 2kg,pct,13
2026-05-12,Loja 001,SKU-1003,Bacon fatiado 1kg,pct,5
2026-05-12,Loja 001,SKU-1004,Linguica toscana 3kg,pct,3
2026-05-12,Loja 001,SKU-2001,Pao de hamburguer pct 12un,pct,16
2026-05-12,Loja 001,SKU-2002,Pao brioche pct 12un,pct,11
2026-05-12,Loja 001,SKU-3001,Queijo cheddar fatiado 1kg,pct,9
2026-05-12,Loja 001,SKU-3002,Queijo mussarela 5kg,pct,5
2026-05-12,Loja 001,SKU-3003,"Requeijao cremoso 1,5kg",pt,3
2026-05-12,Loja 001,SKU-3004,Manteiga 500g,un,5
2026-05-12,Loja 001,SKU-4001,"Batata pre-frita congelada 2,5kg",pct,19
2026-05-12,Loja 001,SKU-4002,Anel de cebola congelado 1kg,pct,3
2026-05-12,Loja 001,SKU-4003,Nuggets congelado 2kg,pct,4
2026-05-12,Loja 001,SKU-5001,Oleo de soja 900ml cx 20un,cx,3
2026-05-12,Loja 001,SKU-5002,"Ketchup galao 3,2kg",gl,2
2026-05-12,Loja 001,SKU-5003,Maionese galao 3kg,gl,3
2026-05-12,Loja 001,SKU-5004,Mostarda galao 3kg,gl,1
2026-05-12,Loja 001,SKU-5005,Sal refinado 1kg,un,1
2026-05-12,Loja 001,SKU-6001,Alface americana un,un,30
2026-05-12,Loja 001,SKU-6002,Tomate salada kg,kg,14.6
2026-05-12,Loja 001,SKU-6003,Cebola kg,kg,7.9
2026-05-12,Loja 001,SKU-6004,Picles fatiado 2kg,pt,1
2026-05-12,Loja 001,SKU-7001,Refrigerante lata cx 24un,cx,9
2026-05-12,Loja 001,SKU-7002,Refrigerante 2L cx 6un,cx,4
2026-05-12,Loja 001,SKU-7003,Suco caixinha cx 12un,cx,3
2026-05-12,Loja 001,SKU-7004,Agua mineral 500ml cx 12un,cx,6
2026-05-12,Loja 001,SKU-8001,Embalagem sanduiche pct 100un,pct,11
2026-05-12,Loja 001,SKU-8002,Copo 400ml pct 50un,pct,8
2026-05-12,Loja 001,SKU-8003,Sacola delivery pct 100un,pct,6
2026-05-12,Loja 001,SKU-8004,Guardanapo pct 1000un,pct,4
2026-05-12,Loja 002,SKU-1001,Hamburguer bovino 180g cx 24un,cx,6
2026-05-12,Loja 002,SKU-1002,File de frango congelado 2kg,pct,11
2026-05-12,Loja 002,SKU-1003,Bacon fatiado 1kg,pct,5
2026-05-12,Loja 002,SKU-1004,Linguica toscana 3kg,pct,3
2026-05-12,Loja 002,SKU-2001,Pao de hamburguer pct 12un,pct,16
2026-05-12,Loja 002,SKU-2002,Pao brioche pct 12un,pct,7
2026-05-12,Loja 002,SKU-3001,Queijo cheddar fatiado 1kg,pct,6
2026-05-12,Loja 002,SKU-3002,Queijo mussarela 5kg,pct,6
2026-05-12,Loja 002,SKU-3003,"Requeijao cremoso 1,5kg",pt,2
2026-05-12,Loja 002,SKU-3004,Manteiga 500g,un,3
2026-05-12,Loja 002,SKU-4001,"Batata pre-frita congelada 2,5kg",pct,12
2026-05-12,Loja 002,SKU-4002,Anel de cebola congelado 1kg,pct,2
2026-05-12,Loja 002,SKU-4003,Nuggets congelado 2kg,pct,3
2026-05-12,Loja 002,SKU-5001,Oleo de soja 900ml cx 20un,cx,2
2026-05-12,Loja 002,SKU-5002,"Ketchup galao 3,2kg",gl,1
2026-05-12,Loja 002,SKU-5003,Maionese galao 3kg,gl,1
2026-05-12,Loja 002,SKU-5004,Mostarda galao 3kg,gl,1
2026-05-12,Loja 002,SKU-5005,Sal refinado 1kg,un,1
2026-05-12,Loja 002,SKU-6001,Alface americana un,un,17
2026-05-12,Loja 002,SKU-6002,Tomate salada kg,kg,16.8
2026-05-12,Loja 002,SKU-6003,Cebola kg,kg,10.0
2026-05-12,Loja 002,SKU-6004,Picles fatiado 2kg,pt,1
2026-05-12,Loja 002,SKU-7001,Refrigerante lata cx 24un,cx,7
2026-05-12,Loja 002,SKU-7002,Refrigerante 2L cx 6un,cx,3
2026-05-12,Loja 002,SKU-7003,Suco caixinha cx 12un,cx,2
2026-05-12,Loja 002,SKU-7004,Agua mineral 500ml cx 12un,cx,3
2026-05-12,Loja 002,SKU-8001,Embalagem sanduiche pct 100un,pct,7
2026-05-12,Loja 002,SKU-8002,Copo 400ml pct 50un,pct,5
2026-05-12,Loja 002,SKU-8003,Sacola delivery pct 100un,pct,3
2026-05-12,Loja 002,SKU-8004,Guardanapo pct 1000un,pct,2
2026-05-12,Loja 003,SKU-1001,Hamburguer bovino 180g cx 24un,cx,10
2026-05-12,Loja 003,SKU-1002,File de frango congelado 2kg,pct,17
2026-05-12,Loja 003,SKU-1003,Bacon fatiado 1kg,pct,7
2026-05-12,Loja 003,SKU-1004,Linguica toscana 3kg,pct,5
2026-05-12,Loja 003,SKU-2001,Pao de hamburguer pct 12un,pct,28
2026-05-12,Loja 003,SKU-2002,Pao brioche pct 12un,pct,10
2026-05-12,Loja 003,SKU-3001,Queijo cheddar fatiado 1kg,pct,13
2026-05-12,Loja 003,SKU-3002,Queijo mussarela 5kg,pct,8
2026-05-12,Loja 003,SKU-3003,"Requeijao cremoso 1,5kg",pt,5
2026-05-12,Loja 003,SKU-3004,Manteiga 500g,un,6
2026-05-12,Loja 003,SKU-4001,"Batata pre-frita congelada 2,5kg",pct,24
2026-05-12,Loja 003,SKU-4002,Anel de cebola congelado 1kg,pct,4
2026-05-12,Loja 003,SKU-4003,Nuggets congelado 2kg,pct,5
2026-05-12,Loja 003,SKU-5001,Oleo de soja 900ml cx 20un,cx,3
2026-05-12,Loja 003,SKU-5002,"Ketchup galao 3,2kg",gl,2
2026-05-12,Loja 003,SKU-5003,Maionese galao 3kg,gl,4
2026-05-12,Loja 003,SKU-5004,Mostarda galao 3kg,gl,1
2026-05-12,Loja 003,SKU-5005,Sal refinado 1kg,un,1
2026-05-12,Loja 003,SKU-6001,Alface americana un,un,37
2026-05-12,Loja 003,SKU-6002,Tomate salada kg,kg,19.8
2026-05-12,Loja 003,SKU-6003,Cebola kg,kg,15.2
2026-05-12,Loja 003,SKU-6004,Picles fatiado 2kg,pt,2
2026-05-12,Loja 003,SKU-7001,Refrigerante lata cx 24un,cx,9
2026-05-12,Loja 003,SKU-7002,Refrigerante 2L cx 6un,cx,5
2026-05-12,Loja 003,SKU-7003,Suco caixinha cx 12un,cx,3
2026-05-12,Loja 003,SKU-7004,Agua mineral 500ml cx 12un,cx,5
2026-05-12,Loja 003,SKU-8001,Embalagem sanduiche pct 100un,pct,12
2026-05-12,Loja 003,SKU-8002,Copo 400ml pct 50un,pct,8
2026-05-12,Loja 003,SKU-8003,Sacola delivery pct 100un,pct,7
2026-05-12,Loja 003,SKU-8004,Guardanapo pct 1000un,pct,5
2026-05-13,Loja 001,SKU-1001,Hamburguer bovino 180g cx 24un,cx,8
2026-05-13,Loja 001,SKU-1002,File de frango congelado 2kg,pct,11
2026-05-13,Loja 001,SKU-1003,Bacon fatiado 1kg,pct,5
2026-05-13,Loja 001,SKU-1004,Linguica toscana 3kg,pct,4
2026-05-13,Loja 001,SKU-2001,Pao de hamburguer pct 12un,pct,14
2026-05-13,Loja 001,SKU-2002,Pao brioche pct 12un,pct,8
2026-05-13,Loja 001,SKU-3001,Queijo cheddar fatiado 1kg,pct,8
2026-05-13,Loja 001,SKU-3002,Queijo mussarela 5kg,pct,6
2026-05-13,Loja 001,SKU-3003,"Requeijao cremoso 1,5kg",pt,3
2026-05-13,Loja 001,SKU-3004,Manteiga 500g,un,4
2026-05-13,Loja 001,SKU-4001,"Batata pre-frita congelada 2,5kg",pct,15
2026-05-13,Loja 001,SKU-4002,Anel de cebola congelado 1kg,pct,4
2026-05-13,Loja 001,SKU-4003,Nuggets congelado 2kg,pct,4
2026-05-13,Loja 001,SKU-5001,Oleo de soja 900ml cx 20un,cx,3
2026-05-13,Loja 001,SKU-5002,"Ketchup galao 3,2kg",gl,2
2026-05-13,Loja 001,SKU-5003,Maionese galao 3kg,gl,3
2026-05-13,Loja 001,SKU-5004,Mostarda galao 3kg,gl,1
2026-05-13,Loja 001,SKU-5005,Sal refinado 1kg,un,1
2026-05-13,Loja 001,SKU-6001,Alface americana un,un,22
2026-05-13,Loja 001,SKU-6002,Tomate salada kg,kg,18.1
2026-05-13,Loja 001,SKU-6003,Cebola kg,kg,11.5
2026-05-13,Loja 001,SKU-6004,Picles fatiado 2kg,pt,2
2026-05-13,Loja 001,SKU-7001,Refrigerante lata cx 24un,cx,9
2026-05-13,Loja 001,SKU-7002,Refrigerante 2L cx 6un,cx,3
2026-05-13,Loja 001,SKU-7003,Suco caixinha cx 12un,cx,3
2026-05-13,Loja 001,SKU-7004,Agua mineral 500ml cx 12un,cx,5
2026-05-13,Loja 001,SKU-8001,Embalagem sanduiche pct 100un,pct,14
2026-05-13,Loja 001,SKU-8002,Copo 400ml pct 50un,pct,8
2026-05-13,Loja 001,SKU-8003,Sacola delivery pct 100un,pct,5
2026-05-13,Loja 001,SKU-8004,Guardanapo pct 1000un,pct,4
2026-05-13,Loja 002,SKU-1001,Hamburguer bovino 180g cx 24un,cx,6
2026-05-13,Loja 002,SKU-1002,File de frango congelado 2kg,pct,11
2026-05-13,Loja 002,SKU-1003,Bacon fatiado 1kg,pct,4
2026-05-13,Loja 002,SKU-1004,Linguica toscana 3kg,pct,3
2026-05-13,Loja 002,SKU-2001,Pao de hamburguer pct 12un,pct,20
2026-05-13,Loja 002,SKU-2002,Pao brioche pct 12un,pct,4
2026-05-13,Loja 002,SKU-3001,Queijo cheddar fatiado 1kg,pct,6
2026-05-13,Loja 002,SKU-3002,Queijo mussarela 5kg,pct,5
2026-05-13,Loja 002,SKU-3003,"Requeijao cremoso 1,5kg",pt,2
2026-05-13,Loja 002,SKU-3004,Manteiga 500g,un,3
2026-05-13,Loja 002,SKU-4001,"Batata pre-frita congelada 2,5kg",pct,14
2026-05-13,Loja 002,SKU-4002,Anel de cebola congelado 1kg,pct,2
2026-05-13,Loja 002,SKU-4003,Nuggets congelado 2kg,pct,3
2026-05-13,Loja 002,SKU-5001,Oleo de soja 900ml cx 20un,cx,2
2026-05-13,Loja 002,SKU-5002,"Ketchup galao 3,2kg",gl,1
2026-05-13,Loja 002,SKU-5003,Maionese galao 3kg,gl,2
2026-05-13,Loja 002,SKU-5004,Mostarda galao 3kg,gl,1
2026-05-13,Loja 002,SKU-5005,Sal refinado 1kg,un,1
2026-05-13,Loja 002,SKU-6001,Alface americana un,un,22
2026-05-13,Loja 002,SKU-6002,Tomate salada kg,kg,17.6
2026-05-13,Loja 002,SKU-6003,Cebola kg,kg,7.9
2026-05-13,Loja 002,SKU-6004,Picles fatiado 2kg,pt,2
2026-05-13,Loja 002,SKU-7001,Refrigerante lata cx 24un,cx,7
2026-05-13,Loja 002,SKU-7002,Refrigerante 2L cx 6un,cx,3
2026-05-13,Loja 002,SKU-7003,Suco caixinha cx 12un,cx,2
2026-05-13,Loja 002,SKU-7004,Agua mineral 500ml cx 12un,cx,4
2026-05-13,Loja 002,SKU-8001,Embalagem sanduiche pct 100un,pct,9
2026-05-13,Loja 002,SKU-8002,Copo 400ml pct 50un,pct,6
2026-05-13,Loja 002,SKU-8003,Sacola delivery pct 100un,pct,6
2026-05-13,Loja 002,SKU-8004,Guardanapo pct 1000un,pct,3
2026-05-13,Loja 003,SKU-1001,Hamburguer bovino 180g cx 24un,cx,9
2026-05-13,Loja 003,SKU-1002,File de frango congelado 2kg,pct,14
2026-05-13,Loja 003,SKU-1003,Bacon fatiado 1kg,pct,7
2026-05-13,Loja 003,SKU-1004,Linguica toscana 3kg,pct,5
2026-05-13,Loja 003,SKU-2001,Pao de hamburguer pct 12un,pct,19
2026-05-13,Loja 003,SKU-2002,Pao brioche pct 12un,pct,15
2026-05-13,Loja 003,SKU-3001,Queijo cheddar fatiado 1kg,pct,10
2026-05-13,Loja 003,SKU-3002,Queijo mussarela 5kg,pct,11
2026-05-13,Loja 003,SKU-3003,"Requeijao cremoso 1,5kg",pt,4
2026-05-13,Loja 003,SKU-3004,Manteiga 500g,un,7
2026-05-13,Loja 003,SKU-4001,"Batata pre-frita congelada 2,5kg",pct,22
2026-05-13,Loja 003,SKU-4002,Anel de cebola congelado 1kg,pct,4
2026-05-13,Loja 003,SKU-4003,Nuggets congelado 2kg,pct,5
2026-05-13,Loja 003,SKU-5001,Oleo de soja 900ml cx 20un,cx,3
2026-05-13,Loja 003,SKU-5002,"Ketchup galao 3,2kg",gl,2
2026-05-13,Loja 003,SKU-5003,Maionese galao 3kg,gl,3
2026-05-13,Loja 003,SKU-5004,Mostarda galao 3kg,gl,1
2026-05-13,Loja 003,SKU-5005,Sal refinado 1kg,un,2
2026-05-13,Loja 003,SKU-6001,Alface americana un,un,20
2026-05-13,Loja 003,SKU-6002,Tomate salada kg,kg,31.0
2026-05-13,Loja 003,SKU-6003,Cebola kg,kg,11.1
2026-05-13,Loja 003,SKU-6004,Picles fatiado 2kg,pt,3
2026-05-13,Loja 003,SKU-7001,Refrigerante lata cx 24un,cx,9
2026-05-13,Loja 003,SKU-7002,Refrigerante 2L cx 6un,cx,4
2026-05-13,Loja 003,SKU-7003,Suco caixinha cx 12un,cx,4
2026-05-13,Loja 003,SKU-7004,Agua mineral 500ml cx 12un,cx,7
2026-05-13,Loja 003,SKU-8001,Embalagem sanduiche pct 100un,pct,14
2026-05-13,Loja 003,SKU-8002,Copo 400ml pct 50un,pct,10
2026-05-13,Loja 003,SKU-8003,Sacola delivery pct 100un,pct,10
2026-05-13,Loja 003,SKU-8004,Guardanapo pct 1000un,pct,6
2026-05-14,Loja 001,SKU-1001,Hamburguer bovino 180g cx 24un,cx,11
2026-05-14,Loja 001,SKU-1002,File de frango congelado 2kg,pct,15
2026-05-14,Loja 001,SKU-1003,Bacon fatiado 1kg,pct,7
2026-05-14,Loja 001,SKU-1004,Linguica toscana 3kg,pct,4
2026-05-14,Loja 001,SKU-2001,Pao de hamburguer pct 12un,pct,22
2026-05-14,Loja 001,SKU-2002,Pao brioche pct 12un,pct,7
2026-05-14,Loja 001,SKU-3001,Queijo cheddar fatiado 1kg,pct,13
2026-05-14,Loja 001,SKU-3002,Queijo mussarela 5kg,pct,7
2026-05-14,Loja 001,SKU-3003,"Requeijao cremoso 1,5kg",pt,4
2026-05-14,Loja 001,SKU-3004,Manteiga 500g,un,5
2026-05-14,Loja 001,SKU-4001,"Batata pre-frita congelada 2,5kg",pct,23
2026-05-14,Loja 001,SKU-4002,Anel de cebola congelado 1kg,pct,4
2026-05-14,Loja 001,SKU-4003,Nuggets congelado 2kg,pct,4
2026-05-14,Loja 001,SKU-5001,Oleo de soja 900ml cx 20un,cx,2
2026-05-14,Loja 001,SKU-5002,"Ketchup galao 3,2kg",gl,2
2026-05-14,Loja 001,SKU-5003,Maionese galao 3kg,gl,3
2026-05-14,Loja 001,SKU-5004,Mostarda galao 3kg,gl,2
2026-05-14,Loja 001,SKU-5005,Sal refinado 1kg,un,2
2026-05-14,Loja 001,SKU-6001,Alface americana un,un,19
2026-05-14,Loja 001,SKU-6002,Tomate salada kg,kg,16.3
2026-05-14,Loja 001,SKU-6003,Cebola kg,kg,15.6
2026-05-14,Loja 001,SKU-6004,Picles fatiado 2kg,pt,3
2026-05-14,Loja 001,SKU-7001,Refrigerante lata cx 24un,cx,10
2026-05-14,Loja 001,SKU-7002,Refrigerante 2L cx 6un,cx,5
2026-05-14,Loja 001,SKU-7003,Suco caixinha cx 12un,cx,4
2026-05-14,Loja 001,SKU-7004,Agua mineral 500ml cx 12un,cx,7
2026-05-14,Loja 001,SKU-8001,Embalagem sanduiche pct 100un,pct,13
2026-05-14,Loja 001,SKU-8002,Copo 400ml pct 50un,pct,8
2026-05-14,Loja 001,SKU-8003,Sacola delivery pct 100un,pct,8
2026-05-14,Loja 001,SKU-8004,Guardanapo pct 1000un,pct,4
2026-05-14,Loja 002,SKU-1001,Hamburguer bovino 180g cx 24un,cx,6
2026-05-14,Loja 002,SKU-1002,File de frango congelado 2kg,pct,12
2026-05-14,Loja 002,SKU-1003,Bacon fatiado 1kg,pct,4
2026-05-14,Loja 002,SKU-1004,Linguica toscana 3kg,pct,3
2026-05-14,Loja 002,SKU-2001,Pao de hamburguer pct 12un,pct,20
2026-05-14,Loja 002,SKU-2002,Pao brioche pct 12un,pct,5
2026-05-14,Loja 002,SKU-3001,Queijo cheddar fatiado 1kg,pct,8
2026-05-14,Loja 002,SKU-3002,Queijo mussarela 5kg,pct,5
2026-05-14,Loja 002,SKU-3003,"Requeijao cremoso 1,5kg",pt,3
2026-05-14,Loja 002,SKU-3004,Manteiga 500g,un,4
2026-05-14,Loja 002,SKU-4001,"Batata pre-frita congelada 2,5kg",pct,14
2026-05-14,Loja 002,SKU-4002,Anel de cebola congelado 1kg,pct,2
2026-05-14,Loja 002,SKU-4003,Nuggets congelado 2kg,pct,3
2026-05-14,Loja 002,SKU-5001,Oleo de soja 900ml cx 20un,cx,2
2026-05-14,Loja 002,SKU-5002,"Ketchup galao 3,2kg",gl,1
2026-05-14,Loja 002,SKU-5003,Maionese galao 3kg,gl,2
2026-05-14,Loja 002,SKU-5004,Mostarda galao 3kg,gl,1
2026-05-14,Loja 002,SKU-5005,Sal refinado 1kg,un,1
2026-05-14,Loja 002,SKU-6001,Alface americana un,un,20
2026-05-14,Loja 002,SKU-6002,Tomate salada kg,kg,20.7
2026-05-14,Loja 002,SKU-6003,Cebola kg,kg,7.1
2026-05-14,Loja 002,SKU-6004,Picles fatiado 2kg,pt,2
2026-05-14,Loja 002,SKU-7001,Refrigerante lata cx 24un,cx,6
2026-05-14,Loja 002,SKU-7002,Refrigerante 2L cx 6un,cx,4
2026-05-14,Loja 002,SKU-7003,Suco caixinha cx 12un,cx,2
2026-05-14,Loja 002,SKU-7004,Agua mineral 500ml cx 12un,cx,4
2026-05-14,Loja 002,SKU-8001,Embalagem sanduiche pct 100un,pct,12
2026-05-14,Loja 002,SKU-8002,Copo 400ml pct 50un,pct,6
2026-05-14,Loja 002,SKU-8003,Sacola delivery pct 100un,pct,6
2026-05-14,Loja 002,SKU-8004,Guardanapo pct 1000un,pct,3
2026-05-14,Loja 003,SKU-1001,Hamburguer bovino 180g cx 24un,cx,12
2026-05-14,Loja 003,SKU-1002,File de frango congelado 2kg,pct,19
2026-05-14,Loja 003,SKU-1003,Bacon fatiado 1kg,pct,8
2026-05-14,Loja 003,SKU-1004,Linguica toscana 3kg,pct,6
2026-05-14,Loja 003,SKU-2001,Pao de hamburguer pct 12un,pct,42
2026-05-14,Loja 003,SKU-2002,Pao brioche pct 12un,pct,17
2026-05-14,Loja 003,SKU-3001,Queijo cheddar fatiado 1kg,pct,17
2026-05-14,Loja 003,SKU-3002,Queijo mussarela 5kg,pct,12
2026-05-14,Loja 003,SKU-3003,"Requeijao cremoso 1,5kg",pt,5
2026-05-14,Loja 003,SKU-3004,Manteiga 500g,un,6
2026-05-14,Loja 003,SKU-4001,"Batata pre-frita congelada 2,5kg",pct,29
2026-05-14,Loja 003,SKU-4002,Anel de cebola congelado 1kg,pct,5
2026-05-14,Loja 003,SKU-4003,Nuggets congelado 2kg,pct,5
2026-05-14,Loja 003,SKU-5001,Oleo de soja 900ml cx 20un,cx,4
2026-05-14,Loja 003,SKU-5002,"Ketchup galao 3,2kg",gl,2
2026-05-14,Loja 003,SKU-5003,Maionese galao 3kg,gl,4
2026-05-14,Loja 003,SKU-5004,Mostarda galao 3kg,gl,1
2026-05-14,Loja 003,SKU-5005,Sal refinado 1kg,un,2
2026-05-14,Loja 003,SKU-6001,Alface americana un,un,25
2026-05-14,Loja 003,SKU-6002,Tomate salada kg,kg,31.9
2026-05-14,Loja 003,SKU-6003,Cebola kg,kg,15.9
2026-05-14,Loja 003,SKU-6004,Picles fatiado 2kg,pt,2
2026-05-14,Loja 003,SKU-7001,Refrigerante lata cx 24un,cx,11
2026-05-14,Loja 003,SKU-7002,Refrigerante 2L cx 6un,cx,6
2026-05-14,Loja 003,SKU-7003,Suco caixinha cx 12un,cx,5
2026-05-14,Loja 003,SKU-7004,Agua mineral 500ml cx 12un,cx,7
2026-05-14,Loja 003,SKU-8001,Embalagem sanduiche pct 100un,pct,20
2026-05-14,Loja 003,SKU-8002,Copo 400ml pct 50un,pct,14
2026-05-14,Loja 003,SKU-8003,Sacola delivery pct 100un,pct,8
2026-05-14,Loja 003,SKU-8004,Guardanapo pct 1000un,pct,5
2026-05-15,Loja 001,SKU-1001,Hamburguer bovino 180g cx 24un,cx,14
2026-05-15,Loja 001,SKU-1002,File de frango congelado 2kg,pct,15
2026-05-15,Loja 001,SKU-1003,Bacon fatiado 1kg,pct,9
2026-05-15,Loja 001,SKU-1004,Linguica toscana 3kg,pct,6
2026-05-15,Loja 001,SKU-2001,Pao de hamburguer pct 12un,pct,19
2026-05-15,Loja 001,SKU-2002,Pao brioche pct 12un,pct,8
2026-05-15,Loja 001,SKU-3001,Queijo cheddar fatiado 1kg,pct,14
2026-05-15,Loja 001,SKU-3002,Queijo mussarela 5kg,pct,10
2026-05-15,Loja 001,SKU-3003,"Requeijao cremoso 1,5kg",pt,5
2026-05-15,Loja 001,SKU-3004,Manteiga 500g,un,7
2026-05-15,Loja 001,SKU-4001,"Batata pre-frita congelada 2,5kg",pct,30
2026-05-15,Loja 001,SKU-4002,Anel de cebola congelado 1kg,pct,4
2026-05-15,Loja 001,SKU-4003,Nuggets congelado 2kg,pct,7
2026-05-15,Loja 001,SKU-5001,Oleo de soja 900ml cx 20un,cx,4
2026-05-15,Loja 001,SKU-5002,"Ketchup galao 3,2kg",gl,3
2026-05-15,Loja 001,SKU-5003,Maionese galao 3kg,gl,3
2026-05-15,Loja 001,SKU-5004,Mostarda galao 3kg,gl,2
2026-05-15,Loja 001,SKU-5005,Sal refinado 1kg,un,2
2026-05-15,Loja 001,SKU-6001,Alface americana un,un,31
2026-05-15,Loja 001,SKU-6002,Tomate salada kg,kg,16.7
2026-05-15,Loja 001,SKU-6003,Cebola kg,kg,13.3
2026-05-15,Loja 001,SKU-6004,Picles fatiado 2kg,pt,2
2026-05-15,Loja 001,SKU-7001,Refrigerante lata cx 24un,cx,11
2026-05-15,Loja 001,SKU-7002,Refrigerante 2L cx 6un,cx,5
2026-05-15,Loja 001,SKU-7003,Suco caixinha cx 12un,cx,4
2026-05-15,Loja 001,SKU-7004,Agua mineral 500ml cx 12un,cx,7
2026-05-15,Loja 001,SKU-8001,Embalagem sanduiche pct 100un,pct,15
2026-05-15,Loja 001,SKU-8002,Copo 400ml pct 50un,pct,12
2026-05-15,Loja 001,SKU-8003,Sacola delivery pct 100un,pct,11
2026-05-15,Loja 001,SKU-8004,Guardanapo pct 1000un,pct,5
2026-05-15,Loja 002,SKU-1001,Hamburguer bovino 180g cx 24un,cx,8
2026-05-15,Loja 002,SKU-1002,File de frango congelado 2kg,pct,15
2026-05-15,Loja 002,SKU-1003,Bacon fatiado 1kg,pct,6
2026-05-15,Loja 002,SKU-1004,Linguica toscana 3kg,pct,6
2026-05-15,Loja 002,SKU-2001,Pao de hamburguer pct 12un,pct,19
2026-05-15,Loja 002,SKU-2002,Pao brioche pct 12un,pct,12
2026-05-15,Loja 002,SKU-3001,Queijo cheddar fatiado 1kg,pct,10
2026-05-15,Loja 002,SKU-3002,Queijo mussarela 5kg,pct,9
2026-05-15,Loja 002,SKU-3003,"Requeijao cremoso 1,5kg",pt,4
2026-05-15,Loja 002,SKU-3004,Manteiga 500g,un,5
2026-05-15,Loja 002,SKU-4001,"Batata pre-frita congelada 2,5kg",pct,21
2026-05-15,Loja 002,SKU-4002,Anel de cebola congelado 1kg,pct,4
2026-05-15,Loja 002,SKU-4003,Nuggets congelado 2kg,pct,4
2026-05-15,Loja 002,SKU-5001,Oleo de soja 900ml cx 20un,cx,2
2026-05-15,Loja 002,SKU-5002,"Ketchup galao 3,2kg",gl,2
2026-05-15,Loja 002,SKU-5003,Maionese galao 3kg,gl,3
2026-05-15,Loja 002,SKU-5004,Mostarda galao 3kg,gl,1
2026-05-15,Loja 002,SKU-5005,Sal refinado 1kg,un,1
2026-05-15,Loja 002,SKU-6001,Alface americana un,un,34
2026-05-15,Loja 002,SKU-6002,Tomate salada kg,kg,20.5
2026-05-15,Loja 002,SKU-6003,Cebola kg,kg,8.8
2026-05-15,Loja 002,SKU-6004,Picles fatiado 2kg,pt,2
2026-05-15,Loja 002,SKU-7001,Refrigerante lata cx 24un,cx,9
2026-05-15,Loja 002,SKU-7002,Refrigerante 2L cx 6un,cx,3
2026-05-15,Loja 002,SKU-7003,Suco caixinha cx 12un,cx,3
2026-05-15,Loja 002,SKU-7004,Agua mineral 500ml cx 12un,cx,6
2026-05-15,Loja 002,SKU-8001,Embalagem sanduiche pct 100un,pct,11
2026-05-15,Loja 002,SKU-8002,Copo 400ml pct 50un,pct,10
2026-05-15,Loja 002,SKU-8003,Sacola delivery pct 100un,pct,5
2026-05-15,Loja 002,SKU-8004,Guardanapo pct 1000un,pct,3
2026-05-15,Loja 003,SKU-1001,Hamburguer bovino 180g cx 24un,cx,12
2026-05-15,Loja 003,SKU-1002,File de frango congelado 2kg,pct,24
2026-05-15,Loja 003,SKU-1003,Bacon fatiado 1kg,pct,13
2026-05-15,Loja 003,SKU-1004,Linguica toscana 3kg,pct,7
2026-05-15,Loja 003,SKU-2001,Pao de hamburguer pct 12un,pct,36
2026-05-15,Loja 003,SKU-2002,Pao brioche pct 12un,pct,11
2026-05-15,Loja 003,SKU-3001,Queijo cheddar fatiado 1kg,pct,21
2026-05-15,Loja 003,SKU-3002,Queijo mussarela 5kg,pct,12
2026-05-15,Loja 003,SKU-3003,"Requeijao cremoso 1,5kg",pt,6
2026-05-15,Loja 003,SKU-3004,Manteiga 500g,un,11
2026-05-15,Loja 003,SKU-4001,"Batata pre-frita congelada 2,5kg",pct,35
2026-05-15,Loja 003,SKU-4002,Anel de cebola congelado 1kg,pct,7
2026-05-15,Loja 003,SKU-4003,Nuggets congelado 2kg,pct,7
2026-05-15,Loja 003,SKU-5001,Oleo de soja 900ml cx 20un,cx,5
2026-05-15,Loja 003,SKU-5002,"Ketchup galao 3,2kg",gl,4
2026-05-15,Loja 003,SKU-5003,Maionese galao 3kg,gl,4
2026-05-15,Loja 003,SKU-5004,Mostarda galao 3kg,gl,2
2026-05-15,Loja 003,SKU-5005,Sal refinado 1kg,un,2
2026-05-15,Loja 003,SKU-6001,Alface americana un,un,37
2026-05-15,Loja 003,SKU-6002,Tomate salada kg,kg,25.2
2026-05-15,Loja 003,SKU-6003,Cebola kg,kg,19.0
2026-05-15,Loja 003,SKU-6004,Picles fatiado 2kg,pt,3
2026-05-15,Loja 003,SKU-7001,Refrigerante lata cx 24un,cx,14
2026-05-15,Loja 003,SKU-7002,Refrigerante 2L cx 6un,cx,9
2026-05-15,Loja 003,SKU-7003,Suco caixinha cx 12un,cx,6
2026-05-15,Loja 003,SKU-7004,Agua mineral 500ml cx 12un,cx,11
2026-05-15,Loja 003,SKU-8001,Embalagem sanduiche pct 100un,pct,18
2026-05-15,Loja 003,SKU-8002,Copo 400ml pct 50un,pct,14
2026-05-15,Loja 003,SKU-8003,Sacola delivery pct 100un,pct,13
2026-05-15,Loja 003,SKU-8004,Guardanapo pct 1000un,pct,6
2026-05-16,Loja 001,SKU-1001,Hamburguer bovino 180g cx 24un,cx,15
2026-05-16,Loja 001,SKU-1002,File de frango congelado 2kg,pct,25
2026-05-16,Loja 001,SKU-1003,Bacon fatiado 1kg,pct,10
2026-05-16,Loja 001,SKU-1004,Linguica toscana 3kg,pct,8
2026-05-16,Loja 001,SKU-2001,Pao de hamburguer pct 12un,pct,25
2026-05-16,Loja 001,SKU-2002,Pao brioche pct 12un,pct,19
2026-05-16,Loja 001,SKU-3001,Queijo cheddar fatiado 1kg,pct,17
2026-05-16,Loja 001,SKU-3002,Queijo mussarela 5kg,pct,10
2026-05-16,Loja 001,SKU-3003,"Requeijao cremoso 1,5kg",pt,5
2026-05-16,Loja 001,SKU-3004,Manteiga 500g,un,8
2026-05-16,Loja 001,SKU-4001,"Batata pre-frita congelada 2,5kg",pct,27
2026-05-16,Loja 001,SKU-4002,Anel de cebola congelado 1kg,pct,4
2026-05-16,Loja 001,SKU-4003,Nuggets congelado 2kg,pct,8
2026-05-16,Loja 001,SKU-5001,Oleo de soja 900ml cx 20un,cx,4
2026-05-16,Loja 001,SKU-5002,"Ketchup galao 3,2kg",gl,2
2026-05-16,Loja 001,SKU-5003,Maionese galao 3kg,gl,4
2026-05-16,Loja 001,SKU-5004,Mostarda galao 3kg,gl,2
2026-05-16,Loja 001,SKU-5005,Sal refinado 1kg,un,2
2026-05-16,Loja 001,SKU-6001,Alface americana un,un,29
2026-05-16,Loja 001,SKU-6002,Tomate salada kg,kg,39.0
2026-05-16,Loja 001,SKU-6003,Cebola kg,kg,14.5
2026-05-16,Loja 001,SKU-6004,Picles fatiado 2kg,pt,3
2026-05-16,Loja 001,SKU-7001,Refrigerante lata cx 24un,cx,18
2026-05-16,Loja 001,SKU-7002,Refrigerante 2L cx 6un,cx,5
2026-05-16,Loja 001,SKU-7003,Suco caixinha cx 12un,cx,6
2026-05-16,Loja 001,SKU-7004,Agua mineral 500ml cx 12un,cx,10
2026-05-16,Loja 001,SKU-8001,Embalagem sanduiche pct 100un,pct,22
2026-05-16,Loja 001,SKU-8002,Copo 400ml pct 50un,pct,12
2026-05-16,Loja 001,SKU-8003,Sacola delivery pct 100un,pct,10
2026-05-16,Loja 001,SKU-8004,Guardanapo pct 1000un,pct,6
2026-05-16,Loja 002,SKU-1001,Hamburguer bovino 180g cx 24un,cx,8
2026-05-16,Loja 002,SKU-1002,File de frango congelado 2kg,pct,18
2026-05-16,Loja 002,SKU-1003,Bacon fatiado 1kg,pct,6
2026-05-16,Loja 002,SKU-1004,Linguica toscana 3kg,pct,6
2026-05-16,Loja 002,SKU-2001,Pao de hamburguer pct 12un,pct,24
2026-05-16,Loja 002,SKU-2002,Pao brioche pct 12un,pct,13
2026-05-16,Loja 002,SKU-3001,Queijo cheddar fatiado 1kg,pct,11
2026-05-16,Loja 002,SKU-3002,Queijo mussarela 5kg,pct,8
2026-05-16,Loja 002,SKU-3003,"Requeijao cremoso 1,5kg",pt,5
2026-05-16,Loja 002,SKU-3004,Manteiga 500g,un,5
2026-05-16,Loja 002,SKU-4001,"Batata pre-frita congelada 2,5kg",pct,16
2026-05-16,Loja 002,SKU-4002,Anel de cebola congelado 1kg,pct,3
2026-05-16,Loja 002,SKU-4003,Nuggets congelado 2kg,pct,5
2026-05-16,Loja 002,SKU-5001,Oleo de soja 900ml cx 20un,cx,3
2026-05-16,Loja 002,SKU-5002,"Ketchup galao 3,2kg",gl,2
2026-05-16,Loja 002,SKU-5003,Maionese galao 3kg,gl,3
2026-05-16,Loja 002,SKU-5004,Mostarda galao 3kg,gl,1
2026-05-16,Loja 002,SKU-5005,Sal refinado 1kg,un,2
2026-05-16,Loja 002,SKU-6001,Alface americana un,un,28
2026-05-16,Loja 002,SKU-6002,Tomate salada kg,kg,26.9
2026-05-16,Loja 002,SKU-6003,Cebola kg,kg,14.0
2026-05-16,Loja 002,SKU-6004,Picles fatiado 2kg,pt,2
2026-05-16,Loja 002,SKU-7001,Refrigerante lata cx 24un,cx,9
2026-05-16,Loja 002,SKU-7002,Refrigerante 2L cx 6un,cx,4
2026-05-16,Loja 002,SKU-7003,Suco caixinha cx 12un,cx,4
2026-05-16,Loja 002,SKU-7004,Agua mineral 500ml cx 12un,cx,7
2026-05-16,Loja 002,SKU-8001,Embalagem sanduiche pct 100un,pct,16
2026-05-16,Loja 002,SKU-8002,Copo 400ml pct 50un,pct,11
2026-05-16,Loja 002,SKU-8003,Sacola delivery pct 100un,pct,9
2026-05-16,Loja 002,SKU-8004,Guardanapo pct 1000un,pct,4
2026-05-16,Loja 003,SKU-1001,Hamburguer bovino 180g cx 24un,cx,15
2026-05-16,Loja 003,SKU-1002,File de frango congelado 2kg,pct,29
2026-05-16,Loja 003,SKU-1003,Bacon fatiado 1kg,pct,11
2026-05-16,Loja 003,SKU-1004,Linguica toscana 3kg,pct,8
2026-05-16,Loja 003,SKU-2001,Pao de hamburguer pct 12un,pct,30
2026-05-16,Loja 003,SKU-2002,Pao brioche pct 12un,pct,23
2026-05-16,Loja 003,SKU-3001,Queijo cheddar fatiado 1kg,pct,19
2026-05-16,Loja 003,SKU-3002,Queijo mussarela 5kg,pct,15
2026-05-16,Loja 003,SKU-3003,"Requeijao cremoso 1,5kg",pt,8
2026-05-16,Loja 003,SKU-3004,Manteiga 500g,un,8
2026-05-16,Loja 003,SKU-4001,"Batata pre-frita congelada 2,5kg",pct,43
2026-05-16,Loja 003,SKU-4002,Anel de cebola congelado 1kg,pct,5
2026-05-16,Loja 003,SKU-4003,Nuggets congelado 2kg,pct,7
2026-05-16,Loja 003,SKU-5001,Oleo de soja 900ml cx 20un,cx,4
2026-05-16,Loja 003,SKU-5002,"Ketchup galao 3,2kg",gl,3
2026-05-16,Loja 003,SKU-5003,Maionese galao 3kg,gl,5
2026-05-16,Loja 003,SKU-5004,Mostarda galao 3kg,gl,2
2026-05-16,Loja 003,SKU-5005,Sal refinado 1kg,un,3
2026-05-16,Loja 003,SKU-6001,Alface americana un,un,41
2026-05-16,Loja 003,SKU-6002,Tomate salada kg,kg,37.2
2026-05-16,Loja 003,SKU-6003,Cebola kg,kg,31.5
2026-05-16,Loja 003,SKU-6004,Picles fatiado 2kg,pt,5
2026-05-16,Loja 003,SKU-7001,Refrigerante lata cx 24un,cx,22
2026-05-16,Loja 003,SKU-7002,Refrigerante 2L cx 6un,cx,7
2026-05-16,Loja 003,SKU-7003,Suco caixinha cx 12un,cx,6
2026-05-16,Loja 003,SKU-7004,Agua mineral 500ml cx 12un,cx,9
2026-05-16,Loja 003,SKU-8001,Embalagem sanduiche pct 100un,pct,28
2026-05-16,Loja 003,SKU-8002,Copo 400ml pct 50un,pct,19
2026-05-16,Loja 003,SKU-8003,Sacola delivery pct 100un,pct,13
2026-05-16,Loja 003,SKU-8004,Guardanapo pct 1000un,pct,9
2026-05-17,Loja 001,SKU-1001,Hamburguer bovino 180g cx 24un,cx,11
2026-05-17,Loja 001,SKU-1002,File de frango congelado 2kg,pct,18
2026-05-17,Loja 001,SKU-1003,Bacon fatiado 1kg,pct,8
2026-05-17,Loja 001,SKU-1004,Linguica toscana 3kg,pct,6
2026-05-17,Loja 001,SKU-2001,Pao de hamburguer pct 12un,pct,34
2026-05-17,Loja 001,SKU-2002,Pao brioche pct 12un,pct,9
2026-05-17,Loja 001,SKU-3001,Queijo cheddar fatiado 1kg,pct,15
2026-05-17,Loja 001,SKU-3002,Queijo mussarela 5kg,pct,7
2026-05-17,Loja 001,SKU-3003,"Requeijao cremoso 1,5kg",pt,5
2026-05-17,Loja 001,SKU-3004,Manteiga 500g,un,6
2026-05-17,Loja 001,SKU-4001,"Batata pre-frita congelada 2,5kg",pct,23
2026-05-17,Loja 001,SKU-4002,Anel de cebola congelado 1kg,pct,4
2026-05-17,Loja 001,SKU-4003,Nuggets congelado 2kg,pct,6
2026-05-17,Loja 001,SKU-5001,Oleo de soja 900ml cx 20un,cx,3
2026-05-17,Loja 001,SKU-5002,"Ketchup galao 3,2kg",gl,2
2026-05-17,Loja 001,SKU-5003,Maionese galao 3kg,gl,3
2026-05-17,Loja 001,SKU-5004,Mostarda galao 3kg,gl,1
2026-05-17,Loja 001,SKU-5005,Sal refinado 1kg,un,2
2026-05-17,Loja 001,SKU-6001,Alface americana un,un,25
2026-05-17,Loja 001,SKU-6002,Tomate salada kg,kg,19.6
2026-05-17,Loja 001,SKU-6003,Cebola kg,kg,15.1
2026-05-17,Loja 001,SKU-6004,Picles fatiado 2kg,pt,2
2026-05-17,Loja 001,SKU-7001,Refrigerante lata cx 24un,cx,14
2026-05-17,Loja 001,SKU-7002,Refrigerante 2L cx 6un,cx,6
2026-05-17,Loja 001,SKU-7003,Suco caixinha cx 12un,cx,4
2026-05-17,Loja 001,SKU-7004,Agua mineral 500ml cx 12un,cx,7
2026-05-17,Loja 001,SKU-8001,Embalagem sanduiche pct 100un,pct,14
2026-05-17,Loja 001,SKU-8002,Copo 400ml pct 50un,pct,8
2026-05-17,Loja 001,SKU-8003,Sacola delivery pct 100un,pct,7
2026-05-17,Loja 001,SKU-8004,Guardanapo pct 1000un,pct,6
2026-05-17,Loja 002,SKU-1001,Hamburguer bovino 180g cx 24un,cx,8
2026-05-17,Loja 002,SKU-1002,File de frango congelado 2kg,pct,12
2026-05-17,Loja 002,SKU-1003,Bacon fatiado 1kg,pct,4
2026-05-17,Loja 002,SKU-1004,Linguica toscana 3kg,pct,4
2026-05-17,Loja 002,SKU-2001,Pao de hamburguer pct 12un,pct,16
2026-05-17,Loja 002,SKU-2002,Pao brioche pct 12un,pct,7
2026-05-17,Loja 002,SKU-3001,Queijo cheddar fatiado 1kg,pct,10
2026-05-17,Loja 002,SKU-3002,Queijo mussarela 5kg,pct,5
2026-05-17,Loja 002,SKU-3003,"Requeijao cremoso 1,5kg",pt,3
2026-05-17,Loja 002,SKU-3004,Manteiga 500g,un,5
2026-05-17,Loja 002,SKU-4001,"Batata pre-frita congelada 2,5kg",pct,12
2026-05-17,Loja 002,SKU-4002,Anel de cebola congelado 1kg,pct,3
2026-05-17,Loja 002,SKU-4003,Nuggets congelado 2kg,pct,4
2026-05-17,Loja 002,SKU-5001,Oleo de soja 900ml cx 20un,cx,3
2026-05-17,Loja 002,SKU-5002,"Ketchup galao 3,2kg",gl,2
2026-05-17,Loja 002,SKU-5003,Maionese galao 3kg,gl,2
2026-05-17,Loja 002,SKU-5004,Mostarda galao 3kg,gl,1
2026-05-17,Loja 002,SKU-5005,Sal refinado 1kg,un,1
2026-05-17,Loja 002,SKU-6001,Alface americana un,un,23
2026-05-17,Loja 002,SKU-6002,Tomate salada kg,kg,20.8
2026-05-17,Loja 002,SKU-6003,Cebola kg,kg,9.5
2026-05-17,Loja 002,SKU-6004,Picles fatiado 2kg,pt,2
2026-05-17,Loja 002,SKU-7001,Refrigerante lata cx 24un,cx,7
2026-05-17,Loja 002,SKU-7002,Refrigerante 2L cx 6un,cx,3
2026-05-17,Loja 002,SKU-7003,Suco caixinha cx 12un,cx,2
2026-05-17,Loja 002,SKU-7004,Agua mineral 500ml cx 12un,cx,4
2026-05-17,Loja 002,SKU-8001,Embalagem sanduiche pct 100un,pct,10
2026-05-17,Loja 002,SKU-8002,Copo 400ml pct 50un,pct,8
2026-05-17,Loja 002,SKU-8003,Sacola delivery pct 100un,pct,6
2026-05-17,Loja 002,SKU-8004,Guardanapo pct 1000un,pct,3
2026-05-17,Loja 003,SKU-1001,Hamburguer bovino 180g cx 24un,cx,12
2026-05-17,Loja 003,SKU-1002,File de frango congelado 2kg,pct,24
2026-05-17,Loja 003,SKU-1003,Bacon fatiado 1kg,pct,10
2026-05-17,Loja 003,SKU-1004,Linguica toscana 3kg,pct,8
2026-05-17,Loja 003,SKU-2001,Pao de hamburguer pct 12un,pct,43
2026-05-17,Loja 003,SKU-2002,Pao brioche pct 12un,pct,19
2026-05-17,Loja 003,SKU-3001,Queijo cheddar fatiado 1kg,pct,16
2026-05-17,Loja 003,SKU-3002,Queijo mussarela 5kg,pct,9
2026-05-17,Loja 003,SKU-3003,"Requeijao cremoso 1,5kg",pt,5
2026-05-17,Loja 003,SKU-3004,Manteiga 500g,un,6
2026-05-17,Loja 003,SKU-4001,"Batata pre-frita congelada 2,5kg",pct,22
2026-05-17,Loja 003,SKU-4002,Anel de cebola congelado 1kg,pct,4
2026-05-17,Loja 003,SKU-4003,Nuggets congelado 2kg,pct,7
2026-05-17,Loja 003,SKU-5001,Oleo de soja 900ml cx 20un,cx,4
2026-05-17,Loja 003,SKU-5002,"Ketchup galao 3,2kg",gl,2
2026-05-17,Loja 003,SKU-5003,Maionese galao 3kg,gl,4
2026-05-17,Loja 003,SKU-5004,Mostarda galao 3kg,gl,1
2026-05-17,Loja 003,SKU-5005,Sal refinado 1kg,un,2
2026-05-17,Loja 003,SKU-6001,Alface americana un,un,51
2026-05-17,Loja 003,SKU-6002,Tomate salada kg,kg,32.7
2026-05-17,Loja 003,SKU-6003,Cebola kg,kg,13.6
2026-05-17,Loja 003,SKU-6004,Picles fatiado 2kg,pt,2
2026-05-17,Loja 003,SKU-7001,Refrigerante lata cx 24un,cx,13
2026-05-17,Loja 003,SKU-7002,Refrigerante 2L cx 6un,cx,6
2026-05-17,Loja 003,SKU-7003,Suco caixinha cx 12un,cx,5
2026-05-17,Loja 003,SKU-7004,Agua mineral 500ml cx 12un,cx,9
2026-05-17,Loja 003,SKU-8001,Embalagem sanduiche pct 100un,pct,15
2026-05-17,Loja 003,SKU-8002,Copo 400ml pct 50un,pct,15
2026-05-17,Loja 003,SKU-8003,Sacola delivery pct 100un,pct,10
2026-05-17,Loja 003,SKU-8004,Guardanapo pct 1000un,pct,7
2026-05-18,Loja 001,SKU-1001,Hamburguer bovino 180g cx 24un,cx,7
2026-05-18,Loja 001,SKU-1002,File de frango congelado 2kg,pct,14
2026-05-18,Loja 001,SKU-1003,Bacon fatiado 1kg,pct,5
2026-05-18,Loja 001,SKU-1004,Linguica toscana 3kg,pct,4
2026-05-18,Loja 001,SKU-2001,Pao de hamburguer pct 12un,pct,26
2026-05-18,Loja 001,SKU-2002,Pao brioche pct 12un,pct,7
2026-05-18,Loja 001,SKU-3001,Queijo cheddar fatiado 1kg,pct,8
2026-05-18,Loja 001,SKU-3002,Queijo mussarela 5kg,pct,7
2026-05-18,Loja 001,SKU-3003,"Requeijao cremoso 1,5kg",pt,3
2026-05-18,Loja 001,SKU-3004,Manteiga 500g,un,5
2026-05-18,Loja 001,SKU-4001,"Batata pre-frita congelada 2,5kg",pct,18
2026-05-18,Loja 001,SKU-4002,Anel de cebola congelado 1kg,pct,3
2026-05-18,Loja 001,SKU-4003,Nuggets congelado 2kg,pct,4
2026-05-18,Loja 001,SKU-5001,Oleo de soja 900ml cx 20un,cx,3
2026-05-18,Loja 001,SKU-5002,"Ketchup galao 3,2kg",gl,2
2026-05-18,Loja 001,SKU-5003,Maionese galao 3kg,gl,2
2026-05-18,Loja 001,SKU-5004,Mostarda galao 3kg,gl,1
2026-05-18,Loja 001,SKU-5005,Sal refinado 1kg,un,1
2026-05-18,Loja 001,SKU-6001,Alface americana un,un,22
2026-05-18,Loja 001,SKU-6002,Tomate salada kg,kg,11.6
2026-05-18,Loja 001,SKU-6003,Cebola kg,kg,11.0
2026-05-18,Loja 001,SKU-6004,Picles fatiado 2kg,pt,1
2026-05-18,Loja 001,SKU-7001,Refrigerante lata cx 24un,cx,8
2026-05-18,Loja 001,SKU-7002,Refrigerante 2L cx 6un,cx,4
2026-05-18,Loja 001,SKU-7003,Suco caixinha cx 12un,cx,3
2026-05-18,Loja 001,SKU-7004,Agua mineral 500ml cx 12un,cx,6
2026-05-18,Loja 001,SKU-8001,Embalagem sanduiche pct 100un,pct,10
2026-05-18,Loja 001,SKU-8002,Copo 400ml pct 50un,pct,8
2026-05-18,Loja 001,SKU-8003,Sacola delivery pct 100un,pct,5
2026-05-18,Loja 001,SKU-8004,Guardanapo pct 1000un,pct,3
2026-05-18,Loja 002,SKU-1001,Hamburguer bovino 180g cx 24un,cx,5
2026-05-18,Loja 002,SKU-1002,File de frango congelado 2kg,pct,8
2026-05-18,Loja 002,SKU-1003,Bacon fatiado 1kg,pct,3
2026-05-18,Loja 002,SKU-1004,Linguica toscana 3kg,pct,3
2026-05-18,Loja 002,SKU-2001,Pao de hamburguer pct 12un,pct,17
2026-05-18,Loja 002,SKU-2002,Pao brioche pct 12un,pct,8
2026-05-18,Loja 002,SKU-3001,Queijo cheddar fatiado 1kg,pct,6
2026-05-18,Loja 002,SKU-3002,Queijo mussarela 5kg,pct,5
2026-05-18,Loja 002,SKU-3003,"Requeijao cremoso 1,5kg",pt,2
2026-05-18,Loja 002,SKU-3004,Manteiga 500g,un,3
2026-05-18,Loja 002,SKU-4001,"Batata pre-frita congelada 2,5kg",pct,12
2026-05-18,Loja 002,SKU-4002,Anel de cebola congelado 1kg,pct,2
2026-05-18,Loja 002,SKU-4003,Nuggets congelado 2kg,pct,2
2026-05-18,Loja 002,SKU-5001,Oleo de soja 900ml cx 20un,cx,1
2026-05-18,Loja 002,SKU-5002,"Ketchup galao 3,2kg",gl,1
2026-05-18,Loja 002,SKU-5003,Maionese galao 3kg,gl,2
2026-05-18,Loja 002,SKU-5004,Mostarda galao 3kg,gl,1
2026-05-18,Loja 002,SKU-5005,Sal refinado 1kg,un,1
2026-05-18,Loja 002,SKU-6001,Alface americana un,un,22
2026-05-18,Loja 002,SKU-6002,Tomate salada kg,kg,8.5
2026-05-18,Loja 002,SKU-6003,Cebola kg,kg,8.7
2026-05-18,Loja 002,SKU-6004,Picles fatiado 2kg,pt,2
2026-05-18,Loja 002,SKU-7001,Refrigerante lata cx 24un,cx,6
2026-05-18,Loja 002,SKU-7002,Refrigerante 2L cx 6un,cx,3
2026-05-18,Loja 002,SKU-7003,Suco caixinha cx 12un,cx,1
2026-05-18,Loja 002,SKU-7004,Agua mineral 500ml cx 12un,cx,4
2026-05-18,Loja 002,SKU-8001,Embalagem sanduiche pct 100un,pct,7
2026-05-18,Loja 002,SKU-8002,Copo 400ml pct 50un,pct,6
2026-05-18,Loja 002,SKU-8003,Sacola delivery pct 100un,pct,4
2026-05-18,Loja 002,SKU-8004,Guardanapo pct 1000un,pct,3
2026-05-18,Loja 003,SKU-1001,Hamburguer bovino 180g cx 24un,cx,10
2026-05-18,Loja 003,SKU-1002,File de frango congelado 2kg,pct,15
2026-05-18,Loja 003,SKU-1003,Bacon fatiado 1kg,pct,8
2026-05-18,Loja 003,SKU-1004,Linguica toscana 3kg,pct,4
2026-05-18,Loja 003,SKU-2001,Pao de hamburguer pct 12un,pct,17
2026-05-18,Loja 003,SKU-2002,Pao brioche pct 12un,pct,14
2026-05-18,Loja 003,SKU-3001,Queijo cheddar fatiado 1kg,pct,13
2026-05-18,Loja 003,SKU-3002,Queijo mussarela 5kg,pct,8
2026-05-18,Loja 003,SKU-3003,"Requeijao cremoso 1,5kg",pt,4
2026-05-18,Loja 003,SKU-3004,Manteiga 500g,un,5
2026-05-18,Loja 003,SKU-4001,"Batata pre-frita congelada 2,5kg",pct,19
2026-05-18,Loja 003,SKU-4002,Anel de cebola congelado 1kg,pct,3
2026-05-18,Loja 003,SKU-4003,Nuggets congelado 2kg,pct,5
2026-05-18,Loja 003,SKU-5001,Oleo de soja 900ml cx 20un,cx,4
2026-05-18,Loja 003,SKU-5002,"Ketchup galao 3,2kg",gl,2
2026-05-18,Loja 003,SKU-5003,Maionese galao 3kg,gl,3
2026-05-18,Loja 003,SKU-5004,Mostarda galao 3kg,gl,2
2026-05-18,Loja 003,SKU-5005,Sal refinado 1kg,un,1
2026-05-18,Loja 003,SKU-6001,Alface americana un,un,36
2026-05-18,Loja 003,SKU-6002,Tomate salada kg,kg,29.5
2026-05-18,Loja 003,SKU-6003,Cebola kg,kg,10.3
2026-05-18,Loja 003,SKU-6004,Picles fatiado 2kg,pt,3
2026-05-18,Loja 003,SKU-7001,Refrigerante lata cx 24un,cx,12
2026-05-18,Loja 003,SKU-7002,Refrigerante 2L cx 6un,cx,5
2026-05-18,Loja 003,SKU-7003,Suco caixinha cx 12un,cx,4
2026-05-18,Loja 003,SKU-7004,Agua mineral 500ml cx 12un,cx,6
2026-05-18,Loja 003,SKU-8001,Embalagem sanduiche pct 100un,pct,17
2026-05-18,Loja 003,SKU-8002,Copo 400ml pct 50un,pct,10
2026-05-18,Loja 003,SKU-8003,Sacola delivery pct 100un,pct,6
2026-05-18,Loja 003,SKU-8004,Guardanapo pct 1000un,pct,4
2026-05-19,Loja 001,SKU-1001,Hamburguer bovino 180g cx 24un,cx,6
2026-05-19,Loja 001,SKU-1002,File de frango congelado 2kg,pct,12
2026-05-19,Loja 001,SKU-1003,Bacon fatiado 1kg,pct,6
2026-05-19,Loja 001,SKU-1004,Linguica toscana 3kg,pct,4
2026-05-19,Loja 001,SKU-2001,Pao de hamburguer pct 12un,pct,13
2026-05-19,Loja 001,SKU-2002,Pao brioche pct 12un,pct,9
2026-05-19,Loja 001,SKU-3001,Queijo cheddar fatiado 1kg,pct,11
2026-05-19,Loja 001,SKU-3002,Queijo mussarela 5kg,pct,6
2026-05-19,Loja 001,SKU-3003,"Requeijao cremoso 1,5kg",pt,3
2026-05-19,Loja 001,SKU-3004,Manteiga 500g,un,5
2026-05-19,Loja 001,SKU-4001,"Batata pre-frita congelada 2,5kg",pct,14
2026-05-19,Loja 001,SKU-4002,Anel de cebola congelado 1kg,pct,3
2026-05-19,Loja 001,SKU-4003,Nuggets congelado 2kg,pct,4
2026-05-19,Loja 001,SKU-5001,Oleo de soja 900ml cx 20un,cx,2
2026-05-19,Loja 001,SKU-5002,"Ketchup galao 3,2kg",gl,2
2026-05-19,Loja 001,SKU-5003,Maionese galao 3kg,gl,3
2026-05-19,Loja 001,SKU-5004,Mostarda galao 3kg,gl,1
2026-05-19,Loja 001,SKU-5005,Sal refinado 1kg,un,1
2026-05-19,Loja 001,SKU-6001,Alface americana un,un,18
2026-05-19,Loja 001,SKU-6002,Tomate salada kg,kg,18.5
2026-05-19,Loja 001,SKU-6003,Cebola kg,kg,10.2
2026-05-19,Loja 001,SKU-6004,Picles fatiado 2kg,pt,2
2026-05-19,Loja 001,SKU-7001,Refrigerante lata cx 24un,cx,9
2026-05-19,Loja 001,SKU-7002,Refrigerante 2L cx 6un,cx,4
2026-05-19,Loja 001,SKU-7003,Suco caixinha cx 12un,cx,2
2026-05-19,Loja 001,SKU-7004,Agua mineral 500ml cx 12un,cx,4
2026-05-19,Loja 001,SKU-8001,Embalagem sanduiche pct 100un,pct,13
2026-05-19,Loja 001,SKU-8002,Copo 400ml pct 50un,pct,6
2026-05-19,Loja 001,SKU-8003,Sacola delivery pct 100un,pct,5
2026-05-19,Loja 001,SKU-8004,Guardanapo pct 1000un,pct,4
2026-05-19,Loja 002,SKU-1001,Hamburguer bovino 180g cx 24un,cx,6
2026-05-19,Loja 002,SKU-1002,File de frango congelado 2kg,pct,10
2026-05-19,Loja 002,SKU-1003,Bacon fatiado 1kg,pct,4
2026-05-19,Loja 002,SKU-1004,Linguica toscana 3kg,pct,3
2026-05-19,Loja 002,SKU-2001,Pao de hamburguer pct 12un,pct,9
2026-05-19,Loja 002,SKU-2002,Pao brioche pct 12un,pct,6
2026-05-19,Loja 002,SKU-3001,Queijo cheddar fatiado 1kg,pct,7
2026-05-19,Loja 002,SKU-3002,Queijo mussarela 5kg,pct,5
2026-05-19,Loja 002,SKU-3003,"Requeijao cremoso 1,5kg",pt,2
2026-05-19,Loja 002,SKU-3004,Manteiga 500g,un,3
2026-05-19,Loja 002,SKU-4001,"Batata pre-frita congelada 2,5kg",pct,13
2026-05-19,Loja 002,SKU-4002,Anel de cebola congelado 1kg,pct,2
2026-05-19,Loja 002,SKU-4003,Nuggets congelado 2kg,pct,3
2026-05-19,Loja 002,SKU-5001,Oleo de soja 900ml cx 20un,cx,2
2026-05-19,Loja 002,SKU-5002,"Ketchup galao 3,2kg",gl,1
2026-05-19,Loja 002,SKU-5003,Maionese galao 3kg,gl,2
2026-05-19,Loja 002,SKU-5004,Mostarda galao 3kg,gl,1
2026-05-19,Loja 002,SKU-5005,Sal refinado 1kg,un,1
2026-05-19,Loja 002,SKU-6001,Alface americana un,un,12
2026-05-19,Loja 002,SKU-6002,Tomate salada kg,kg,10.9
2026-05-19,Loja 002,SKU-6003,Cebola kg,kg,5.3
2026-05-19,Loja 002,SKU-6004,Picles fatiado 2kg,pt,2
2026-05-19,Loja 002,SKU-7001,Refrigerante lata cx 24un,cx,5
2026-05-19,Loja 002,SKU-7002,Refrigerante 2L cx 6un,cx,3
2026-05-19,Loja 002,SKU-7003,Suco caixinha cx 12un,cx,2
2026-05-19,Loja 002,SKU-7004,Agua mineral 500ml cx 12un,cx,4
2026-05-19,Loja 002,SKU-8001,Embalagem sanduiche pct 100un,pct,9
2026-05-19,Loja 002,SKU-8002,Copo 400ml pct 50un,pct,5
2026-05-19,Loja 002,SKU-8003,Sacola delivery pct 100un,pct,5
2026-05-19,Loja 002,SKU-8004,Guardanapo pct 1000un,pct,3
2026-05-19,Loja 003,SKU-1001,Hamburguer bovino 180g cx 24un,cx,11
2026-05-19,Loja 003,SKU-1002,File de frango congelado 2kg,pct,19
2026-05-19,Loja 003,SKU-1003,Bacon fatiado 1kg,pct,7
2026-05-19,Loja 003,SKU-1004,Linguica toscana 3kg,pct,7
2026-05-19,Loja 003,SKU-2001,Pao de hamburguer pct 12un,pct,17
2026-05-19,Loja 003,SKU-2002,Pao brioche pct 12un,pct,14
2026-05-19,Loja 003,SKU-3001,Queijo cheddar fatiado 1kg,pct,14
2026-05-19,Loja 003,SKU-3002,Queijo mussarela 5kg,pct,10
2026-05-19,Loja 003,SKU-3003,"Requeijao cremoso 1,5kg",pt,3
2026-05-19,Loja 003,SKU-3004,Manteiga 500g,un,5
2026-05-19,Loja 003,SKU-4001,"Batata pre-frita congelada 2,5kg",pct,24
2026-05-19,Loja 003,SKU-4002,Anel de cebola congelado 1kg,pct,4
2026-05-19,Loja 003,SKU-4003,Nuggets congelado 2kg,pct,5
2026-05-19,Loja 003,SKU-5001,Oleo de soja 900ml cx 20un,cx,3
2026-05-19,Loja 003,SKU-5002,"Ketchup galao 3,2kg",gl,3
2026-05-19,Loja 003,SKU-5003,Maionese galao 3kg,gl,3
2026-05-19,Loja 003,SKU-5004,Mostarda galao 3kg,gl,2
2026-05-19,Loja 003,SKU-5005,Sal refinado 1kg,un,2
2026-05-19,Loja 003,SKU-6001,Alface americana un,un,40
2026-05-19,Loja 003,SKU-6002,Tomate salada kg,kg,21.6
2026-05-19,Loja 003,SKU-6003,Cebola kg,kg,15.6
2026-05-19,Loja 003,SKU-6004,Picles fatiado 2kg,pt,3
2026-05-19,Loja 003,SKU-7001,Refrigerante lata cx 24un,cx,9
2026-05-19,Loja 003,SKU-7002,Refrigerante 2L cx 6un,cx,6
2026-05-19,Loja 003,SKU-7003,Suco caixinha cx 12un,cx,3
2026-05-19,Loja 003,SKU-7004,Agua mineral 500ml cx 12un,cx,6
2026-05-19,Loja 003,SKU-8001,Embalagem sanduiche pct 100un,pct,17
2026-05-19,Loja 003,SKU-8002,Copo 400ml pct 50un,pct,9
2026-05-19,Loja 003,SKU-8003,Sacola delivery pct 100un,pct,9
2026-05-19,Loja 003,SKU-8004,Guardanapo pct 1000un,pct,6
2026-05-20,Loja 001,SKU-1001,Hamburguer bovino 180g cx 24un,cx,7
2026-05-20,Loja 001,SKU-1002,File de frango congelado 2kg,pct,14
2026-05-20,Loja 001,SKU-1003,Bacon fatiado 1kg,pct,5
2026-05-20,Loja 001,SKU-1004,Linguica toscana 3kg,pct,4
2026-05-20,Loja 001,SKU-2001,Pao de hamburguer pct 12un,pct,24
2026-05-20,Loja 001,SKU-2002,Pao brioche pct 12un,pct,12
2026-05-20,Loja 001,SKU-3001,Queijo cheddar fatiado 1kg,pct,9
2026-05-20,Loja 001,SKU-3002,Queijo mussarela 5kg,pct,7
2026-05-20,Loja 001,SKU-3003,"Requeijao cremoso 1,5kg",pt,3
2026-05-20,Loja 001,SKU-3004,Manteiga 500g,un,5
2026-05-20,Loja 001,SKU-4001,"Batata pre-frita congelada 2,5kg",pct,16
2026-05-20,Loja 001,SKU-4002,Anel de cebola congelado 1kg,pct,3
2026-05-20,Loja 001,SKU-4003,Nuggets congelado 2kg,pct,4
2026-05-20,Loja 001,SKU-5001,Oleo de soja 900ml cx 20un,cx,3
2026-05-20,Loja 001,SKU-5002,"Ketchup galao 3,2kg",gl,2
2026-05-20,Loja 001,SKU-5003,Maionese galao 3kg,gl,2
2026-05-20,Loja 001,SKU-5004,Mostarda galao 3kg,gl,1
2026-05-20,Loja 001,SKU-5005,Sal refinado 1kg,un,1
2026-05-20,Loja 001,SKU-6001,Alface americana un,un,30
2026-05-20,Loja 001,SKU-6002,Tomate salada kg,kg,18.4
2026-05-20,Loja 001,SKU-6003,Cebola kg,kg,10.3
2026-05-20,Loja 001,SKU-6004,Picles fatiado 2kg,pt,2
2026-05-20,Loja 001,SKU-7001,Refrigerante lata cx 24un,cx,10
2026-05-20,Loja 001,SKU-7002,Refrigerante 2L cx 6un,cx,3
2026-05-20,Loja 001,SKU-7003,Suco caixinha cx 12un,cx,3
2026-05-20,Loja 001,SKU-7004,Agua mineral 500ml cx 12un,cx,4
2026-05-20,Loja 001,SKU-8001,Embalagem sanduiche pct 100un,pct,13
2026-05-20,Loja 001,SKU-8002,Copo 400ml pct 50un,pct,6
2026-05-20,Loja 001,SKU-8003,Sacola delivery pct 100un,pct,5
2026-05-20,Loja 001,SKU-8004,Guardanapo pct 1000un,pct,4
2026-05-20,Loja 002,SKU-1001,Hamburguer bovino 180g cx 24un,cx,6
2026-05-20,Loja 002,SKU-1002,File de frango congelado 2kg,pct,8
2026-05-20,Loja 002,SKU-1003,Bacon fatiado 1kg,pct,5
2026-05-20,Loja 002,SKU-1004,Linguica toscana 3kg,pct,4
2026-05-20,Loja 002,SKU-2001,Pao de hamburguer pct 12un,pct,10
2026-05-20,Loja 002,SKU-2002,Pao brioche pct 12un,pct,7
2026-05-20,Loja 002,SKU-3001,Queijo cheddar fatiado 1kg,pct,8
2026-05-20,Loja 002,SKU-3002,Queijo mussarela 5kg,pct,5
2026-05-20,Loja 002,SKU-3003,"Requeijao cremoso 1,5kg",pt,2
2026-05-20,Loja 002,SKU-3004,Manteiga 500g,un,3
2026-05-20,Loja 002,SKU-4001,"Batata pre-frita congelada 2,5kg",pct,13
2026-05-20,Loja 002,SKU-4002,Anel de cebola congelado 1kg,pct,3
2026-05-20,Loja 002,SKU-4003,Nuggets congelado 2kg,pct,3
2026-05-20,Loja 002,SKU-5001,Oleo de soja 900ml cx 20un,cx,2
2026-05-20,Loja 002,SKU-5002,"Ketchup galao 3,2kg",gl,1
2026-05-20,Loja 002,SKU-5003,Maionese galao 3kg,gl,2
2026-05-20,Loja 002,SKU-5004,Mostarda galao 3kg,gl,1
2026-05-20,Loja 002,SKU-5005,Sal refinado 1kg,un,1
2026-05-20,Loja 002,SKU-6001,Alface americana un,un,23
2026-05-20,Loja 002,SKU-6002,Tomate salada kg,kg,14.8
2026-05-20,Loja 002,SKU-6003,Cebola kg,kg,6.8
2026-05-20,Loja 002,SKU-6004,Picles fatiado 2kg,pt,2
2026-05-20,Loja 002,SKU-7001,Refrigerante lata cx 24un,cx,7
2026-05-20,Loja 002,SKU-7002,Refrigerante 2L cx 6un,cx,3
2026-05-20,Loja 002,SKU-7003,Suco caixinha cx 12un,cx,2
2026-05-20,Loja 002,SKU-7004,Agua mineral 500ml cx 12un,cx,3
2026-05-20,Loja 002,SKU-8001,Embalagem sanduiche pct 100un,pct,7
2026-05-20,Loja 002,SKU-8002,Copo 400ml pct 50un,pct,7
2026-05-20,Loja 002,SKU-8003,Sacola delivery pct 100un,pct,5
2026-05-20,Loja 002,SKU-8004,Guardanapo pct 1000un,pct,3
2026-05-20,Loja 003,SKU-1001,Hamburguer bovino 180g cx 24un,cx,9
2026-05-20,Loja 003,SKU-1002,File de frango congelado 2kg,pct,16
2026-05-20,Loja 003,SKU-1003,Bacon fatiado 1kg,pct,8
2026-05-20,Loja 003,SKU-1004,Linguica toscana 3kg,pct,6
2026-05-20,Loja 003,SKU-2001,Pao de hamburguer pct 12un,pct,23
2026-05-20,Loja 003,SKU-2002,Pao brioche pct 12un,pct,13
2026-05-20,Loja 003,SKU-3001,Queijo cheddar fatiado 1kg,pct,15
2026-05-20,Loja 003,SKU-3002,Queijo mussarela 5kg,pct,9
2026-05-20,Loja 003,SKU-3003,"Requeijao cremoso 1,5kg",pt,5
2026-05-20,Loja 003,SKU-3004,Manteiga 500g,un,6
2026-05-20,Loja 003,SKU-4001,"Batata pre-frita congelada 2,5kg",pct,27
2026-05-20,Loja 003,SKU-4002,Anel de cebola congelado 1kg,pct,4
2026-05-20,Loja 003,SKU-4003,Nuggets congelado 2kg,pct,4
2026-05-20,Loja 003,SKU-5001,Oleo de soja 900ml cx 20un,cx,3
2026-05-20,Loja 003,SKU-5002,"Ketchup galao 3,2kg",gl,2
2026-05-20,Loja 003,SKU-5003,Maionese galao 3kg,gl,4
2026-05-20,Loja 003,SKU-5004,Mostarda galao 3kg,gl,2
2026-05-20,Loja 003,SKU-5005,Sal refinado 1kg,un,2
2026-05-20,Loja 003,SKU-6001,Alface americana un,un,41
2026-05-20,Loja 003,SKU-6002,Tomate salada kg,kg,17.9
2026-05-20,Loja 003,SKU-6003,Cebola kg,kg,12.5
2026-05-20,Loja 003,SKU-6004,Picles fatiado 2kg,pt,2
2026-05-20,Loja 003,SKU-7001,Refrigerante lata cx 24un,cx,14
2026-05-20,Loja 003,SKU-7002,Refrigerante 2L cx 6un,cx,6
2026-05-20,Loja 003,SKU-7003,Suco caixinha cx 12un,cx,3
2026-05-20,Loja 003,SKU-7004,Agua mineral 500ml cx 12un,cx,8
2026-05-20,Loja 003,SKU-8001,Embalagem sanduiche pct 100un,pct,17
2026-05-20,Loja 003,SKU-8002,Copo 400ml pct 50un,pct,10
2026-05-20,Loja 003,SKU-8003,Sacola delivery pct 100un,pct,7
2026-05-20,Loja 003,SKU-8004,Guardanapo pct 1000un,pct,5
2026-05-21,Loja 001,SKU-1001,Hamburguer bovino 180g cx 24un,cx,11
2026-05-21,Loja 001,SKU-1002,File de frango congelado 2kg,pct,13
2026-05-21,Loja 001,SKU-1003,Bacon fatiado 1kg,pct,8
2026-05-21,Loja 001,SKU-1004,Linguica toscana 3kg,pct,5
2026-05-21,Loja 001,SKU-2001,Pao de hamburguer pct 12un,pct,21
2026-05-21,Loja 001,SKU-2002,Pao brioche pct 12un,pct,8
2026-05-21,Loja 001,SKU-3001,Queijo cheddar fatiado 1kg,pct,10
2026-05-21,Loja 001,SKU-3002,Queijo mussarela 5kg,pct,9
2026-05-21,Loja 001,SKU-3003,"Requeijao cremoso 1,5kg",pt,5
2026-05-21,Loja 001,SKU-3004,Manteiga 500g,un,5
2026-05-21,Loja 001,SKU-4001,"Batata pre-frita congelada 2,5kg",pct,19
2026-05-21,Loja 001,SKU-4002,Anel de cebola congelado 1kg,pct,4
2026-05-21,Loja 001,SKU-4003,Nuggets congelado 2kg,pct,5
2026-05-21,Loja 001,SKU-5001,Oleo de soja 900ml cx 20un,cx,2
2026-05-21,Loja 001,SKU-5002,"Ketchup galao 3,2kg",gl,2
2026-05-21,Loja 001,SKU-5003,Maionese galao 3kg,gl,3
2026-05-21,Loja 001,SKU-5004,Mostarda galao 3kg,gl,1
2026-05-21,Loja 001,SKU-5005,Sal refinado 1kg,un,2
2026-05-21,Loja 001,SKU-6001,Alface americana un,un,19
2026-05-21,Loja 001,SKU-6002,Tomate salada kg,kg,18.0
2026-05-21,Loja 001,SKU-6003,Cebola kg,kg,11.5
2026-05-21,Loja 001,SKU-6004,Picles fatiado 2kg,pt,3
2026-05-21,Loja 001,SKU-7001,Refrigerante lata cx 24un,cx,8
2026-05-21,Loja 001,SKU-7002,Refrigerante 2L cx 6un,cx,4
2026-05-21,Loja 001,SKU-7003,Suco caixinha cx 12un,cx,3
2026-05-21,Loja 001,SKU-7004,Agua mineral 500ml cx 12un,cx,5
2026-05-21,Loja 001,SKU-8001,Embalagem sanduiche pct 100un,pct,17
2026-05-21,Loja 001,SKU-8002,Copo 400ml pct 50un,pct,9
2026-05-21,Loja 001,SKU-8003,Sacola delivery pct 100un,pct,6
2026-05-21,Loja 001,SKU-8004,Guardanapo pct 1000un,pct,4
2026-05-21,Loja 002,SKU-1001,Hamburguer bovino 180g cx 24un,cx,7
2026-05-21,Loja 002,SKU-1002,File de frango congelado 2kg,pct,10
2026-05-21,Loja 002,SKU-1003,Bacon fatiado 1kg,pct,5
2026-05-21,Loja 002,SKU-1004,Linguica toscana 3kg,pct,4
2026-05-21,Loja 002,SKU-2001,Pao de hamburguer pct 12un,pct,14
2026-05-21,Loja 002,SKU-2002,Pao brioche pct 12un,pct,5
2026-05-21,Loja 002,SKU-3001,Queijo cheddar fatiado 1kg,pct,7
2026-05-21,Loja 002,SKU-3002,Queijo mussarela 5kg,pct,5
2026-05-21,Loja 002,SKU-3003,"Requeijao cremoso 1,5kg",pt,3
2026-05-21,Loja 002,SKU-3004,Manteiga 500g,un,4
2026-05-21,Loja 002,SKU-4001,"Batata pre-frita congelada 2,5kg",pct,15
2026-05-21,Loja 002,SKU-4002,Anel de cebola congelado 1kg,pct,3
2026-05-21,Loja 002,SKU-4003,Nuggets congelado 2kg,pct,4
2026-05-21,Loja 002,SKU-5001,Oleo de soja 900ml cx 20un,cx,2
2026-05-21,Loja 002,SKU-5002,"Ketchup galao 3,2kg",gl,2
2026-05-21,Loja 002,SKU-5003,Maionese galao 3kg,gl,2
2026-05-21,Loja 002,SKU-5004,Mostarda galao 3kg,gl,1
2026-05-21,Loja 002,SKU-5005,Sal refinado 1kg,un,1
2026-05-21,Loja 002,SKU-6001,Alface americana un,un,17
2026-05-21,Loja 002,SKU-6002,Tomate salada kg,kg,14.0
2026-05-21,Loja 002,SKU-6003,Cebola kg,kg,11.0
2026-05-21,Loja 002,SKU-6004,Picles fatiado 2kg,pt,2
2026-05-21,Loja 002,SKU-7001,Refrigerante lata cx 24un,cx,7
2026-05-21,Loja 002,SKU-7002,Refrigerante 2L cx 6un,cx,3
2026-05-21,Loja 002,SKU-7003,Suco caixinha cx 12un,cx,3
2026-05-21,Loja 002,SKU-7004,Agua mineral 500ml cx 12un,cx,4
2026-05-21,Loja 002,SKU-8001,Embalagem sanduiche pct 100un,pct,9
2026-05-21,Loja 002,SKU-8002,Copo 400ml pct 50un,pct,6
2026-05-21,Loja 002,SKU-8003,Sacola delivery pct 100un,pct,5
2026-05-21,Loja 002,SKU-8004,Guardanapo pct 1000un,pct,3
2026-05-21,Loja 003,SKU-1001,Hamburguer bovino 180g cx 24un,cx,9
2026-05-21,Loja 003,SKU-1002,File de frango congelado 2kg,pct,21
2026-05-21,Loja 003,SKU-1003,Bacon fatiado 1kg,pct,8
2026-05-21,Loja 003,SKU-1004,Linguica toscana 3kg,pct,7
2026-05-21,Loja 003,SKU-2001,Pao de hamburguer pct 12un,pct,26
2026-05-21,Loja 003,SKU-2002,Pao brioche pct 12un,pct,8
2026-05-21,Loja 003,SKU-3001,Queijo cheddar fatiado 1kg,pct,14
2026-05-21,Loja 003,SKU-3002,Queijo mussarela 5kg,pct,10
2026-05-21,Loja 003,SKU-3003,"Requeijao cremoso 1,5kg",pt,4
2026-05-21,Loja 003,SKU-3004,Manteiga 500g,un,7
2026-05-21,Loja 003,SKU-4001,"Batata pre-frita congelada 2,5kg",pct,28
2026-05-21,Loja 003,SKU-4002,Anel de cebola congelado 1kg,pct,5
2026-05-21,Loja 003,SKU-4003,Nuggets congelado 2kg,pct,7
2026-05-21,Loja 003,SKU-5001,Oleo de soja 900ml cx 20un,cx,4
2026-05-21,Loja 003,SKU-5002,"Ketchup galao 3,2kg",gl,2
2026-05-21,Loja 003,SKU-5003,Maionese galao 3kg,gl,4
2026-05-21,Loja 003,SKU-5004,Mostarda galao 3kg,gl,2
2026-05-21,Loja 003,SKU-5005,Sal refinado 1kg,un,2
2026-05-21,Loja 003,SKU-6001,Alface americana un,un,45
2026-05-21,Loja 003,SKU-6002,Tomate salada kg,kg,23.1
2026-05-21,Loja 003,SKU-6003,Cebola kg,kg,15.1
2026-05-21,Loja 003,SKU-6004,Picles fatiado 2kg,pt,2
2026-05-21,Loja 003,SKU-7001,Refrigerante lata cx 24un,cx,10
2026-05-21,Loja 003,SKU-7002,Refrigerante 2L cx 6un,cx,6
2026-05-21,Loja 003,SKU-7003,Suco caixinha cx 12un,cx,5
2026-05-21,Loja 003,SKU-7004,Agua mineral 500ml cx 12un,cx,8
2026-05-21,Loja 003,SKU-8001,Embalagem sanduiche pct 100un,pct,14
2026-05-21,Loja 003,SKU-8002,Copo 400ml pct 50un,pct,9
2026-05-21,Loja 003,SKU-8003,Sacola delivery pct 100un,pct,11
2026-05-21,Loja 003,SKU-8004,Guardanapo pct 1000un,pct,5
2026-05-22,Loja 001,SKU-1001,Hamburguer bovino 180g cx 24un,cx,12
2026-05-22,Loja 001,SKU-1002,File de frango congelado 2kg,pct,17
2026-05-22,Loja 001,SKU-1003,Bacon fatiado 1kg,pct,8
2026-05-22,Loja 001,SKU-1004,Linguica toscana 3kg,pct,6
2026-05-22,Loja 001,SKU-2001,Pao de hamburguer pct 12un,pct,26
2026-05-22,Loja 001,SKU-2002,Pao brioche pct 12un,pct,13
2026-05-22,Loja 001,SKU-3001,Queijo cheddar fatiado 1kg,pct,16
2026-05-22,Loja 001,SKU-3002,Queijo mussarela 5kg,pct,10
2026-05-22,Loja 001,SKU-3003,"Requeijao cremoso 1,5kg",pt,5
2026-05-22,Loja 001,SKU-3004,Manteiga 500g,un,8
2026-05-22,Loja 001,SKU-4001,"Batata pre-frita congelada 2,5kg",pct,25
2026-05-22,Loja 001,SKU-4002,Anel de cebola congelado 1kg,pct,4
2026-05-22,Loja 001,SKU-4003,Nuggets congelado 2kg,pct,6
2026-05-22,Loja 001,SKU-5001,Oleo de soja 900ml cx 20un,cx,4
2026-05-22,Loja 001,SKU-5002,"Ketchup galao 3,2kg",gl,3
2026-05-22,Loja 001,SKU-5003,Maionese galao 3kg,gl,4
2026-05-22,Loja 001,SKU-5004,Mostarda galao 3kg,gl,1
2026-05-22,Loja 001,SKU-5005,Sal refinado 1kg,un,2
2026-05-22,Loja 001,SKU-6001,Alface americana un,un,50
2026-05-22,Loja 001,SKU-6002,Tomate salada kg,kg,21.1
2026-05-22,Loja 001,SKU-6003,Cebola kg,kg,18.3
2026-05-22,Loja 001,SKU-6004,Picles fatiado 2kg,pt,3
2026-05-22,Loja 001,SKU-7001,Refrigerante lata cx 24un,cx,12
2026-05-22,Loja 001,SKU-7002,Refrigerante 2L cx 6un,cx,5
2026-05-22,Loja 001,SKU-7003,Suco caixinha cx 12un,cx,4
2026-05-22,Loja 001,SKU-7004,Agua mineral 500ml cx 12un,cx,7
2026-05-22,Loja 001,SKU-8001,Embalagem sanduiche pct 100un,pct,18
2026-05-22,Loja 001,SKU-8002,Copo 400ml pct 50un,pct,11
2026-05-22,Loja 001,SKU-8003,Sacola delivery pct 100un,pct,9
2026-05-22,Loja 001,SKU-8004,Guardanapo pct 1000un,pct,6
2026-05-22,Loja 002,SKU-1001,Hamburguer bovino 180g cx 24un,cx,9
2026-05-22,Loja 002,SKU-1002,File de frango congelado 2kg,pct,15
2026-05-22,Loja 002,SKU-1003,Bacon fatiado 1kg,pct,6
2026-05-22,Loja 002,SKU-1004,Linguica toscana 3kg,pct,4
2026-05-22,Loja 002,SKU-2001,Pao de hamburguer pct 12un,pct,14
2026-05-22,Loja 002,SKU-2002,Pao brioche pct 12un,pct,7
2026-05-22,Loja 002,SKU-3001,Queijo cheddar fatiado 1kg,pct,13
2026-05-22,Loja 002,SKU-3002,Queijo mussarela 5kg,pct,7
2026-05-22,Loja 002,SKU-3003,"Requeijao cremoso 1,5kg",pt,4
2026-05-22,Loja 002,SKU-3004,Manteiga 500g,un,5
2026-05-22,Loja 002,SKU-4001,"Batata pre-frita congelada 2,5kg",pct,17
2026-05-22,Loja 002,SKU-4002,Anel de cebola congelado 1kg,pct,3
2026-05-22,Loja 002,SKU-4003,Nuggets congelado 2kg,pct,4
2026-05-22,Loja 002,SKU-5001,Oleo de soja 900ml cx 20un,cx,2
2026-05-22,Loja 002,SKU-5002,"Ketchup galao 3,2kg",gl,2
2026-05-22,Loja 002,SKU-5003,Maionese galao 3kg,gl,3
2026-05-22,Loja 002,SKU-5004,Mostarda galao 3kg,gl,1
2026-05-22,Loja 002,SKU-5005,Sal refinado 1kg,un,1
2026-05-22,Loja 002,SKU-6001,Alface americana un,un,18
2026-05-22,Loja 002,SKU-6002,Tomate salada kg,kg,19.5
2026-05-22,Loja 002,SKU-6003,Cebola kg,kg,11.0
2026-05-22,Loja 002,SKU-6004,Picles fatiado 2kg,pt,3
2026-05-22,Loja 002,SKU-7001,Refrigerante lata cx 24un,cx,11
2026-05-22,Loja 002,SKU-7002,Refrigerante 2L cx 6un,cx,4
2026-05-22,Loja 002,SKU-7003,Suco caixinha cx 12un,cx,3
2026-05-22,Loja 002,SKU-7004,Agua mineral 500ml cx 12un,cx,6
2026-05-22,Loja 002,SKU-8001,Embalagem sanduiche pct 100un,pct,15
2026-05-22,Loja 002,SKU-8002,Copo 400ml pct 50un,pct,9
2026-05-22,Loja 002,SKU-8003,Sacola delivery pct 100un,pct,6
2026-05-22,Loja 002,SKU-8004,Guardanapo pct 1000un,pct,5
2026-05-22,Loja 003,SKU-1001,Hamburguer bovino 180g cx 24un,cx,12
2026-05-22,Loja 003,SKU-1002,File de frango congelado 2kg,pct,22
2026-05-22,Loja 003,SKU-1003,Bacon fatiado 1kg,pct,9
2026-05-22,Loja 003,SKU-1004,Linguica toscana 3kg,pct,9
2026-05-22,Loja 003,SKU-2001,Pao de hamburguer pct 12un,pct,28
2026-05-22,Loja 003,SKU-2002,Pao brioche pct 12un,pct,14
2026-05-22,Loja 003,SKU-3001,Queijo cheddar fatiado 1kg,pct,15
2026-05-22,Loja 003,SKU-3002,Queijo mussarela 5kg,pct,13
2026-05-22,Loja 003,SKU-3003,"Requeijao cremoso 1,5kg",pt,5
2026-05-22,Loja 003,SKU-3004,Manteiga 500g,un,9
2026-05-22,Loja 003,SKU-4001,"Batata pre-frita congelada 2,5kg",pct,33
2026-05-22,Loja 003,SKU-4002,Anel de cebola congelado 1kg,pct,5
2026-05-22,Loja 003,SKU-4003,Nuggets congelado 2kg,pct,7
2026-05-22,Loja 003,SKU-5001,Oleo de soja 900ml cx 20un,cx,4
2026-05-22,Loja 003,SKU-5002,"Ketchup galao 3,2kg",gl,3
2026-05-22,Loja 003,SKU-5003,Maionese galao 3kg,gl,5
2026-05-22,Loja 003,SKU-5004,Mostarda galao 3kg,gl,2
2026-05-22,Loja 003,SKU-5005,Sal refinado 1kg,un,3
2026-05-22,Loja 003,SKU-6001,Alface americana un,un,61
2026-05-22,Loja 003,SKU-6002,Tomate salada kg,kg,25.0
2026-05-22,Loja 003,SKU-6003,Cebola kg,kg,22.6
2026-05-22,Loja 003,SKU-6004,Picles fatiado 2kg,pt,5
2026-05-22,Loja 003,SKU-7001,Refrigerante lata cx 24un,cx,15
2026-05-22,Loja 003,SKU-7002,Refrigerante 2L cx 6un,cx,9
2026-05-22,Loja 003,SKU-7003,Suco caixinha cx 12un,cx,5
2026-05-22,Loja 003,SKU-7004,Agua mineral 500ml cx 12un,cx,10
2026-05-22,Loja 003,SKU-8001,Embalagem sanduiche pct 100un,pct,27
2026-05-22,Loja 003,SKU-8002,Copo 400ml pct 50un,pct,13
2026-05-22,Loja 003,SKU-8003,Sacola delivery pct 100un,pct,11
2026-05-22,Loja 003,SKU-8004,Guardanapo pct 1000un,pct,9
2026-05-23,Loja 001,SKU-1001,Hamburguer bovino 180g cx 24un,cx,11
2026-05-23,Loja 001,SKU-1002,File de frango congelado 2kg,pct,25
2026-05-23,Loja 001,SKU-1003,Bacon fatiado 1kg,pct,11
2026-05-23,Loja 001,SKU-1004,Linguica toscana 3kg,pct,6
2026-05-23,Loja 001,SKU-2001,Pao de hamburguer pct 12un,pct,37
2026-05-23,Loja 001,SKU-2002,Pao brioche pct 12un,pct,17
2026-05-23,Loja 001,SKU-3001,Queijo cheddar fatiado 1kg,pct,13
2026-05-23,Loja 001,SKU-3002,Queijo mussarela 5kg,pct,12
2026-05-23,Loja 001,SKU-3003,"Requeijao cremoso 1,5kg",pt,6
2026-05-23,Loja 001,SKU-3004,Manteiga 500g,un,6
2026-05-23,Loja 001,SKU-4001,"Batata pre-frita congelada 2,5kg",pct,25
2026-05-23,Loja 001,SKU-4002,Anel de cebola congelado 1kg,pct,6
2026-05-23,Loja 001,SKU-4003,Nuggets congelado 2kg,pct,6
2026-05-23,Loja 001,SKU-5001,Oleo de soja 900ml cx 20un,cx,5
2026-05-23,Loja 001,SKU-5002,"Ketchup galao 3,2kg",gl,3
2026-05-23,Loja 001,SKU-5003,Maionese galao 3kg,gl,3
2026-05-23,Loja 001,SKU-5004,Mostarda galao 3kg,gl,2
2026-05-23,Loja 001,SKU-5005,Sal refinado 1kg,un,2
2026-05-23,Loja 001,SKU-6001,Alface americana un,un,35
2026-05-23,Loja 001,SKU-6002,Tomate salada kg,kg,23.2
2026-05-23,Loja 001,SKU-6003,Cebola kg,kg,22.9
2026-05-23,Loja 001,SKU-6004,Picles fatiado 2kg,pt,4
2026-05-23,Loja 001,SKU-7001,Refrigerante lata cx 24un,cx,14
2026-05-23,Loja 001,SKU-7002,Refrigerante 2L cx 6un,cx,6
2026-05-23,Loja 001,SKU-7003,Suco caixinha cx 12un,cx,5
2026-05-23,Loja 001,SKU-7004,Agua mineral 500ml cx 12un,cx,7
2026-05-23,Loja 001,SKU-8001,Embalagem sanduiche pct 100un,pct,21
2026-05-23,Loja 001,SKU-8002,Copo 400ml pct 50un,pct,14
2026-05-23,Loja 001,SKU-8003,Sacola delivery pct 100un,pct,12
2026-05-23,Loja 001,SKU-8004,Guardanapo pct 1000un,pct,5
2026-05-23,Loja 002,SKU-1001,Hamburguer bovino 180g cx 24un,cx,11
2026-05-23,Loja 002,SKU-1002,File de frango congelado 2kg,pct,12
2026-05-23,Loja 002,SKU-1003,Bacon fatiado 1kg,pct,8
2026-05-23,Loja 002,SKU-1004,Linguica toscana 3kg,pct,6
2026-05-23,Loja 002,SKU-2001,Pao de hamburguer pct 12un,pct,28
2026-05-23,Loja 002,SKU-2002,Pao brioche pct 12un,pct,11
2026-05-23,Loja 002,SKU-3001,Queijo cheddar fatiado 1kg,pct,13
2026-05-23,Loja 002,SKU-3002,Queijo mussarela 5kg,pct,7
2026-05-23,Loja 002,SKU-3003,"Requeijao cremoso 1,5kg",pt,4
2026-05-23,Loja 002,SKU-3004,Manteiga 500g,un,6
2026-05-23,Loja 002,SKU-4001,"Batata pre-frita congelada 2,5kg",pct,17
2026-05-23,Loja 002,SKU-4002,Anel de cebola congelado 1kg,pct,3
2026-05-23,Loja 002,SKU-4003,Nuggets congelado 2kg,pct,5
2026-05-23,Loja 002,SKU-5001,Oleo de soja 900ml cx 20un,cx,3
2026-05-23,Loja 002,SKU-5002,"Ketchup galao 3,2kg",gl,2
2026-05-23,Loja 002,SKU-5003,Maionese galao 3kg,gl,3
2026-05-23,Loja 002,SKU-5004,Mostarda galao 3kg,gl,1
2026-05-23,Loja 002,SKU-5005,Sal refinado 1kg,un,1
2026-05-23,Loja 002,SKU-6001,Alface americana un,un,24
2026-05-23,Loja 002,SKU-6002,Tomate salada kg,kg,22.5
2026-05-23,Loja 002,SKU-6003,Cebola kg,kg,9.2
2026-05-23,Loja 002,SKU-6004,Picles fatiado 2kg,pt,2
2026-05-23,Loja 002,SKU-7001,Refrigerante lata cx 24un,cx,11
2026-05-23,Loja 002,SKU-7002,Refrigerante 2L cx 6un,cx,5
2026-05-23,Loja 002,SKU-7003,Suco caixinha cx 12un,cx,3
2026-05-23,Loja 002,SKU-7004,Agua mineral 500ml cx 12un,cx,5
2026-05-23,Loja 002,SKU-8001,Embalagem sanduiche pct 100un,pct,14
2026-05-23,Loja 002,SKU-8002,Copo 400ml pct 50un,pct,11
2026-05-23,Loja 002,SKU-8003,Sacola delivery pct 100un,pct,9
2026-05-23,Loja 002,SKU-8004,Guardanapo pct 1000un,pct,5
2026-05-23,Loja 003,SKU-1001,Hamburguer bovino 180g cx 24un,cx,14
2026-05-23,Loja 003,SKU-1002,File de frango congelado 2kg,pct,27
2026-05-23,Loja 003,SKU-1003,Bacon fatiado 1kg,pct,12
2026-05-23,Loja 003,SKU-1004,Linguica toscana 3kg,pct,9
2026-05-23,Loja 003,SKU-2001,Pao de hamburguer pct 12un,pct,46
2026-05-23,Loja 003,SKU-2002,Pao brioche pct 12un,pct,16
2026-05-23,Loja 003,SKU-3001,Queijo cheddar fatiado 1kg,pct,22
2026-05-23,Loja 003,SKU-3002,Queijo mussarela 5kg,pct,12
2026-05-23,Loja 003,SKU-3003,"Requeijao cremoso 1,5kg",pt,8
2026-05-23,Loja 003,SKU-3004,Manteiga 500g,un,8
2026-05-23,Loja 003,SKU-4001,"Batata pre-frita congelada 2,5kg",pct,37
2026-05-23,Loja 003,SKU-4002,Anel de cebola congelado 1kg,pct,7
2026-05-23,Loja 003,SKU-4003,Nuggets congelado 2kg,pct,9
2026-05-23,Loja 003,SKU-5001,Oleo de soja 900ml cx 20un,cx,5
2026-05-23,Loja 003,SKU-5002,"Ketchup galao 3,2kg",gl,4
2026-05-23,Loja 003,SKU-5003,Maionese galao 3kg,gl,4
2026-05-23,Loja 003,SKU-5004,Mostarda galao 3kg,gl,3
2026-05-23,Loja 003,SKU-5005,Sal refinado 1kg,un,2
2026-05-23,Loja 003,SKU-6001,Alface americana un,un,54
2026-05-23,Loja 003,SKU-6002,Tomate salada kg,kg,48.2
2026-05-23,Loja 003,SKU-6003,Cebola kg,kg,22.2
2026-05-23,Loja 003,SKU-6004,Picles fatiado 2kg,pt,5
2026-05-23,Loja 003,SKU-7001,Refrigerante lata cx 24un,cx,23
2026-05-23,Loja 003,SKU-7002,Refrigerante 2L cx 6un,cx,7
2026-05-23,Loja 003,SKU-7003,Suco caixinha cx 12un,cx,5
2026-05-23,Loja 003,SKU-7004,Agua mineral 500ml cx 12un,cx,10
2026-05-23,Loja 003,SKU-8001,Embalagem sanduiche pct 100un,pct,24
2026-05-23,Loja 003,SKU-8002,Copo 400ml pct 50un,pct,18
2026-05-23,Loja 003,SKU-8003,Sacola delivery pct 100un,pct,16
2026-05-23,Loja 003,SKU-8004,Guardanapo pct 1000un,pct,6
2026-05-24,Loja 001,SKU-1001,Hamburguer bovino 180g cx 24un,cx,10
2026-05-24,Loja 001,SKU-1002,File de frango congelado 2kg,pct,13
2026-05-24,Loja 001,SKU-1003,Bacon fatiado 1kg,pct,8
2026-05-24,Loja 001,SKU-1004,Linguica toscana 3kg,pct,4
2026-05-24,Loja 001,SKU-2001,Pao de hamburguer pct 12un,pct,33
2026-05-24,Loja 001,SKU-2002,Pao brioche pct 12un,pct,10
2026-05-24,Loja 001,SKU-3001,Queijo cheddar fatiado 1kg,pct,12
2026-05-24,Loja 001,SKU-3002,Queijo mussarela 5kg,pct,9
2026-05-24,Loja 001,SKU-3003,"Requeijao cremoso 1,5kg",pt,4
2026-05-24,Loja 001,SKU-3004,Manteiga 500g,un,7
2026-05-24,Loja 001,SKU-4001,"Batata pre-frita congelada 2,5kg",pct,24
2026-05-24,Loja 001,SKU-4002,Anel de cebola congelado 1kg,pct,4
2026-05-24,Loja 001,SKU-4003,Nuggets congelado 2kg,pct,6
2026-05-24,Loja 001,SKU-5001,Oleo de soja 900ml cx 20un,cx,3
2026-05-24,Loja 001,SKU-5002,"Ketchup galao 3,2kg",gl,2
2026-05-24,Loja 001,SKU-5003,Maionese galao 3kg,gl,3
2026-05-24,Loja 001,SKU-5004,Mostarda galao 3kg,gl,1
2026-05-24,Loja 001,SKU-5005,Sal refinado 1kg,un,1
2026-05-24,Loja 001,SKU-6001,Alface americana un,un,19
2026-05-24,Loja 001,SKU-6002,Tomate salada kg,kg,30.8
2026-05-24,Loja 001,SKU-6003,Cebola kg,kg,9.8
2026-05-24,Loja 001,SKU-6004,Picles fatiado 2kg,pt,2
2026-05-24,Loja 001,SKU-7001,Refrigerante lata cx 24un,cx,12
2026-05-24,Loja 001,SKU-7002,Refrigerante 2L cx 6un,cx,5
2026-05-24,Loja 001,SKU-7003,Suco caixinha cx 12un,cx,4
2026-05-24,Loja 001,SKU-7004,Agua mineral 500ml cx 12un,cx,7
2026-05-24,Loja 001,SKU-8001,Embalagem sanduiche pct 100un,pct,16
2026-05-24,Loja 001,SKU-8002,Copo 400ml pct 50un,pct,9
2026-05-24,Loja 001,SKU-8003,Sacola delivery pct 100un,pct,8
2026-05-24,Loja 001,SKU-8004,Guardanapo pct 1000un,pct,5
2026-05-24,Loja 002,SKU-1001,Hamburguer bovino 180g cx 24un,cx,7
2026-05-24,Loja 002,SKU-1002,File de frango congelado 2kg,pct,12
2026-05-24,Loja 002,SKU-1003,Bacon fatiado 1kg,pct,5
2026-05-24,Loja 002,SKU-1004,Linguica toscana 3kg,pct,5
2026-05-24,Loja 002,SKU-2001,Pao de hamburguer pct 12un,pct,14
2026-05-24,Loja 002,SKU-2002,Pao brioche pct 12un,pct,7
2026-05-24,Loja 002,SKU-3001,Queijo cheddar fatiado 1kg,pct,9
2026-05-24,Loja 002,SKU-3002,Queijo mussarela 5kg,pct,7
2026-05-24,Loja 002,SKU-3003,"Requeijao cremoso 1,5kg",pt,3
2026-05-24,Loja 002,SKU-3004,Manteiga 500g,un,4
2026-05-24,Loja 002,SKU-4001,"Batata pre-frita congelada 2,5kg",pct,17
2026-05-24,Loja 002,SKU-4002,Anel de cebola congelado 1kg,pct,3
2026-05-24,Loja 002,SKU-4003,Nuggets congelado 2kg,pct,3
2026-05-24,Loja 002,SKU-5001,Oleo de soja 900ml cx 20un,cx,2
2026-05-24,Loja 002,SKU-5002,"Ketchup galao 3,2kg",gl,2
2026-05-24,Loja 002,SKU-5003,Maionese galao 3kg,gl,2
2026-05-24,Loja 002,SKU-5004,Mostarda galao 3kg,gl,1
2026-05-24,Loja 002,SKU-5005,Sal refinado 1kg,un,1
2026-05-24,Loja 002,SKU-6001,Alface americana un,un,28
2026-05-24,Loja 002,SKU-6002,Tomate salada kg,kg,14.4
2026-05-24,Loja 002,SKU-6003,Cebola kg,kg,8.9
2026-05-24,Loja 002,SKU-6004,Picles fatiado 2kg,pt,1
2026-05-24,Loja 002,SKU-7001,Refrigerante lata cx 24un,cx,9
2026-05-24,Loja 002,SKU-7002,Refrigerante 2L cx 6un,cx,3
2026-05-24,Loja 002,SKU-7003,Suco caixinha cx 12un,cx,2
2026-05-24,Loja 002,SKU-7004,Agua mineral 500ml cx 12un,cx,4
2026-05-24,Loja 002,SKU-8001,Embalagem sanduiche pct 100un,pct,10
2026-05-24,Loja 002,SKU-8002,Copo 400ml pct 50un,pct,6
2026-05-24,Loja 002,SKU-8003,Sacola delivery pct 100un,pct,6
2026-05-24,Loja 002,SKU-8004,Guardanapo pct 1000un,pct,3
2026-05-24,Loja 003,SKU-1001,Hamburguer bovino 180g cx 24un,cx,12
2026-05-24,Loja 003,SKU-1002,File de frango congelado 2kg,pct,22
2026-05-24,Loja 003,SKU-1003,Bacon fatiado 1kg,pct,9
2026-05-24,Loja 003,SKU-1004,Linguica toscana 3kg,pct,7
2026-05-24,Loja 003,SKU-2001,Pao de hamburguer pct 12un,pct,39
2026-05-24,Loja 003,SKU-2002,Pao brioche pct 12un,pct,11
2026-05-24,Loja 003,SKU-3001,Queijo cheddar fatiado 1kg,pct,19
2026-05-24,Loja 003,SKU-3002,Queijo mussarela 5kg,pct,11
2026-05-24,Loja 003,SKU-3003,"Requeijao cremoso 1,5kg",pt,5
2026-05-24,Loja 003,SKU-3004,Manteiga 500g,un,6
2026-05-24,Loja 003,SKU-4001,"Batata pre-frita congelada 2,5kg",pct,31
2026-05-24,Loja 003,SKU-4002,Anel de cebola congelado 1kg,pct,5
2026-05-24,Loja 003,SKU-4003,Nuggets congelado 2kg,pct,5
2026-05-24,Loja 003,SKU-5001,Oleo de soja 900ml cx 20un,cx,4
2026-05-24,Loja 003,SKU-5002,"Ketchup galao 3,2kg",gl,4
2026-05-24,Loja 003,SKU-5003,Maionese galao 3kg,gl,4
2026-05-24,Loja 003,SKU-5004,Mostarda galao 3kg,gl,2
2026-05-24,Loja 003,SKU-5005,Sal refinado 1kg,un,2
2026-05-24,Loja 003,SKU-6001,Alface americana un,un,46
2026-05-24,Loja 003,SKU-6002,Tomate salada kg,kg,18.1
2026-05-24,Loja 003,SKU-6003,Cebola kg,kg,18.5
2026-05-24,Loja 003,SKU-6004,Picles fatiado 2kg,pt,4
2026-05-24,Loja 003,SKU-7001,Refrigerante lata cx 24un,cx,12
2026-05-24,Loja 003,SKU-7002,Refrigerante 2L cx 6un,cx,5
2026-05-24,Loja 003,SKU-7003,Suco caixinha cx 12un,cx,4
2026-05-24,Loja 003,SKU-7004,Agua mineral 500ml cx 12un,cx,8
2026-05-24,Loja 003,SKU-8001,Embalagem sanduiche pct 100un,pct,22
2026-05-24,Loja 003,SKU-8002,Copo 400ml pct 50un,pct,11
2026-05-24,Loja 003,SKU-8003,Sacola delivery pct 100un,pct,10
2026-05-24,Loja 003,SKU-8004,Guardanapo pct 1000un,pct,6
2026-05-25,Loja 001,SKU-1001,Hamburguer bovino 180g cx 24un,cx,9
2026-05-25,Loja 001,SKU-1002,File de frango congelado 2kg,pct,10
2026-05-25,Loja 001,SKU-1003,Bacon fatiado 1kg,pct,4
2026-05-25,Loja 001,SKU-1004,Linguica toscana 3kg,pct,3
2026-05-25,Loja 001,SKU-2001,Pao de hamburguer pct 12un,pct,14
2026-05-25,Loja 001,SKU-2002,Pao brioche pct 12un,pct,11
2026-05-25,Loja 001,SKU-3001,Queijo cheddar fatiado 1kg,pct,8
2026-05-25,Loja 001,SKU-3002,Queijo mussarela 5kg,pct,7
2026-05-25,Loja 001,SKU-3003,"Requeijao cremoso 1,5kg",pt,2
2026-05-25,Loja 001,SKU-3004,Manteiga 500g,un,4
2026-05-25,Loja 001,SKU-4001,"Batata pre-frita congelada 2,5kg",pct,17
2026-05-25,Loja 001,SKU-4002,Anel de cebola congelado 1kg,pct,2
2026-05-25,Loja 001,SKU-4003,Nuggets congelado 2kg,pct,3
2026-05-25,Loja 001,SKU-5001,Oleo de soja 900ml cx 20un,cx,2
2026-05-25,Loja 001,SKU-5002,"Ketchup galao 3,2kg",gl,2
2026-05-25,Loja 001,SKU-5003,Maionese galao 3kg,gl,2
2026-05-25,Loja 001,SKU-5004,Mostarda galao 3kg,gl,1
2026-05-25,Loja 001,SKU-5005,Sal refinado 1kg,un,1
2026-05-25,Loja 001,SKU-6001,Alface americana un,un,18
2026-05-25,Loja 001,SKU-6002,Tomate salada kg,kg,16.5
2026-05-25,Loja 001,SKU-6003,Cebola kg,kg,6.8
2026-05-25,Loja 001,SKU-6004,Picles fatiado 2kg,pt,2
2026-05-25,Loja 001,SKU-7001,Refrigerante lata cx 24un,cx,8
2026-05-25,Loja 001,SKU-7002,Refrigerante 2L cx 6un,cx,3
2026-05-25,Loja 001,SKU-7003,Suco caixinha cx 12un,cx,3
2026-05-25,Loja 001,SKU-7004,Agua mineral 500ml cx 12un,cx,5
2026-05-25,Loja 001,SKU-8001,Embalagem sanduiche pct 100un,pct,10
2026-05-25,Loja 001,SKU-8002,Copo 400ml pct 50un,pct,6
2026-05-25,Loja 001,SKU-8003,Sacola delivery pct 100un,pct,6
2026-05-25,Loja 001,SKU-8004,Guardanapo pct 1000un,pct,3
2026-05-25,Loja 002,SKU-1001,Hamburguer bovino 180g cx 24un,cx,4
2026-05-25,Loja 002,SKU-1002,File de frango congelado 2kg,pct,7
2026-05-25,Loja 002,SKU-1003,Bacon fatiado 1kg,pct,4
2026-05-25,Loja 002,SKU-1004,Linguica toscana 3kg,pct,3
2026-05-25,Loja 002,SKU-2001,Pao de hamburguer pct 12un,pct,16
2026-05-25,Loja 002,SKU-2002,Pao brioche pct 12un,pct,8
2026-05-25,Loja 002,SKU-3001,Queijo cheddar fatiado 1kg,pct,7
2026-05-25,Loja 002,SKU-3002,Queijo mussarela 5kg,pct,4
2026-05-25,Loja 002,SKU-3003,"Requeijao cremoso 1,5kg",pt,3
2026-05-25,Loja 002,SKU-3004,Manteiga 500g,un,4
2026-05-25,Loja 002,SKU-4001,"Batata pre-frita congelada 2,5kg",pct,13
2026-05-25,Loja 002,SKU-4002,Anel de cebola congelado 1kg,pct,2
2026-05-25,Loja 002,SKU-4003,Nuggets congelado 2kg,pct,3
2026-05-25,Loja 002,SKU-5001,Oleo de soja 900ml cx 20un,cx,2
2026-05-25,Loja 002,SKU-5002,"Ketchup galao 3,2kg",gl,1
2026-05-25,Loja 002,SKU-5003,Maionese galao 3kg,gl,2
2026-05-25,Loja 002,SKU-5004,Mostarda galao 3kg,gl,1
2026-05-25,Loja 002,SKU-5005,Sal refinado 1kg,un,1
2026-05-25,Loja 002,SKU-6001,Alface americana un,un,15
2026-05-25,Loja 002,SKU-6002,Tomate salada kg,kg,9.9
2026-05-25,Loja 002,SKU-6003,Cebola kg,kg,10.0
2026-05-25,Loja 002,SKU-6004,Picles fatiado 2kg,pt,1
2026-05-25,Loja 002,SKU-7001,Refrigerante lata cx 24un,cx,5
2026-05-25,Loja 002,SKU-7002,Refrigerante 2L cx 6un,cx,3
2026-05-25,Loja 002,SKU-7003,Suco caixinha cx 12un,cx,2
2026-05-25,Loja 002,SKU-7004,Agua mineral 500ml cx 12un,cx,3
2026-05-25,Loja 002,SKU-8001,Embalagem sanduiche pct 100un,pct,9
2026-05-25,Loja 002,SKU-8002,Copo 400ml pct 50un,pct,6
2026-05-25,Loja 002,SKU-8003,Sacola delivery pct 100un,pct,4
2026-05-25,Loja 002,SKU-8004,Guardanapo pct 1000un,pct,3
2026-05-25,Loja 003,SKU-1001,Hamburguer bovino 180g cx 24un,cx,7
2026-05-25,Loja 003,SKU-1002,File de frango congelado 2kg,pct,16
2026-05-25,Loja 003,SKU-1003,Bacon fatiado 1kg,pct,8
2026-05-25,Loja 003,SKU-1004,Linguica toscana 3kg,pct,6
2026-05-25,Loja 003,SKU-2001,Pao de hamburguer pct 12un,pct,18
2026-05-25,Loja 003,SKU-2002,Pao brioche pct 12un,pct,14
2026-05-25,Loja 003,SKU-3001,Queijo cheddar fatiado 1kg,pct,10
2026-05-25,Loja 003,SKU-3002,Queijo mussarela 5kg,pct,10
2026-05-25,Loja 003,SKU-3003,"Requeijao cremoso 1,5kg",pt,3
2026-05-25,Loja 003,SKU-3004,Manteiga 500g,un,6
2026-05-25,Loja 003,SKU-4001,"Batata pre-frita congelada 2,5kg",pct,25
2026-05-25,Loja 003,SKU-4002,Anel de cebola congelado 1kg,pct,3
2026-05-25,Loja 003,SKU-4003,Nuggets congelado 2kg,pct,5
2026-05-25,Loja 003,SKU-5001,Oleo de soja 900ml cx 20un,cx,3
2026-05-25,Loja 003,SKU-5002,"Ketchup galao 3,2kg",gl,2
2026-05-25,Loja 003,SKU-5003,Maionese galao 3kg,gl,3
2026-05-25,Loja 003,SKU-5004,Mostarda galao 3kg,gl,1
2026-05-25,Loja 003,SKU-5005,Sal refinado 1kg,un,2
2026-05-25,Loja 003,SKU-6001,Alface americana un,un,35
2026-05-25,Loja 003,SKU-6002,Tomate salada kg,kg,13.9
2026-05-25,Loja 003,SKU-6003,Cebola kg,kg,17.0
2026-05-25,Loja 003,SKU-6004,Picles fatiado 2kg,pt,2
2026-05-25,Loja 003,SKU-7001,Refrigerante lata cx 24un,cx,12
2026-05-25,Loja 003,SKU-7002,Refrigerante 2L cx 6un,cx,4
2026-05-25,Loja 003,SKU-7003,Suco caixinha cx 12un,cx,3
2026-05-25,Loja 003,SKU-7004,Agua mineral 500ml cx 12un,cx,7
2026-05-25,Loja 003,SKU-8001,Embalagem sanduiche pct 100un,pct,14
2026-05-25,Loja 003,SKU-8002,Copo 400ml pct 50un,pct,10
2026-05-25,Loja 003,SKU-8003,Sacola delivery pct 100un,pct,6
2026-05-25,Loja 003,SKU-8004,Guardanapo pct 1000un,pct,5
2026-05-26,Loja 001,SKU-1001,Hamburguer bovino 180g cx 24un,cx,9
2026-05-26,Loja 001,SKU-1002,File de frango congelado 2kg,pct,14
2026-05-26,Loja 001,SKU-1003,Bacon fatiado 1kg,pct,5
2026-05-26,Loja 001,SKU-1004,Linguica toscana 3kg,pct,4
2026-05-26,Loja 001,SKU-2001,Pao de hamburguer pct 12un,pct,13
2026-05-26,Loja 001,SKU-2002,Pao brioche pct 12un,pct,8
2026-05-26,Loja 001,SKU-3001,Queijo cheddar fatiado 1kg,pct,10
2026-05-26,Loja 001,SKU-3002,Queijo mussarela 5kg,pct,7
2026-05-26,Loja 001,SKU-3003,"Requeijao cremoso 1,5kg",pt,3
2026-05-26,Loja 001,SKU-3004,Manteiga 500g,un,4
2026-05-26,Loja 001,SKU-4001,"Batata pre-frita congelada 2,5kg",pct,16
2026-05-26,Loja 001,SKU-4002,Anel de cebola congelado 1kg,pct,3
2026-05-26,Loja 001,SKU-4003,Nuggets congelado 2kg,pct,5
2026-05-26,Loja 001,SKU-5001,Oleo de soja 900ml cx 20un,cx,2
2026-05-26,Loja 001,SKU-5002,"Ketchup galao 3,2kg",gl,2
2026-05-26,Loja 001,SKU-5003,Maionese galao 3kg,gl,3
2026-05-26,Loja 001,SKU-5004,Mostarda galao 3kg,gl,1
2026-05-26,Loja 001,SKU-5005,Sal refinado 1kg,un,1
2026-05-26,Loja 001,SKU-6001,Alface americana un,un,16
2026-05-26,Loja 001,SKU-6002,Tomate salada kg,kg,18.3
2026-05-26,Loja 001,SKU-6003,Cebola kg,kg,12.5
2026-05-26,Loja 001,SKU-6004,Picles fatiado 2kg,pt,2
2026-05-26,Loja 001,SKU-7001,Refrigerante lata cx 24un,cx,7
2026-05-26,Loja 001,SKU-7002,Refrigerante 2L cx 6un,cx,4
2026-05-26,Loja 001,SKU-7003,Suco caixinha cx 12un,cx,3
2026-05-26,Loja 001,SKU-7004,Agua mineral 500ml cx 12un,cx,5
2026-05-26,Loja 001,SKU-8001,Embalagem sanduiche pct 100un,pct,14
2026-05-26,Loja 001,SKU-8002,Copo 400ml pct 50un,pct,9
2026-05-26,Loja 001,SKU-8003,Sacola delivery pct 100un,pct,6
2026-05-26,Loja 001,SKU-8004,Guardanapo pct 1000un,pct,4
2026-05-26,Loja 002,SKU-1001,Hamburguer bovino 180g cx 24un,cx,5
2026-05-26,Loja 002,SKU-1002,File de frango congelado 2kg,pct,10
2026-05-26,Loja 002,SKU-1003,Bacon fatiado 1kg,pct,4
2026-05-26,Loja 002,SKU-1004,Linguica toscana 3kg,pct,2
2026-05-26,Loja 002,SKU-2001,Pao de hamburguer pct 12un,pct,16
2026-05-26,Loja 002,SKU-2002,Pao brioche pct 12un,pct,7
2026-05-26,Loja 002,SKU-3001,Queijo cheddar fatiado 1kg,pct,6
2026-05-26,Loja 002,SKU-3002,Queijo mussarela 5kg,pct,4
2026-05-26,Loja 002,SKU-3003,"Requeijao cremoso 1,5kg",pt,3
2026-05-26,Loja 002,SKU-3004,Manteiga 500g,un,4
2026-05-26,Loja 002,SKU-4001,"Batata pre-frita congelada 2,5kg",pct,11
2026-05-26,Loja 002,SKU-4002,Anel de cebola congelado 1kg,pct,2
2026-05-26,Loja 002,SKU-4003,Nuggets congelado 2kg,pct,2
2026-05-26,Loja 002,SKU-5001,Oleo de soja 900ml cx 20un,cx,1
2026-05-26,Loja 002,SKU-5002,"Ketchup galao 3,2kg",gl,1
2026-05-26,Loja 002,SKU-5003,Maionese galao 3kg,gl,2
2026-05-26,Loja 002,SKU-5004,Mostarda galao 3kg,gl,1
2026-05-26,Loja 002,SKU-5005,Sal refinado 1kg,un,1
2026-05-26,Loja 002,SKU-6001,Alface americana un,un,18
2026-05-26,Loja 002,SKU-6002,Tomate salada kg,kg,17.4
2026-05-26,Loja 002,SKU-6003,Cebola kg,kg,10.6
2026-05-26,Loja 002,SKU-6004,Picles fatiado 2kg,pt,1
2026-05-26,Loja 002,SKU-7001,Refrigerante lata cx 24un,cx,5
2026-05-26,Loja 002,SKU-7002,Refrigerante 2L cx 6un,cx,3
2026-05-26,Loja 002,SKU-7003,Suco caixinha cx 12un,cx,2
2026-05-26,Loja 002,SKU-7004,Agua mineral 500ml cx 12un,cx,4
2026-05-26,Loja 002,SKU-8001,Embalagem sanduiche pct 100un,pct,7
2026-05-26,Loja 002,SKU-8002,Copo 400ml pct 50un,pct,6
2026-05-26,Loja 002,SKU-8003,Sacola delivery pct 100un,pct,4
2026-05-26,Loja 002,SKU-8004,Guardanapo pct 1000un,pct,2
2026-05-26,Loja 003,SKU-1001,Hamburguer bovino 180g cx 24un,cx,11
2026-05-26,Loja 003,SKU-1002,File de frango congelado 2kg,pct,15
2026-05-26,Loja 003,SKU-1003,Bacon fatiado 1kg,pct,6
2026-05-26,Loja 003,SKU-1004,Linguica toscana 3kg,pct,5
2026-05-26,Loja 003,SKU-2001,Pao de hamburguer pct 12un,pct,19
2026-05-26,Loja 003,SKU-2002,Pao brioche pct 12un,pct,7
2026-05-26,Loja 003,SKU-3001,Queijo cheddar fatiado 1kg,pct,14
2026-05-26,Loja 003,SKU-3002,Queijo mussarela 5kg,pct,7
2026-05-26,Loja 003,SKU-3003,"Requeijao cremoso 1,5kg",pt,4
2026-05-26,Loja 003,SKU-3004,Manteiga 500g,un,7
2026-05-26,Loja 003,SKU-4001,"Batata pre-frita congelada 2,5kg",pct,25
2026-05-26,Loja 003,SKU-4002,Anel de cebola congelado 1kg,pct,4
2026-05-26,Loja 003,SKU-4003,Nuggets congelado 2kg,pct,5
2026-05-26,Loja 003,SKU-5001,Oleo de soja 900ml cx 20un,cx,3
2026-05-26,Loja 003,SKU-5002,"Ketchup galao 3,2kg",gl,2
2026-05-26,Loja 003,SKU-5003,Maionese galao 3kg,gl,3
2026-05-26,Loja 003,SKU-5004,Mostarda galao 3kg,gl,1
2026-05-26,Loja 003,SKU-5005,Sal refinado 1kg,un,1
2026-05-26,Loja 003,SKU-6001,Alface americana un,un,30
2026-05-26,Loja 003,SKU-6002,Tomate salada kg,kg,18.4
2026-05-26,Loja 003,SKU-6003,Cebola kg,kg,11.0
2026-05-26,Loja 003,SKU-6004,Picles fatiado 2kg,pt,2
2026-05-26,Loja 003,SKU-7001,Refrigerante lata cx 24un,cx,10
2026-05-26,Loja 003,SKU-7002,Refrigerante 2L cx 6un,cx,5
2026-05-26,Loja 003,SKU-7003,Suco caixinha cx 12un,cx,3
2026-05-26,Loja 003,SKU-7004,Agua mineral 500ml cx 12un,cx,5
2026-05-26,Loja 003,SKU-8001,Embalagem sanduiche pct 100un,pct,18
2026-05-26,Loja 003,SKU-8002,Copo 400ml pct 50un,pct,11
2026-05-26,Loja 003,SKU-8003,Sacola delivery pct 100un,pct,9
2026-05-26,Loja 003,SKU-8004,Guardanapo pct 1000un,pct,4
2026-05-27,Loja 001,SKU-1001,Hamburguer bovino 180g cx 24un,cx,7
2026-05-27,Loja 001,SKU-1002,File de frango congelado 2kg,pct,12
2026-05-27,Loja 001,SKU-1003,Bacon fatiado 1kg,pct,7
2026-05-27,Loja 001,SKU-1004,Linguica toscana 3kg,pct,4
2026-05-27,Loja 001,SKU-2001,Pao de hamburguer pct 12un,pct,24
2026-05-27,Loja 001,SKU-2002,Pao brioche pct 12un,pct,6
2026-05-27,Loja 001,SKU-3001,Queijo cheddar fatiado 1kg,pct,11
2026-05-27,Loja 001,SKU-3002,Queijo mussarela 5kg,pct,8
2026-05-27,Loja 001,SKU-3003,"Requeijao cremoso 1,5kg",pt,3
2026-05-27,Loja 001,SKU-3004,Manteiga 500g,un,5
2026-05-27,Loja 001,SKU-4001,"Batata pre-frita congelada 2,5kg",pct,19
2026-05-27,Loja 001,SKU-4002,Anel de cebola congelado 1kg,pct,3
2026-05-27,Loja 001,SKU-4003,Nuggets congelado 2kg,pct,4
2026-05-27,Loja 001,SKU-5001,Oleo de soja 900ml cx 20un,cx,2
2026-05-27,Loja 001,SKU-5002,"Ketchup galao 3,2kg",gl,2
2026-05-27,Loja 001,SKU-5003,Maionese galao 3kg,gl,2
2026-05-27,Loja 001,SKU-5004,Mostarda galao 3kg,gl,1
2026-05-27,Loja 001,SKU-5005,Sal refinado 1kg,un,1
2026-05-27,Loja 001,SKU-6001,Alface americana un,un,32
2026-05-27,Loja 001,SKU-6002,Tomate salada kg,kg,16.8
2026-05-27,Loja 001,SKU-6003,Cebola kg,kg,7.9
2026-05-27,Loja 001,SKU-6004,Picles fatiado 2kg,pt,2
2026-05-27,Loja 001,SKU-7001,Refrigerante lata cx 24un,cx,9
2026-05-27,Loja 001,SKU-7002,Refrigerante 2L cx 6un,cx,3
2026-05-27,Loja 001,SKU-7003,Suco caixinha cx 12un,cx,3
2026-05-27,Loja 001,SKU-7004,Agua mineral 500ml cx 12un,cx,6
2026-05-27,Loja 001,SKU-8001,Embalagem sanduiche pct 100un,pct,12
2026-05-27,Loja 001,SKU-8002,Copo 400ml pct 50un,pct,10
2026-05-27,Loja 001,SKU-8003,Sacola delivery pct 100un,pct,8
2026-05-27,Loja 001,SKU-8004,Guardanapo pct 1000un,pct,3
2026-05-27,Loja 002,SKU-1001,Hamburguer bovino 180g cx 24un,cx,7
2026-05-27,Loja 002,SKU-1002,File de frango congelado 2kg,pct,8
2026-05-27,Loja 002,SKU-1003,Bacon fatiado 1kg,pct,4
2026-05-27,Loja 002,SKU-1004,Linguica toscana 3kg,pct,3
2026-05-27,Loja 002,SKU-2001,Pao de hamburguer pct 12un,pct,21
2026-05-27,Loja 002,SKU-2002,Pao brioche pct 12un,pct,7
2026-05-27,Loja 002,SKU-3001,Queijo cheddar fatiado 1kg,pct,8
2026-05-27,Loja 002,SKU-3002,Queijo mussarela 5kg,pct,5
2026-05-27,Loja 002,SKU-3003,"Requeijao cremoso 1,5kg",pt,2
2026-05-27,Loja 002,SKU-3004,Manteiga 500g,un,4
2026-05-27,Loja 002,SKU-4001,"Batata pre-frita congelada 2,5kg",pct,13
2026-05-27,Loja 002,SKU-4002,Anel de cebola congelado 1kg,pct,2
2026-05-27,Loja 002,SKU-4003,Nuggets congelado 2kg,pct,4
2026-05-27,Loja 002,SKU-5001,Oleo de soja 900ml cx 20un,cx,2
2026-05-27,Loja 002,SKU-5002,"Ketchup galao 3,2kg",gl,2
2026-05-27,Loja 002,SKU-5003,Maionese galao 3kg,gl,2
2026-05-27,Loja 002,SKU-5004,Mostarda galao 3kg,gl,1
2026-05-27,Loja 002,SKU-5005,Sal refinado 1kg,un,1
2026-05-27,Loja 002,SKU-6001,Alface americana un,un,24
2026-05-27,Loja 002,SKU-6002,Tomate salada kg,kg,12.7
2026-05-27,Loja 002,SKU-6003,Cebola kg,kg,8.8
2026-05-27,Loja 002,SKU-6004,Picles fatiado 2kg,pt,2
2026-05-27,Loja 002,SKU-7001,Refrigerante lata cx 24un,cx,8
2026-05-27,Loja 002,SKU-7002,Refrigerante 2L cx 6un,cx,3
2026-05-27,Loja 002,SKU-7003,Suco caixinha cx 12un,cx,2
2026-05-27,Loja 002,SKU-7004,Agua mineral 500ml cx 12un,cx,5
2026-05-27,Loja 002,SKU-8001,Embalagem sanduiche pct 100un,pct,10
2026-05-27,Loja 002,SKU-8002,Copo 400ml pct 50un,pct,5
2026-05-27,Loja 002,SKU-8003,Sacola delivery pct 100un,pct,5
2026-05-27,Loja 002,SKU-8004,Guardanapo pct 1000un,pct,3
2026-05-27,Loja 003,SKU-1001,Hamburguer bovino 180g cx 24un,cx,10
2026-05-27,Loja 003,SKU-1002,File de frango congelado 2kg,pct,18
2026-05-27,Loja 003,SKU-1003,Bacon fatiado 1kg,pct,6
2026-05-27,Loja 003,SKU-1004,Linguica toscana 3kg,pct,7
2026-05-27,Loja 003,SKU-2001,Pao de hamburguer pct 12un,pct,30
2026-05-27,Loja 003,SKU-2002,Pao brioche pct 12un,pct,12
2026-05-27,Loja 003,SKU-3001,Queijo cheddar fatiado 1kg,pct,14
2026-05-27,Loja 003,SKU-3002,Queijo mussarela 5kg,pct,11
2026-05-27,Loja 003,SKU-3003,"Requeijao cremoso 1,5kg",pt,4
2026-05-27,Loja 003,SKU-3004,Manteiga 500g,un,7
2026-05-27,Loja 003,SKU-4001,"Batata pre-frita congelada 2,5kg",pct,19
2026-05-27,Loja 003,SKU-4002,Anel de cebola congelado 1kg,pct,4
2026-05-27,Loja 003,SKU-4003,Nuggets congelado 2kg,pct,6
2026-05-27,Loja 003,SKU-5001,Oleo de soja 900ml cx 20un,cx,3
2026-05-27,Loja 003,SKU-5002,"Ketchup galao 3,2kg",gl,2
2026-05-27,Loja 003,SKU-5003,Maionese galao 3kg,gl,3
2026-05-27,Loja 003,SKU-5004,Mostarda galao 3kg,gl,1
2026-05-27,Loja 003,SKU-5005,Sal refinado 1kg,un,1
2026-05-27,Loja 003,SKU-6001,Alface americana un,un,32
2026-05-27,Loja 003,SKU-6002,Tomate salada kg,kg,15.2
2026-05-27,Loja 003,SKU-6003,Cebola kg,kg,18.1
2026-05-27,Loja 003,SKU-6004,Picles fatiado 2kg,pt,2
2026-05-27,Loja 003,SKU-7001,Refrigerante lata cx 24un,cx,14
2026-05-27,Loja 003,SKU-7002,Refrigerante 2L cx 6un,cx,4
2026-05-27,Loja 003,SKU-7003,Suco caixinha cx 12un,cx,3
2026-05-27,Loja 003,SKU-7004,Agua mineral 500ml cx 12un,cx,7
2026-05-27,Loja 003,SKU-8001,Embalagem sanduiche pct 100un,pct,18
2026-05-27,Loja 003,SKU-8002,Copo 400ml pct 50un,pct,11
2026-05-27,Loja 003,SKU-8003,Sacola delivery pct 100un,pct,7
2026-05-27,Loja 003,SKU-8004,Guardanapo pct 1000un,pct,5
2026-05-28,Loja 001,SKU-1001,Hamburguer bovino 180g cx 24un,cx,9
2026-05-28,Loja 001,SKU-1002,File de frango congelado 2kg,pct,16
2026-05-28,Loja 001,SKU-1003,Bacon fatiado 1kg,pct,6
2026-05-28,Loja 001,SKU-1004,Linguica toscana 3kg,pct,5
2026-05-28,Loja 001,SKU-2001,Pao de hamburguer pct 12un,pct,27
2026-05-28,Loja 001,SKU-2002,Pao brioche pct 12un,pct,14
2026-05-28,Loja 001,SKU-3001,Queijo cheddar fatiado 1kg,pct,12
2026-05-28,Loja 001,SKU-3002,Queijo mussarela 5kg,pct,7
2026-05-28,Loja 001,SKU-3003,"Requeijao cremoso 1,5kg",pt,3
2026-05-28,Loja 001,SKU-3004,Manteiga 500g,un,5
2026-05-28,Loja 001,SKU-4001,"Batata pre-frita congelada 2,5kg",pct,24
2026-05-28,Loja 001,SKU-4002,Anel de cebola congelado 1kg,pct,4
2026-05-28,Loja 001,SKU-4003,Nuggets congelado 2kg,pct,5
2026-05-28,Loja 001,SKU-5001,Oleo de soja 900ml cx 20un,cx,3
2026-05-28,Loja 001,SKU-5002,"Ketchup galao 3,2kg",gl,3
2026-05-28,Loja 001,SKU-5003,Maionese galao 3kg,gl,3
2026-05-28,Loja 001,SKU-5004,Mostarda galao 3kg,gl,1
2026-05-28,Loja 001,SKU-5005,Sal refinado 1kg,un,1
2026-05-28,Loja 001,SKU-6001,Alface americana un,un,37
2026-05-28,Loja 001,SKU-6002,Tomate salada kg,kg,22.0
2026-05-28,Loja 001,SKU-6003,Cebola kg,kg,11.4
2026-05-28,Loja 001,SKU-6004,Picles fatiado 2kg,pt,2
2026-05-28,Loja 001,SKU-7001,Refrigerante lata cx 24un,cx,9
2026-05-28,Loja 001,SKU-7002,Refrigerante 2L cx 6un,cx,4
2026-05-28,Loja 001,SKU-7003,Suco caixinha cx 12un,cx,3
2026-05-28,Loja 001,SKU-7004,Agua mineral 500ml cx 12un,cx,6
2026-05-28,Loja 001,SKU-8001,Embalagem sanduiche pct 100un,pct,17
2026-05-28,Loja 001,SKU-8002,Copo 400ml pct 50un,pct,11
2026-05-28,Loja 001,SKU-8003,Sacola delivery pct 100un,pct,7
2026-05-28,Loja 001,SKU-8004,Guardanapo pct 1000un,pct,5
2026-05-28,Loja 002,SKU-1001,Hamburguer bovino 180g cx 24un,cx,6
2026-05-28,Loja 002,SKU-1002,File de frango congelado 2kg,pct,9
2026-05-28,Loja 002,SKU-1003,Bacon fatiado 1kg,pct,5
2026-05-28,Loja 002,SKU-1004,Linguica toscana 3kg,pct,4
2026-05-28,Loja 002,SKU-2001,Pao de hamburguer pct 12un,pct,20
2026-05-28,Loja 002,SKU-2002,Pao brioche pct 12un,pct,6
2026-05-28,Loja 002,SKU-3001,Queijo cheddar fatiado 1kg,pct,7
2026-05-28,Loja 002,SKU-3002,Queijo mussarela 5kg,pct,7
2026-05-28,Loja 002,SKU-3003,"Requeijao cremoso 1,5kg",pt,3
2026-05-28,Loja 002,SKU-3004,Manteiga 500g,un,4
2026-05-28,Loja 002,SKU-4001,"Batata pre-frita congelada 2,5kg",pct,12
2026-05-28,Loja 002,SKU-4002,Anel de cebola congelado 1kg,pct,3
2026-05-28,Loja 002,SKU-4003,Nuggets congelado 2kg,pct,3
2026-05-28,Loja 002,SKU-5001,Oleo de soja 900ml cx 20un,cx,2
2026-05-28,Loja 002,SKU-5002,"Ketchup galao 3,2kg",gl,1
2026-05-28,Loja 002,SKU-5003,Maionese galao 3kg,gl,2
2026-05-28,Loja 002,SKU-5004,Mostarda galao 3kg,gl,1
2026-05-28,Loja 002,SKU-5005,Sal refinado 1kg,un,1
2026-05-28,Loja 002,SKU-6001,Alface americana un,un,23
2026-05-28,Loja 002,SKU-6002,Tomate salada kg,kg,13.0
2026-05-28,Loja 002,SKU-6003,Cebola kg,kg,11.2
2026-05-28,Loja 002,SKU-6004,Picles fatiado 2kg,pt,2
2026-05-28,Loja 002,SKU-7001,Refrigerante lata cx 24un,cx,7
2026-05-28,Loja 002,SKU-7002,Refrigerante 2L cx 6un,cx,4
2026-05-28,Loja 002,SKU-7003,Suco caixinha cx 12un,cx,2
2026-05-28,Loja 002,SKU-7004,Agua mineral 500ml cx 12un,cx,5
2026-05-28,Loja 002,SKU-8001,Embalagem sanduiche pct 100un,pct,11
2026-05-28,Loja 002,SKU-8002,Copo 400ml pct 50un,pct,8
2026-05-28,Loja 002,SKU-8003,Sacola delivery pct 100un,pct,5
2026-05-28,Loja 002,SKU-8004,Guardanapo pct 1000un,pct,4
2026-05-28,Loja 003,SKU-1001,Hamburguer bovino 180g cx 24un,cx,13
2026-05-28,Loja 003,SKU-1002,File de frango congelado 2kg,pct,19
2026-05-28,Loja 003,SKU-1003,Bacon fatiado 1kg,pct,7
2026-05-28,Loja 003,SKU-1004,Linguica toscana 3kg,pct,8
2026-05-28,Loja 003,SKU-2001,Pao de hamburguer pct 12un,pct,19
2026-05-28,Loja 003,SKU-2002,Pao brioche pct 12un,pct,8
2026-05-28,Loja 003,SKU-3001,Queijo cheddar fatiado 1kg,pct,14
2026-05-28,Loja 003,SKU-3002,Queijo mussarela 5kg,pct,12
2026-05-28,Loja 003,SKU-3003,"Requeijao cremoso 1,5kg",pt,6
2026-05-28,Loja 003,SKU-3004,Manteiga 500g,un,7
2026-05-28,Loja 003,SKU-4001,"Batata pre-frita congelada 2,5kg",pct,27
2026-05-28,Loja 003,SKU-4002,Anel de cebola congelado 1kg,pct,4
2026-05-28,Loja 003,SKU-4003,Nuggets congelado 2kg,pct,7
2026-05-28,Loja 003,SKU-5001,Oleo de soja 900ml cx 20un,cx,3
2026-05-28,Loja 003,SKU-5002,"Ketchup galao 3,2kg",gl,3
2026-05-28,Loja 003,SKU-5003,Maionese galao 3kg,gl,3
2026-05-28,Loja 003,SKU-5004,Mostarda galao 3kg,gl,1
2026-05-28,Loja 003,SKU-5005,Sal refinado 1kg,un,2
2026-05-28,Loja 003,SKU-6001,Alface americana un,un,33
2026-05-28,Loja 003,SKU-6002,Tomate salada kg,kg,20.1
2026-05-28,Loja 003,SKU-6003,Cebola kg,kg,14.8
2026-05-28,Loja 003,SKU-6004,Picles fatiado 2kg,pt,2
2026-05-28,Loja 003,SKU-7001,Refrigerante lata cx 24un,cx,15
2026-05-28,Loja 003,SKU-7002,Refrigerante 2L cx 6un,cx,7
2026-05-28,Loja 003,SKU-7003,Suco caixinha cx 12un,cx,4
2026-05-28,Loja 003,SKU-7004,Agua mineral 500ml cx 12un,cx,8
2026-05-28,Loja 003,SKU-8001,Embalagem sanduiche pct 100un,pct,19
2026-05-28,Loja 003,SKU-8002,Copo 400ml pct 50un,pct,12
2026-05-28,Loja 003,SKU-8003,Sacola delivery pct 100un,pct,9
2026-05-28,Loja 003,SKU-8004,Guardanapo pct 1000un,pct,6
2026-05-29,Loja 001,SKU-1001,Hamburguer bovino 180g cx 24un,cx,11
2026-05-29,Loja 001,SKU-1002,File de frango congelado 2kg,pct,22
2026-05-29,Loja 001,SKU-1003,Bacon fatiado 1kg,pct,9
2026-05-29,Loja 001,SKU-1004,Linguica toscana 3kg,pct,7
2026-05-29,Loja 001,SKU-2001,Pao de hamburguer pct 12un,pct,32
2026-05-29,Loja 001,SKU-2002,Pao brioche pct 12un,pct,18
2026-05-29,Loja 001,SKU-3001,Queijo cheddar fatiado 1kg,pct,14
2026-05-29,Loja 001,SKU-3002,Queijo mussarela 5kg,pct,8
2026-05-29,Loja 001,SKU-3003,"Requeijao cremoso 1,5kg",pt,5
2026-05-29,Loja 001,SKU-3004,Manteiga 500g,un,9
2026-05-29,Loja 001,SKU-4001,"Batata pre-frita congelada 2,5kg",pct,29
2026-05-29,Loja 001,SKU-4002,Anel de cebola congelado 1kg,pct,5
2026-05-29,Loja 001,SKU-4003,Nuggets congelado 2kg,pct,6
2026-05-29,Loja 001,SKU-5001,Oleo de soja 900ml cx 20un,cx,4
2026-05-29,Loja 001,SKU-5002,"Ketchup galao 3,2kg",gl,3
2026-05-29,Loja 001,SKU-5003,Maionese galao 3kg,gl,4
2026-05-29,Loja 001,SKU-5004,Mostarda galao 3kg,gl,2
2026-05-29,Loja 001,SKU-5005,Sal refinado 1kg,un,2
2026-05-29,Loja 001,SKU-6001,Alface americana un,un,46
2026-05-29,Loja 001,SKU-6002,Tomate salada kg,kg,37.3
2026-05-29,Loja 001,SKU-6003,Cebola kg,kg,20.4
2026-05-29,Loja 001,SKU-6004,Picles fatiado 2kg,pt,3
2026-05-29,Loja 001,SKU-7001,Refrigerante lata cx 24un,cx,15
2026-05-29,Loja 001,SKU-7002,Refrigerante 2L cx 6un,cx,6
2026-05-29,Loja 001,SKU-7003,Suco caixinha cx 12un,cx,3
2026-05-29,Loja 001,SKU-7004,Agua mineral 500ml cx 12un,cx,8
2026-05-29,Loja 001,SKU-8001,Embalagem sanduiche pct 100un,pct,20
2026-05-29,Loja 001,SKU-8002,Copo 400ml pct 50un,pct,10
2026-05-29,Loja 001,SKU-8003,Sacola delivery pct 100un,pct,11
2026-05-29,Loja 001,SKU-8004,Guardanapo pct 1000un,pct,6
2026-05-29,Loja 002,SKU-1001,Hamburguer bovino 180g cx 24un,cx,9
2026-05-29,Loja 002,SKU-1002,File de frango congelado 2kg,pct,13
2026-05-29,Loja 002,SKU-1003,Bacon fatiado 1kg,pct,5
2026-05-29,Loja 002,SKU-1004,Linguica toscana 3kg,pct,4
2026-05-29,Loja 002,SKU-2001,Pao de hamburguer pct 12un,pct,29
2026-05-29,Loja 002,SKU-2002,Pao brioche pct 12un,pct,9
2026-05-29,Loja 002,SKU-3001,Queijo cheddar fatiado 1kg,pct,13
2026-05-29,Loja 002,SKU-3002,Queijo mussarela 5kg,pct,8
2026-05-29,Loja 002,SKU-3003,"Requeijao cremoso 1,5kg",pt,4
2026-05-29,Loja 002,SKU-3004,Manteiga 500g,un,6
2026-05-29,Loja 002,SKU-4001,"Batata pre-frita congelada 2,5kg",pct,15
2026-05-29,Loja 002,SKU-4002,Anel de cebola congelado 1kg,pct,4
2026-05-29,Loja 002,SKU-4003,Nuggets congelado 2kg,pct,4
2026-05-29,Loja 002,SKU-5001,Oleo de soja 900ml cx 20un,cx,3
2026-05-29,Loja 002,SKU-5002,"Ketchup galao 3,2kg",gl,2
2026-05-29,Loja 002,SKU-5003,Maionese galao 3kg,gl,2
2026-05-29,Loja 002,SKU-5004,Mostarda galao 3kg,gl,1
2026-05-29,Loja 002,SKU-5005,Sal refinado 1kg,un,2
2026-05-29,Loja 002,SKU-6001,Alface americana un,un,25
2026-05-29,Loja 002,SKU-6002,Tomate salada kg,kg,19.4
2026-05-29,Loja 002,SKU-6003,Cebola kg,kg,10.8
2026-05-29,Loja 002,SKU-6004,Picles fatiado 2kg,pt,2
2026-05-29,Loja 002,SKU-7001,Refrigerante lata cx 24un,cx,9
2026-05-29,Loja 002,SKU-7002,Refrigerante 2L cx 6un,cx,4
2026-05-29,Loja 002,SKU-7003,Suco caixinha cx 12un,cx,3
2026-05-29,Loja 002,SKU-7004,Agua mineral 500ml cx 12un,cx,5
2026-05-29,Loja 002,SKU-8001,Embalagem sanduiche pct 100un,pct,15
2026-05-29,Loja 002,SKU-8002,Copo 400ml pct 50un,pct,9
2026-05-29,Loja 002,SKU-8003,Sacola delivery pct 100un,pct,8
2026-05-29,Loja 002,SKU-8004,Guardanapo pct 1000un,pct,3
2026-05-29,Loja 003,SKU-1001,Hamburguer bovino 180g cx 24un,cx,13
2026-05-29,Loja 003,SKU-1002,File de frango congelado 2kg,pct,30
2026-05-29,Loja 003,SKU-1003,Bacon fatiado 1kg,pct,11
2026-05-29,Loja 003,SKU-1004,Linguica toscana 3kg,pct,7
2026-05-29,Loja 003,SKU-2001,Pao de hamburguer pct 12un,pct,27
2026-05-29,Loja 003,SKU-2002,Pao brioche pct 12un,pct,23
2026-05-29,Loja 003,SKU-3001,Queijo cheddar fatiado 1kg,pct,18
2026-05-29,Loja 003,SKU-3002,Queijo mussarela 5kg,pct,13
2026-05-29,Loja 003,SKU-3003,"Requeijao cremoso 1,5kg",pt,8
2026-05-29,Loja 003,SKU-3004,Manteiga 500g,un,10
2026-05-29,Loja 003,SKU-4001,"Batata pre-frita congelada 2,5kg",pct,35
2026-05-29,Loja 003,SKU-4002,Anel de cebola congelado 1kg,pct,6
2026-05-29,Loja 003,SKU-4003,Nuggets congelado 2kg,pct,8
2026-05-29,Loja 003,SKU-5001,Oleo de soja 900ml cx 20un,cx,4
2026-05-29,Loja 003,SKU-5002,"Ketchup galao 3,2kg",gl,4
2026-05-29,Loja 003,SKU-5003,Maionese galao 3kg,gl,5
2026-05-29,Loja 003,SKU-5004,Mostarda galao 3kg,gl,2
2026-05-29,Loja 003,SKU-5005,Sal refinado 1kg,un,2
2026-05-29,Loja 003,SKU-6001,Alface americana un,un,52
2026-05-29,Loja 003,SKU-6002,Tomate salada kg,kg,21.6
2026-05-29,Loja 003,SKU-6003,Cebola kg,kg,20.0
2026-05-29,Loja 003,SKU-6004,Picles fatiado 2kg,pt,5
2026-05-29,Loja 003,SKU-7001,Refrigerante lata cx 24un,cx,14
2026-05-29,Loja 003,SKU-7002,Refrigerante 2L cx 6un,cx,6
2026-05-29,Loja 003,SKU-7003,Suco caixinha cx 12un,cx,6
2026-05-29,Loja 003,SKU-7004,Agua mineral 500ml cx 12un,cx,8
2026-05-29,Loja 003,SKU-8001,Embalagem sanduiche pct 100un,pct,24
2026-05-29,Loja 003,SKU-8002,Copo 400ml pct 50un,pct,14
2026-05-29,Loja 003,SKU-8003,Sacola delivery pct 100un,pct,14
2026-05-29,Loja 003,SKU-8004,Guardanapo pct 1000un,pct,6
2026-05-30,Loja 001,SKU-1001,Hamburguer bovino 180g cx 24un,cx,14
2026-05-30,Loja 001,SKU-1002,File de frango congelado 2kg,pct,24
2026-05-30,Loja 001,SKU-1003,Bacon fatiado 1kg,pct,8
2026-05-30,Loja 001,SKU-1004,Linguica toscana 3kg,pct,6
2026-05-30,Loja 001,SKU-2001,Pao de hamburguer pct 12un,pct,47
2026-05-30,Loja 001,SKU-2002,Pao brioche pct 12un,pct,11
2026-05-30,Loja 001,SKU-3001,Queijo cheddar fatiado 1kg,pct,18
2026-05-30,Loja 001,SKU-3002,Queijo mussarela 5kg,pct,12
2026-05-30,Loja 001,SKU-3003,"Requeijao cremoso 1,5kg",pt,4
2026-05-30,Loja 001,SKU-3004,Manteiga 500g,un,7
2026-05-30,Loja 001,SKU-4001,"Batata pre-frita congelada 2,5kg",pct,26
2026-05-30,Loja 001,SKU-4002,Anel de cebola congelado 1kg,pct,6
2026-05-30,Loja 001,SKU-4003,Nuggets congelado 2kg,pct,7
2026-05-30,Loja 001,SKU-5001,Oleo de soja 900ml cx 20un,cx,3
2026-05-30,Loja 001,SKU-5002,"Ketchup galao 3,2kg",gl,3
2026-05-30,Loja 001,SKU-5003,Maionese galao 3kg,gl,4
2026-05-30,Loja 001,SKU-5004,Mostarda galao 3kg,gl,2
2026-05-30,Loja 001,SKU-5005,Sal refinado 1kg,un,2
2026-05-30,Loja 001,SKU-6001,Alface americana un,un,46
2026-05-30,Loja 001,SKU-6002,Tomate salada kg,kg,37.9
2026-05-30,Loja 001,SKU-6003,Cebola kg,kg,21.3
2026-05-30,Loja 001,SKU-6004,Picles fatiado 2kg,pt,3
2026-05-30,Loja 001,SKU-7001,Refrigerante lata cx 24un,cx,18
2026-05-30,Loja 001,SKU-7002,Refrigerante 2L cx 6un,cx,6
2026-05-30,Loja 001,SKU-7003,Suco caixinha cx 12un,cx,4
2026-05-30,Loja 001,SKU-7004,Agua mineral 500ml cx 12un,cx,8
2026-05-30,Loja 001,SKU-8001,Embalagem sanduiche pct 100un,pct,18
2026-05-30,Loja 001,SKU-8002,Copo 400ml pct 50un,pct,12
2026-05-30,Loja 001,SKU-8003,Sacola delivery pct 100un,pct,11
2026-05-30,Loja 001,SKU-8004,Guardanapo pct 1000un,pct,8
2026-05-30,Loja 002,SKU-1001,Hamburguer bovino 180g cx 24un,cx,7
2026-05-30,Loja 002,SKU-1002,File de frango congelado 2kg,pct,16
2026-05-30,Loja 002,SKU-1003,Bacon fatiado 1kg,pct,6
2026-05-30,Loja 002,SKU-1004,Linguica toscana 3kg,pct,5
2026-05-30,Loja 002,SKU-2001,Pao de hamburguer pct 12un,pct,27
2026-05-30,Loja 002,SKU-2002,Pao brioche pct 12un,pct,8
2026-05-30,Loja 002,SKU-3001,Queijo cheddar fatiado 1kg,pct,12
2026-05-30,Loja 002,SKU-3002,Queijo mussarela 5kg,pct,8
2026-05-30,Loja 002,SKU-3003,"Requeijao cremoso 1,5kg",pt,4
2026-05-30,Loja 002,SKU-3004,Manteiga 500g,un,6
2026-05-30,Loja 002,SKU-4001,"Batata pre-frita congelada 2,5kg",pct,23
2026-05-30,Loja 002,SKU-4002,Anel de cebola congelado 1kg,pct,3
2026-05-30,Loja 002,SKU-4003,Nuggets congelado 2kg,pct,5
2026-05-30,Loja 002,SKU-5001,Oleo de soja 900ml cx 20un,cx,3
2026-05-30,Loja 002,SKU-5002,"Ketchup galao 3,2kg",gl,3
2026-05-30,Loja 002,SKU-5003,Maionese galao 3kg,gl,3
2026-05-30,Loja 002,SKU-5004,Mostarda galao 3kg,gl,1
2026-05-30,Loja 002,SKU-5005,Sal refinado 1kg,un,2
2026-05-30,Loja 002,SKU-6001,Alface americana un,un,38
2026-05-30,Loja 002,SKU-6002,Tomate salada kg,kg,24.3
2026-05-30,Loja 002,SKU-6003,Cebola kg,kg,12.0
2026-05-30,Loja 002,SKU-6004,Picles fatiado 2kg,pt,2
2026-05-30,Loja 002,SKU-7001,Refrigerante lata cx 24un,cx,12
2026-05-30,Loja 002,SKU-7002,Refrigerante 2L cx 6un,cx,5
2026-05-30,Loja 002,SKU-7003,Suco caixinha cx 12un,cx,3
2026-05-30,Loja 002,SKU-7004,Agua mineral 500ml cx 12un,cx,6
2026-05-30,Loja 002,SKU-8001,Embalagem sanduiche pct 100un,pct,17
2026-05-30,Loja 002,SKU-8002,Copo 400ml pct 50un,pct,10
2026-05-30,Loja 002,SKU-8003,Sacola delivery pct 100un,pct,6
2026-05-30,Loja 002,SKU-8004,Guardanapo pct 1000un,pct,4
2026-05-30,Loja 003,SKU-1001,Hamburguer bovino 180g cx 24un,cx,19
2026-05-30,Loja 003,SKU-1002,File de frango congelado 2kg,pct,28
2026-05-30,Loja 003,SKU-1003,Bacon fatiado 1kg,pct,10
2026-05-30,Loja 003,SKU-1004,Linguica toscana 3kg,pct,11
2026-05-30,Loja 003,SKU-2001,Pao de hamburguer pct 12un,pct,28
2026-05-30,Loja 003,SKU-2002,Pao brioche pct 12un,pct,17
2026-05-30,Loja 003,SKU-3001,Queijo cheddar fatiado 1kg,pct,21
2026-05-30,Loja 003,SKU-3002,Queijo mussarela 5kg,pct,16
2026-05-30,Loja 003,SKU-3003,"Requeijao cremoso 1,5kg",pt,8
2026-05-30,Loja 003,SKU-3004,Manteiga 500g,un,9
2026-05-30,Loja 003,SKU-4001,"Batata pre-frita congelada 2,5kg",pct,33
2026-05-30,Loja 003,SKU-4002,Anel de cebola congelado 1kg,pct,5
2026-05-30,Loja 003,SKU-4003,Nuggets congelado 2kg,pct,9
2026-05-30,Loja 003,SKU-5001,Oleo de soja 900ml cx 20un,cx,6
2026-05-30,Loja 003,SKU-5002,"Ketchup galao 3,2kg",gl,4
2026-05-30,Loja 003,SKU-5003,Maionese galao 3kg,gl,5
2026-05-30,Loja 003,SKU-5004,Mostarda galao 3kg,gl,3
2026-05-30,Loja 003,SKU-5005,Sal refinado 1kg,un,3
2026-05-30,Loja 003,SKU-6001,Alface americana un,un,46
2026-05-30,Loja 003,SKU-6002,Tomate salada kg,kg,51.4
2026-05-30,Loja 003,SKU-6003,Cebola kg,kg,30.6
2026-05-30,Loja 003,SKU-6004,Picles fatiado 2kg,pt,5
2026-05-30,Loja 003,SKU-7001,Refrigerante lata cx 24un,cx,21
2026-05-30,Loja 003,SKU-7002,Refrigerante 2L cx 6un,cx,7
2026-05-30,Loja 003,SKU-7003,Suco caixinha cx 12un,cx,7
2026-05-30,Loja 003,SKU-7004,Agua mineral 500ml cx 12un,cx,10
2026-05-30,Loja 003,SKU-8001,Embalagem sanduiche pct 100un,pct,26
2026-05-30,Loja 003,SKU-8002,Copo 400ml pct 50un,pct,13
2026-05-30,Loja 003,SKU-8003,Sacola delivery pct 100un,pct,12
2026-05-30,Loja 003,SKU-8004,Guardanapo pct 1000un,pct,6
2026-05-31,Loja 001,SKU-1001,Hamburguer bovino 180g cx 24un,cx,10
2026-05-31,Loja 001,SKU-1002,File de frango congelado 2kg,pct,16
2026-05-31,Loja 001,SKU-1003,Bacon fatiado 1kg,pct,6
2026-05-31,Loja 001,SKU-1004,Linguica toscana 3kg,pct,5
2026-05-31,Loja 001,SKU-2001,Pao de hamburguer pct 12un,pct,27
2026-05-31,Loja 001,SKU-2002,Pao brioche pct 12un,pct,11
2026-05-31,Loja 001,SKU-3001,Queijo cheddar fatiado 1kg,pct,15
2026-05-31,Loja 001,SKU-3002,Queijo mussarela 5kg,pct,10
2026-05-31,Loja 001,SKU-3003,"Requeijao cremoso 1,5kg",pt,4
2026-05-31,Loja 001,SKU-3004,Manteiga 500g,un,5
2026-05-31,Loja 001,SKU-4001,"Batata pre-frita congelada 2,5kg",pct,23
2026-05-31,Loja 001,SKU-4002,Anel de cebola congelado 1kg,pct,3
2026-05-31,Loja 001,SKU-4003,Nuggets congelado 2kg,pct,6
2026-05-31,Loja 001,SKU-5001,Oleo de soja 900ml cx 20un,cx,3
2026-05-31,Loja 001,SKU-5002,"Ketchup galao 3,2kg",gl,2
2026-05-31,Loja 001,SKU-5003,Maionese galao 3kg,gl,3
2026-05-31,Loja 001,SKU-5004,Mostarda galao 3kg,gl,1
2026-05-31,Loja 001,SKU-5005,Sal refinado 1kg,un,1
2026-05-31,Loja 001,SKU-6001,Alface americana un,un,26
2026-05-31,Loja 001,SKU-6002,Tomate salada kg,kg,28.2
2026-05-31,Loja 001,SKU-6003,Cebola kg,kg,17.8
2026-05-31,Loja 001,SKU-6004,Picles fatiado 2kg,pt,2
2026-05-31,Loja 001,SKU-7001,Refrigerante lata cx 24un,cx,12
2026-05-31,Loja 001,SKU-7002,Refrigerante 2L cx 6un,cx,4
2026-05-31,Loja 001,SKU-7003,Suco caixinha cx 12un,cx,3
2026-05-31,Loja 001,SKU-7004,Agua mineral 500ml cx 12un,cx,7
2026-05-31,Loja 001,SKU-8001,Embalagem sanduiche pct 100un,pct,12
2026-05-31,Loja 001,SKU-8002,Copo 400ml pct 50un,pct,9
2026-05-31,Loja 001,SKU-8003,Sacola delivery pct 100un,pct,8
2026-05-31,Loja 001,SKU-8004,Guardanapo pct 1000un,pct,5
2026-05-31,Loja 002,SKU-1001,Hamburguer bovino 180g cx 24un,cx,8
2026-05-31,Loja 002,SKU-1002,File de frango congelado 2kg,pct,13
2026-05-31,Loja 002,SKU-1003,Bacon fatiado 1kg,pct,4
2026-05-31,Loja 002,SKU-1004,Linguica toscana 3kg,pct,3
2026-05-31,Loja 002,SKU-2001,Pao de hamburguer pct 12un,pct,24
2026-05-31,Loja 002,SKU-2002,Pao brioche pct 12un,pct,5
2026-05-31,Loja 002,SKU-3001,Queijo cheddar fatiado 1kg,pct,10
2026-05-31,Loja 002,SKU-3002,Queijo mussarela 5kg,pct,5
2026-05-31,Loja 002,SKU-3003,"Requeijao cremoso 1,5kg",pt,3
2026-05-31,Loja 002,SKU-3004,Manteiga 500g,un,4
2026-05-31,Loja 002,SKU-4001,"Batata pre-frita congelada 2,5kg",pct,14
2026-05-31,Loja 002,SKU-4002,Anel de cebola congelado 1kg,pct,2
2026-05-31,Loja 002,SKU-4003,Nuggets congelado 2kg,pct,3
2026-05-31,Loja 002,SKU-5001,Oleo de soja 900ml cx 20un,cx,2
2026-05-31,Loja 002,SKU-5002,"Ketchup galao 3,2kg",gl,2
2026-05-31,Loja 002,SKU-5003,Maionese galao 3kg,gl,3
2026-05-31,Loja 002,SKU-5004,Mostarda galao 3kg,gl,1
2026-05-31,Loja 002,SKU-5005,Sal refinado 1kg,un,1
2026-05-31,Loja 002,SKU-6001,Alface americana un,un,18
2026-05-31,Loja 002,SKU-6002,Tomate salada kg,kg,11.9
2026-05-31,Loja 002,SKU-6003,Cebola kg,kg,8.5
2026-05-31,Loja 002,SKU-6004,Picles fatiado 2kg,pt,2
2026-05-31,Loja 002,SKU-7001,Refrigerante lata cx 24un,cx,7
2026-05-31,Loja 002,SKU-7002,Refrigerante 2L cx 6un,cx,3
2026-05-31,Loja 002,SKU-7003,Suco caixinha cx 12un,cx,2
2026-05-31,Loja 002,SKU-7004,Agua mineral 500ml cx 12un,cx,5
2026-05-31,Loja 002,SKU-8001,Embalagem sanduiche pct 100un,pct,10
2026-05-31,Loja 002,SKU-8002,Copo 400ml pct 50un,pct,7
2026-05-31,Loja 002,SKU-8003,Sacola delivery pct 100un,pct,5
2026-05-31,Loja 002,SKU-8004,Guardanapo pct 1000un,pct,3
2026-05-31,Loja 003,SKU-1001,Hamburguer bovino 180g cx 24un,cx,11
2026-05-31,Loja 003,SKU-1002,File de frango congelado 2kg,pct,21
2026-05-31,Loja 003,SKU-1003,Bacon fatiado 1kg,pct,11
2026-05-31,Loja 003,SKU-1004,Linguica toscana 3kg,pct,8
2026-05-31,Loja 003,SKU-2001,Pao de hamburguer pct 12un,pct,39
2026-05-31,Loja 003,SKU-2002,Pao brioche pct 12un,pct,14
2026-05-31,Loja 003,SKU-3001,Queijo cheddar fatiado 1kg,pct,16
2026-05-31,Loja 003,SKU-3002,Queijo mussarela 5kg,pct,10
2026-05-31,Loja 003,SKU-3003,"Requeijao cremoso 1,5kg",pt,5
2026-05-31,Loja 003,SKU-3004,Manteiga 500g,un,9
2026-05-31,Loja 003,SKU-4001,"Batata pre-frita congelada 2,5kg",pct,24
2026-05-31,Loja 003,SKU-4002,Anel de cebola congelado 1kg,pct,5
2026-05-31,Loja 003,SKU-4003,Nuggets congelado 2kg,pct,6
2026-05-31,Loja 003,SKU-5001,Oleo de soja 900ml cx 20un,cx,4
2026-05-31,Loja 003,SKU-5002,"Ketchup galao 3,2kg",gl,3
2026-05-31,Loja 003,SKU-5003,Maionese galao 3kg,gl,4
2026-05-31,Loja 003,SKU-5004,Mostarda galao 3kg,gl,2
2026-05-31,Loja 003,SKU-5005,Sal refinado 1kg,un,2
2026-05-31,Loja 003,SKU-6001,Alface americana un,un,51
2026-05-31,Loja 003,SKU-6002,Tomate salada kg,kg,21.5
2026-05-31,Loja 003,SKU-6003,Cebola kg,kg,18.7
2026-05-31,Loja 003,SKU-6004,Picles fatiado 2kg,pt,3
2026-05-31,Loja 003,SKU-7001,Refrigerante lata cx 24un,cx,11
2026-05-31,Loja 003,SKU-7002,Refrigerante 2L cx 6un,cx,5
2026-05-31,Loja 003,SKU-7003,Suco caixinha cx 12un,cx,4
2026-05-31,Loja 003,SKU-7004,Agua mineral 500ml cx 12un,cx,10
2026-05-31,Loja 003,SKU-8001,Embalagem sanduiche pct 100un,pct,21
2026-05-31,Loja 003,SKU-8002,Copo 400ml pct 50un,pct,10
2026-05-31,Loja 003,SKU-8003,Sacola delivery pct 100un,pct,10
2026-05-31,Loja 003,SKU-8004,Guardanapo pct 1000un,pct,5
2026-06-01,Loja 001,SKU-1001,Hamburguer bovino 180g cx 24un,cx,7
2026-06-01,Loja 001,SKU-1002,File de frango congelado 2kg,pct,13
2026-06-01,Loja 001,SKU-1003,Bacon fatiado 1kg,pct,5
2026-06-01,Loja 001,SKU-1004,Linguica toscana 3kg,pct,3
2026-06-01,Loja 001,SKU-2001,Pao de hamburguer pct 12un,pct,26
2026-06-01,Loja 001,SKU-2002,Pao brioche pct 12un,pct,10
2026-06-01,Loja 001,SKU-3001,Queijo cheddar fatiado 1kg,pct,10
2026-06-01,Loja 001,SKU-3002,Queijo mussarela 5kg,pct,7
2026-06-01,Loja 001,SKU-3003,"Requeijao cremoso 1,5kg",pt,3
2026-06-01,Loja 001,SKU-3004,Manteiga 500g,un,4
2026-06-01,Loja 001,SKU-4001,"Batata pre-frita congelada 2,5kg",pct,18
2026-06-01,Loja 001,SKU-4002,Anel de cebola congelado 1kg,pct,3
2026-06-01,Loja 001,SKU-4003,Nuggets congelado 2kg,pct,4
2026-06-01,Loja 001,SKU-5001,Oleo de soja 900ml cx 20un,cx,2
2026-06-01,Loja 001,SKU-5002,"Ketchup galao 3,2kg",gl,2
2026-06-01,Loja 001,SKU-5003,Maionese galao 3kg,gl,2
2026-06-01,Loja 001,SKU-5004,Mostarda galao 3kg,gl,1
2026-06-01,Loja 001,SKU-5005,Sal refinado 1kg,un,1
2026-06-01,Loja 001,SKU-6001,Alface americana un,un,16
2026-06-01,Loja 001,SKU-6002,Tomate salada kg,kg,14.8
2026-06-01,Loja 001,SKU-6003,Cebola kg,kg,8.4
2026-06-01,Loja 001,SKU-6004,Picles fatiado 2kg,pt,2
2026-06-01,Loja 001,SKU-7001,Refrigerante lata cx 24un,cx,9
2026-06-01,Loja 001,SKU-7002,Refrigerante 2L cx 6un,cx,4
2026-06-01,Loja 001,SKU-7003,Suco caixinha cx 12un,cx,2
2026-06-01,Loja 001,SKU-7004,Agua mineral 500ml cx 12un,cx,6
2026-06-01,Loja 001,SKU-8001,Embalagem sanduiche pct 100un,pct,13
2026-06-01,Loja 001,SKU-8002,Copo 400ml pct 50un,pct,7
2026-06-01,Loja 001,SKU-8003,Sacola delivery pct 100un,pct,6
2026-06-01,Loja 001,SKU-8004,Guardanapo pct 1000un,pct,4
2026-06-01,Loja 002,SKU-1001,Hamburguer bovino 180g cx 24un,cx,5
2026-06-01,Loja 002,SKU-1002,File de frango congelado 2kg,pct,8
2026-06-01,Loja 002,SKU-1003,Bacon fatiado 1kg,pct,4
2026-06-01,Loja 002,SKU-1004,Linguica toscana 3kg,pct,3
2026-06-01,Loja 002,SKU-2001,Pao de hamburguer pct 12un,pct,19
2026-06-01,Loja 002,SKU-2002,Pao brioche pct 12un,pct,8
2026-06-01,Loja 002,SKU-3001,Queijo cheddar fatiado 1kg,pct,6
2026-06-01,Loja 002,SKU-3002,Queijo mussarela 5kg,pct,5
2026-06-01,Loja 002,SKU-3003,"Requeijao cremoso 1,5kg",pt,2
2026-06-01,Loja 002,SKU-3004,Manteiga 500g,un,3
2026-06-01,Loja 002,SKU-4001,"Batata pre-frita congelada 2,5kg",pct,12
2026-06-01,Loja 002,SKU-4002,Anel de cebola congelado 1kg,pct,2
2026-06-01,Loja 002,SKU-4003,Nuggets congelado 2kg,pct,3
2026-06-01,Loja 002,SKU-5001,Oleo de soja 900ml cx 20un,cx,1
2026-06-01,Loja 002,SKU-5002,"Ketchup galao 3,2kg",gl,2
2026-06-01,Loja 002,SKU-5003,Maionese galao 3kg,gl,2
2026-06-01,Loja 002,SKU-5004,Mostarda galao 3kg,gl,1
2026-06-01,Loja 002,SKU-5005,Sal refinado 1kg,un,1
2026-06-01,Loja 002,SKU-6001,Alface americana un,un,22
2026-06-01,Loja 002,SKU-6002,Tomate salada kg,kg,10.5
2026-06-01,Loja 002,SKU-6003,Cebola kg,kg,6.7
2026-06-01,Loja 002,SKU-6004,Picles fatiado 2kg,pt,2
2026-06-01,Loja 002,SKU-7001,Refrigerante lata cx 24un,cx,6
2026-06-01,Loja 002,SKU-7002,Refrigerante 2L cx 6un,cx,3
2026-06-01,Loja 002,SKU-7003,Suco caixinha cx 12un,cx,2
2026-06-01,Loja 002,SKU-7004,Agua mineral 500ml cx 12un,cx,3
2026-06-01,Loja 002,SKU-8001,Embalagem sanduiche pct 100un,pct,6
2026-06-01,Loja 002,SKU-8002,Copo 400ml pct 50un,pct,4
2026-06-01,Loja 002,SKU-8003,Sacola delivery pct 100un,pct,4
2026-06-01,Loja 002,SKU-8004,Guardanapo pct 1000un,pct,3
2026-06-01,Loja 003,SKU-1001,Hamburguer bovino 180g cx 24un,cx,10
2026-06-01,Loja 003,SKU-1002,File de frango congelado 2kg,pct,16
2026-06-01,Loja 003,SKU-1003,Bacon fatiado 1kg,pct,8
2026-06-01,Loja 003,SKU-1004,Linguica toscana 3kg,pct,6
2026-06-01,Loja 003,SKU-2001,Pao de hamburguer pct 12un,pct,23
2026-06-01,Loja 003,SKU-2002,Pao brioche pct 12un,pct,13
2026-06-01,Loja 003,SKU-3001,Queijo cheddar fatiado 1kg,pct,10
2026-06-01,Loja 003,SKU-3002,Queijo mussarela 5kg,pct,8
2026-06-01,Loja 003,SKU-3003,"Requeijao cremoso 1,5kg",pt,5
2026-06-01,Loja 003,SKU-3004,Manteiga 500g,un,7
2026-06-01,Loja 003,SKU-4001,"Batata pre-frita congelada 2,5kg",pct,20
2026-06-01,Loja 003,SKU-4002,Anel de cebola congelado 1kg,pct,3
2026-06-01,Loja 003,SKU-4003,Nuggets congelado 2kg,pct,5
2026-06-01,Loja 003,SKU-5001,Oleo de soja 900ml cx 20un,cx,4
2026-06-01,Loja 003,SKU-5002,"Ketchup galao 3,2kg",gl,2
2026-06-01,Loja 003,SKU-5003,Maionese galao 3kg,gl,2
2026-06-01,Loja 003,SKU-5004,Mostarda galao 3kg,gl,1
2026-06-01,Loja 003,SKU-5005,Sal refinado 1kg,un,2
2026-06-01,Loja 003,SKU-6001,Alface americana un,un,20
2026-06-01,Loja 003,SKU-6002,Tomate salada kg,kg,26.5
2026-06-01,Loja 003,SKU-6003,Cebola kg,kg,17.1
2026-06-01,Loja 003,SKU-6004,Picles fatiado 2kg,pt,2
2026-06-01,Loja 003,SKU-7001,Refrigerante lata cx 24un,cx,8
2026-06-01,Loja 003,SKU-7002,Refrigerante 2L cx 6un,cx,4
2026-06-01,Loja 003,SKU-7003,Suco caixinha cx 12un,cx,3
2026-06-01,Loja 003,SKU-7004,Agua mineral 500ml cx 12un,cx,5
2026-06-01,Loja 003,SKU-8001,Embalagem sanduiche pct 100un,pct,15
2026-06-01,Loja 003,SKU-8002,Copo 400ml pct 50un,pct,11
2026-06-01,Loja 003,SKU-8003,Sacola delivery pct 100un,pct,8
2026-06-01,Loja 003,SKU-8004,Guardanapo pct 1000un,pct,5
2026-06-02,Loja 001,SKU-1001,Hamburguer bovino 180g cx 24un,cx,8
2026-06-02,Loja 001,SKU-1002,File de frango congelado 2kg,pct,10
2026-06-02,Loja 001,SKU-1003,Bacon fatiado 1kg,pct,7
2026-06-02,Loja 001,SKU-1004,Linguica toscana 3kg,pct,4
2026-06-02,Loja 001,SKU-2001,Pao de hamburguer pct 12un,pct,14
2026-06-02,Loja 001,SKU-2002,Pao brioche pct 12un,pct,10
2026-06-02,Loja 001,SKU-3001,Queijo cheddar fatiado 1kg,pct,8
2026-06-02,Loja 001,SKU-3002,Queijo mussarela 5kg,pct,7
2026-06-02,Loja 001,SKU-3003,"Requeijao cremoso 1,5kg",pt,4
2026-06-02,Loja 001,SKU-3004,Manteiga 500g,un,4
2026-06-02,Loja 001,SKU-4001,"Batata pre-frita congelada 2,5kg",pct,20
2026-06-02,Loja 001,SKU-4002,Anel de cebola congelado 1kg,pct,3
2026-06-02,Loja 001,SKU-4003,Nuggets congelado 2kg,pct,3
2026-06-02,Loja 001,SKU-5001,Oleo de soja 900ml cx 20un,cx,2
2026-06-02,Loja 001,SKU-5002,"Ketchup galao 3,2kg",gl,2
2026-06-02,Loja 001,SKU-5003,Maionese galao 3kg,gl,3
2026-06-02,Loja 001,SKU-5004,Mostarda galao 3kg,gl,1
2026-06-02,Loja 001,SKU-5005,Sal refinado 1kg,un,1
2026-06-02,Loja 001,SKU-6001,Alface americana un,un,30
2026-06-02,Loja 001,SKU-6002,Tomate salada kg,kg,19.7
2026-06-02,Loja 001,SKU-6003,Cebola kg,kg,8.7
2026-06-02,Loja 001,SKU-6004,Picles fatiado 2kg,pt,3
2026-06-02,Loja 001,SKU-7001,Refrigerante lata cx 24un,cx,8
2026-06-02,Loja 001,SKU-7002,Refrigerante 2L cx 6un,cx,5
2026-06-02,Loja 001,SKU-7003,Suco caixinha cx 12un,cx,3
2026-06-02,Loja 001,SKU-7004,Agua mineral 500ml cx 12un,cx,6
2026-06-02,Loja 001,SKU-8001,Embalagem sanduiche pct 100un,pct,14
2026-06-02,Loja 001,SKU-8002,Copo 400ml pct 50un,pct,9
2026-06-02,Loja 001,SKU-8003,Sacola delivery pct 100un,pct,7
2026-06-02,Loja 001,SKU-8004,Guardanapo pct 1000un,pct,4
2026-06-02,Loja 002,SKU-1001,Hamburguer bovino 180g cx 24un,cx,5
2026-06-02,Loja 002,SKU-1002,File de frango congelado 2kg,pct,10
2026-06-02,Loja 002,SKU-1003,Bacon fatiado 1kg,pct,5
2026-06-02,Loja 002,SKU-1004,Linguica toscana 3kg,pct,3
2026-06-02,Loja 002,SKU-2001,Pao de hamburguer pct 12un,pct,13
2026-06-02,Loja 002,SKU-2002,Pao brioche pct 12un,pct,5
2026-06-02,Loja 002,SKU-3001,Queijo cheddar fatiado 1kg,pct,7
2026-06-02,Loja 002,SKU-3002,Queijo mussarela 5kg,pct,4
2026-06-02,Loja 002,SKU-3003,"Requeijao cremoso 1,5kg",pt,2
2026-06-02,Loja 002,SKU-3004,Manteiga 500g,un,4
2026-06-02,Loja 002,SKU-4001,"Batata pre-frita congelada 2,5kg",pct,11
2026-06-02,Loja 002,SKU-4002,Anel de cebola congelado 1kg,pct,2
2026-06-02,Loja 002,SKU-4003,Nuggets congelado 2kg,pct,3
2026-06-02,Loja 002,SKU-5001,Oleo de soja 900ml cx 20un,cx,2
2026-06-02,Loja 002,SKU-5002,"Ketchup galao 3,2kg",gl,1
2026-06-02,Loja 002,SKU-5003,Maionese galao 3kg,gl,2
2026-06-02,Loja 002,SKU-5004,Mostarda galao 3kg,gl,1
2026-06-02,Loja 002,SKU-5005,Sal refinado 1kg,un,1
2026-06-02,Loja 002,SKU-6001,Alface americana un,un,14
2026-06-02,Loja 002,SKU-6002,Tomate salada kg,kg,8.3
2026-06-02,Loja 002,SKU-6003,Cebola kg,kg,10.5
2026-06-02,Loja 002,SKU-6004,Picles fatiado 2kg,pt,2
2026-06-02,Loja 002,SKU-7001,Refrigerante lata cx 24un,cx,6
2026-06-02,Loja 002,SKU-7002,Refrigerante 2L cx 6un,cx,3
2026-06-02,Loja 002,SKU-7003,Suco caixinha cx 12un,cx,2
2026-06-02,Loja 002,SKU-7004,Agua mineral 500ml cx 12un,cx,3
2026-06-02,Loja 002,SKU-8001,Embalagem sanduiche pct 100un,pct,10
2026-06-02,Loja 002,SKU-8002,Copo 400ml pct 50un,pct,5
2026-06-02,Loja 002,SKU-8003,Sacola delivery pct 100un,pct,5
2026-06-02,Loja 002,SKU-8004,Guardanapo pct 1000un,pct,2
2026-06-02,Loja 003,SKU-1001,Hamburguer bovino 180g cx 24un,cx,10
2026-06-02,Loja 003,SKU-1002,File de frango congelado 2kg,pct,15
2026-06-02,Loja 003,SKU-1003,Bacon fatiado 1kg,pct,6
2026-06-02,Loja 003,SKU-1004,Linguica toscana 3kg,pct,6
2026-06-02,Loja 003,SKU-2001,Pao de hamburguer pct 12un,pct,23
2026-06-02,Loja 003,SKU-2002,Pao brioche pct 12un,pct,8
2026-06-02,Loja 003,SKU-3001,Queijo cheddar fatiado 1kg,pct,11
2026-06-02,Loja 003,SKU-3002,Queijo mussarela 5kg,pct,10
2026-06-02,Loja 003,SKU-3003,"Requeijao cremoso 1,5kg",pt,3
2026-06-02,Loja 003,SKU-3004,Manteiga 500g,un,6
2026-06-02,Loja 003,SKU-4001,"Batata pre-frita congelada 2,5kg",pct,21
2026-06-02,Loja 003,SKU-4002,Anel de cebola congelado 1kg,pct,4
2026-06-02,Loja 003,SKU-4003,Nuggets congelado 2kg,pct,5
2026-06-02,Loja 003,SKU-5001,Oleo de soja 900ml cx 20un,cx,3
2026-06-02,Loja 003,SKU-5002,"Ketchup galao 3,2kg",gl,2
2026-06-02,Loja 003,SKU-5003,Maionese galao 3kg,gl,2
2026-06-02,Loja 003,SKU-5004,Mostarda galao 3kg,gl,1
2026-06-02,Loja 003,SKU-5005,Sal refinado 1kg,un,2
2026-06-02,Loja 003,SKU-6001,Alface americana un,un,36
2026-06-02,Loja 003,SKU-6002,Tomate salada kg,kg,17.8
2026-06-02,Loja 003,SKU-6003,Cebola kg,kg,8.5
2026-06-02,Loja 003,SKU-6004,Picles fatiado 2kg,pt,2
2026-06-02,Loja 003,SKU-7001,Refrigerante lata cx 24un,cx,13
2026-06-02,Loja 003,SKU-7002,Refrigerante 2L cx 6un,cx,6
2026-06-02,Loja 003,SKU-7003,Suco caixinha cx 12un,cx,4
2026-06-02,Loja 003,SKU-7004,Agua mineral 500ml cx 12un,cx,5
2026-06-02,Loja 003,SKU-8001,Embalagem sanduiche pct 100un,pct,16
2026-06-02,Loja 003,SKU-8002,Copo 400ml pct 50un,pct,10
2026-06-02,Loja 003,SKU-8003,Sacola delivery pct 100un,pct,7
2026-06-02,Loja 003,SKU-8004,Guardanapo pct 1000un,pct,4
2026-06-03,Loja 001,SKU-1001,Hamburguer bovino 180g cx 24un,cx,7
2026-06-03,Loja 001,SKU-1002,File de frango congelado 2kg,pct,13
2026-06-03,Loja 001,SKU-1003,Bacon fatiado 1kg,pct,6
2026-06-03,Loja 001,SKU-1004,Linguica toscana 3kg,pct,6
2026-06-03,Loja 001,SKU-2001,Pao de hamburguer pct 12un,pct,15
2026-06-03,Loja 001,SKU-2002,Pao brioche pct 12un,pct,7
2026-06-03,Loja 001,SKU-3001,Queijo cheddar fatiado 1kg,pct,9
2026-06-03,Loja 001,SKU-3002,Queijo mussarela 5kg,pct,8
2026-06-03,Loja 001,SKU-3003,"Requeijao cremoso 1,5kg",pt,3
2026-06-03,Loja 001,SKU-3004,Manteiga 500g,un,6
2026-06-03,Loja 001,SKU-4001,"Batata pre-frita congelada 2,5kg",pct,17
2026-06-03,Loja 001,SKU-4002,Anel de cebola congelado 1kg,pct,3
2026-06-03,Loja 001,SKU-4003,Nuggets congelado 2kg,pct,4
2026-06-03,Loja 001,SKU-5001,Oleo de soja 900ml cx 20un,cx,2
2026-06-03,Loja 001,SKU-5002,"Ketchup galao 3,2kg",gl,2
2026-06-03,Loja 001,SKU-5003,Maionese galao 3kg,gl,3
2026-06-03,Loja 001,SKU-5004,Mostarda galao 3kg,gl,1
2026-06-03,Loja 001,SKU-5005,Sal refinado 1kg,un,1
2026-06-03,Loja 001,SKU-6001,Alface americana un,un,26
2026-06-03,Loja 001,SKU-6002,Tomate salada kg,kg,22.1
2026-06-03,Loja 001,SKU-6003,Cebola kg,kg,15.3
2026-06-03,Loja 001,SKU-6004,Picles fatiado 2kg,pt,3
2026-06-03,Loja 001,SKU-7001,Refrigerante lata cx 24un,cx,9
2026-06-03,Loja 001,SKU-7002,Refrigerante 2L cx 6un,cx,5
2026-06-03,Loja 001,SKU-7003,Suco caixinha cx 12un,cx,3
2026-06-03,Loja 001,SKU-7004,Agua mineral 500ml cx 12un,cx,6
2026-06-03,Loja 001,SKU-8001,Embalagem sanduiche pct 100un,pct,15
2026-06-03,Loja 001,SKU-8002,Copo 400ml pct 50un,pct,9
2026-06-03,Loja 001,SKU-8003,Sacola delivery pct 100un,pct,5
2026-06-03,Loja 001,SKU-8004,Guardanapo pct 1000un,pct,3
2026-06-03,Loja 002,SKU-1001,Hamburguer bovino 180g cx 24un,cx,6
2026-06-03,Loja 002,SKU-1002,File de frango congelado 2kg,pct,8
2026-06-03,Loja 002,SKU-1003,Bacon fatiado 1kg,pct,4
2026-06-03,Loja 002,SKU-1004,Linguica toscana 3kg,pct,3
2026-06-03,Loja 002,SKU-2001,Pao de hamburguer pct 12un,pct,19
2026-06-03,Loja 002,SKU-2002,Pao brioche pct 12un,pct,8
2026-06-03,Loja 002,SKU-3001,Queijo cheddar fatiado 1kg,pct,7
2026-06-03,Loja 002,SKU-3002,Queijo mussarela 5kg,pct,6
2026-06-03,Loja 002,SKU-3003,"Requeijao cremoso 1,5kg",pt,3
2026-06-03,Loja 002,SKU-3004,Manteiga 500g,un,3
2026-06-03,Loja 002,SKU-4001,"Batata pre-frita congelada 2,5kg",pct,10
2026-06-03,Loja 002,SKU-4002,Anel de cebola congelado 1kg,pct,2
2026-06-03,Loja 002,SKU-4003,Nuggets congelado 2kg,pct,3
2026-06-03,Loja 002,SKU-5001,Oleo de soja 900ml cx 20un,cx,2
2026-06-03,Loja 002,SKU-5002,"Ketchup galao 3,2kg",gl,1
2026-06-03,Loja 002,SKU-5003,Maionese galao 3kg,gl,2
2026-06-03,Loja 002,SKU-5004,Mostarda galao 3kg,gl,1
2026-06-03,Loja 002,SKU-5005,Sal refinado 1kg,un,1
2026-06-03,Loja 002,SKU-6001,Alface americana un,un,23
2026-06-03,Loja 002,SKU-6002,Tomate salada kg,kg,14.5
2026-06-03,Loja 002,SKU-6003,Cebola kg,kg,6.7
2026-06-03,Loja 002,SKU-6004,Picles fatiado 2kg,pt,1
2026-06-03,Loja 002,SKU-7001,Refrigerante lata cx 24un,cx,6
2026-06-03,Loja 002,SKU-7002,Refrigerante 2L cx 6un,cx,3
2026-06-03,Loja 002,SKU-7003,Suco caixinha cx 12un,cx,2
2026-06-03,Loja 002,SKU-7004,Agua mineral 500ml cx 12un,cx,4
2026-06-03,Loja 002,SKU-8001,Embalagem sanduiche pct 100un,pct,8
2026-06-03,Loja 002,SKU-8002,Copo 400ml pct 50un,pct,6
2026-06-03,Loja 002,SKU-8003,Sacola delivery pct 100un,pct,6
2026-06-03,Loja 002,SKU-8004,Guardanapo pct 1000un,pct,3
2026-06-03,Loja 003,SKU-1001,Hamburguer bovino 180g cx 24un,cx,13
2026-06-03,Loja 003,SKU-1002,File de frango congelado 2kg,pct,14
2026-06-03,Loja 003,SKU-1003,Bacon fatiado 1kg,pct,8
2026-06-03,Loja 003,SKU-1004,Linguica toscana 3kg,pct,7
2026-06-03,Loja 003,SKU-2001,Pao de hamburguer pct 12un,pct,38
2026-06-03,Loja 003,SKU-2002,Pao brioche pct 12un,pct,12
2026-06-03,Loja 003,SKU-3001,Queijo cheddar fatiado 1kg,pct,15
2026-06-03,Loja 003,SKU-3002,Queijo mussarela 5kg,pct,9
2026-06-03,Loja 003,SKU-3003,"Requeijao cremoso 1,5kg",pt,5
2026-06-03,Loja 003,SKU-3004,Manteiga 500g,un,7
2026-06-03,Loja 003,SKU-4001,"Batata pre-frita congelada 2,5kg",pct,18
2026-06-03,Loja 003,SKU-4002,Anel de cebola congelado 1kg,pct,3
2026-06-03,Loja 003,SKU-4003,Nuggets congelado 2kg,pct,7
2026-06-03,Loja 003,SKU-5001,Oleo de soja 900ml cx 20un,cx,4
2026-06-03,Loja 003,SKU-5002,"Ketchup galao 3,2kg",gl,3
2026-06-03,Loja 003,SKU-5003,Maionese galao 3kg,gl,3
2026-06-03,Loja 003,SKU-5004,Mostarda galao 3kg,gl,1
2026-06-03,Loja 003,SKU-5005,Sal refinado 1kg,un,2
2026-06-03,Loja 003,SKU-6001,Alface americana un,un,44
2026-06-03,Loja 003,SKU-6002,Tomate salada kg,kg,24.9
2026-06-03,Loja 003,SKU-6003,Cebola kg,kg,17.2
2026-06-03,Loja 003,SKU-6004,Picles fatiado 2kg,pt,2
2026-06-03,Loja 003,SKU-7001,Refrigerante lata cx 24un,cx,11
2026-06-03,Loja 003,SKU-7002,Refrigerante 2L cx 6un,cx,5
2026-06-03,Loja 003,SKU-7003,Suco caixinha cx 12un,cx,3
2026-06-03,Loja 003,SKU-7004,Agua mineral 500ml cx 12un,cx,8
2026-06-03,Loja 003,SKU-8001,Embalagem sanduiche pct 100un,pct,13
2026-06-03,Loja 003,SKU-8002,Copo 400ml pct 50un,pct,10
2026-06-03,Loja 003,SKU-8003,Sacola delivery pct 100un,pct,10
2026-06-03,Loja 003,SKU-8004,Guardanapo pct 1000un,pct,5
2026-06-04,Loja 001,SKU-1001,Hamburguer bovino 180g cx 24un,cx,9
2026-06-04,Loja 001,SKU-1002,File de frango congelado 2kg,pct,12
2026-06-04,Loja 001,SKU-1003,Bacon fatiado 1kg,pct,5
2026-06-04,Loja 001,SKU-1004,Linguica toscana 3kg,pct,6
2026-06-04,Loja 001,SKU-2001,Pao de hamburguer pct 12un,pct,18
2026-06-04,Loja 001,SKU-2002,Pao brioche pct 12un,pct,10
2026-06-04,Loja 001,SKU-3001,Queijo cheddar fatiado 1kg,pct,9
2026-06-04,Loja 001,SKU-3002,Queijo mussarela 5kg,pct,8
2026-06-04,Loja 001,SKU-3003,"Requeijao cremoso 1,5kg",pt,4
2026-06-04,Loja 001,SKU-3004,Manteiga 500g,un,6
2026-06-04,Loja 001,SKU-4001,"Batata pre-frita congelada 2,5kg",pct,16
2026-06-04,Loja 001,SKU-4002,Anel de cebola congelado 1kg,pct,4
2026-06-04,Loja 001,SKU-4003,Nuggets congelado 2kg,pct,5
2026-06-04,Loja 001,SKU-5001,Oleo de soja 900ml cx 20un,cx,3
2026-06-04,Loja 001,SKU-5002,"Ketchup galao 3,2kg",gl,2
2026-06-04,Loja 001,SKU-5003,Maionese galao 3kg,gl,3
2026-06-04,Loja 001,SKU-5004,Mostarda galao 3kg,gl,2
2026-06-04,Loja 001,SKU-5005,Sal refinado 1kg,un,1
2026-06-04,Loja 001,SKU-6001,Alface americana un,un,27
2026-06-04,Loja 001,SKU-6002,Tomate salada kg,kg,21.0
2026-06-04,Loja 001,SKU-6003,Cebola kg,kg,9.7
2026-06-04,Loja 001,SKU-6004,Picles fatiado 2kg,pt,3
2026-06-04,Loja 001,SKU-7001,Refrigerante lata cx 24un,cx,12
2026-06-04,Loja 001,SKU-7002,Refrigerante 2L cx 6un,cx,5
2026-06-04,Loja 001,SKU-7003,Suco caixinha cx 12un,cx,3
2026-06-04,Loja 001,SKU-7004,Agua mineral 500ml cx 12un,cx,6
2026-06-04,Loja 001,SKU-8001,Embalagem sanduiche pct 100un,pct,11
2026-06-04,Loja 001,SKU-8002,Copo 400ml pct 50un,pct,9
2026-06-04,Loja 001,SKU-8003,Sacola delivery pct 100un,pct,7
2026-06-04,Loja 001,SKU-8004,Guardanapo pct 1000un,pct,5
2026-06-04,Loja 002,SKU-1001,Hamburguer bovino 180g cx 24un,cx,8
2026-06-04,Loja 002,SKU-1002,File de frango congelado 2kg,pct,12
2026-06-04,Loja 002,SKU-1003,Bacon fatiado 1kg,pct,4
2026-06-04,Loja 002,SKU-1004,Linguica toscana 3kg,pct,4
2026-06-04,Loja 002,SKU-2001,Pao de hamburguer pct 12un,pct,19
2026-06-04,Loja 002,SKU-2002,Pao brioche pct 12un,pct,5
2026-06-04,Loja 002,SKU-3001,Queijo cheddar fatiado 1kg,pct,9
2026-06-04,Loja 002,SKU-3002,Queijo mussarela 5kg,pct,7
2026-06-04,Loja 002,SKU-3003,"Requeijao cremoso 1,5kg",pt,3
2026-06-04,Loja 002,SKU-3004,Manteiga 500g,un,5
2026-06-04,Loja 002,SKU-4001,"Batata pre-frita congelada 2,5kg",pct,14
2026-06-04,Loja 002,SKU-4002,Anel de cebola congelado 1kg,pct,2
2026-06-04,Loja 002,SKU-4003,Nuggets congelado 2kg,pct,4
2026-06-04,Loja 002,SKU-5001,Oleo de soja 900ml cx 20un,cx,2
2026-06-04,Loja 002,SKU-5002,"Ketchup galao 3,2kg",gl,1
2026-06-04,Loja 002,SKU-5003,Maionese galao 3kg,gl,2
2026-06-04,Loja 002,SKU-5004,Mostarda galao 3kg,gl,1
2026-06-04,Loja 002,SKU-5005,Sal refinado 1kg,un,1
2026-06-04,Loja 002,SKU-6001,Alface americana un,un,19
2026-06-04,Loja 002,SKU-6002,Tomate salada kg,kg,19.0
2026-06-04,Loja 002,SKU-6003,Cebola kg,kg,12.5
2026-06-04,Loja 002,SKU-6004,Picles fatiado 2kg,pt,2
2026-06-04,Loja 002,SKU-7001,Refrigerante lata cx 24un,cx,8
2026-06-04,Loja 002,SKU-7002,Refrigerante 2L cx 6un,cx,3
2026-06-04,Loja 002,SKU-7003,Suco caixinha cx 12un,cx,3
2026-06-04,Loja 002,SKU-7004,Agua mineral 500ml cx 12un,cx,3
2026-06-04,Loja 002,SKU-8001,Embalagem sanduiche pct 100un,pct,12
2026-06-04,Loja 002,SKU-8002,Copo 400ml pct 50un,pct,6
2026-06-04,Loja 002,SKU-8003,Sacola delivery pct 100un,pct,5
2026-06-04,Loja 002,SKU-8004,Guardanapo pct 1000un,pct,3
2026-06-04,Loja 003,SKU-1001,Hamburguer bovino 180g cx 24un,cx,10
2026-06-04,Loja 003,SKU-1002,File de frango congelado 2kg,pct,22
2026-06-04,Loja 003,SKU-1003,Bacon fatiado 1kg,pct,9
2026-06-04,Loja 003,SKU-1004,Linguica toscana 3kg,pct,6
2026-06-04,Loja 003,SKU-2001,Pao de hamburguer pct 12un,pct,25
2026-06-04,Loja 003,SKU-2002,Pao brioche pct 12un,pct,15
2026-06-04,Loja 003,SKU-3001,Queijo cheddar fatiado 1kg,pct,18
2026-06-04,Loja 003,SKU-3002,Queijo mussarela 5kg,pct,11
2026-06-04,Loja 003,SKU-3003,"Requeijao cremoso 1,5kg",pt,5
2026-06-04,Loja 003,SKU-3004,Manteiga 500g,un,7
2026-06-04,Loja 003,SKU-4001,"Batata pre-frita congelada 2,5kg",pct,27
2026-06-04,Loja 003,SKU-4002,Anel de cebola congelado 1kg,pct,4
2026-06-04,Loja 003,SKU-4003,Nuggets congelado 2kg,pct,6
2026-06-04,Loja 003,SKU-5001,Oleo de soja 900ml cx 20un,cx,5
2026-06-04,Loja 003,SKU-5002,"Ketchup galao 3,2kg",gl,3
2026-06-04,Loja 003,SKU-5003,Maionese galao 3kg,gl,4
2026-06-04,Loja 003,SKU-5004,Mostarda galao 3kg,gl,2
2026-06-04,Loja 003,SKU-5005,Sal refinado 1kg,un,2
2026-06-04,Loja 003,SKU-6001,Alface americana un,un,50
2026-06-04,Loja 003,SKU-6002,Tomate salada kg,kg,20.2
2026-06-04,Loja 003,SKU-6003,Cebola kg,kg,15.9
2026-06-04,Loja 003,SKU-6004,Picles fatiado 2kg,pt,4
2026-06-04,Loja 003,SKU-7001,Refrigerante lata cx 24un,cx,11
2026-06-04,Loja 003,SKU-7002,Refrigerante 2L cx 6un,cx,7
2026-06-04,Loja 003,SKU-7003,Suco caixinha cx 12un,cx,3
2026-06-04,Loja 003,SKU-7004,Agua mineral 500ml cx 12un,cx,7
2026-06-04,Loja 003,SKU-8001,Embalagem sanduiche pct 100un,pct,19
2026-06-04,Loja 003,SKU-8002,Copo 400ml pct 50un,pct,14
2026-06-04,Loja 003,SKU-8003,Sacola delivery pct 100un,pct,12
2026-06-04,Loja 003,SKU-8004,Guardanapo pct 1000un,pct,4
2026-06-05,Loja 001,SKU-1001,Hamburguer bovino 180g cx 24un,cx,13
2026-06-05,Loja 001,SKU-1002,File de frango congelado 2kg,pct,20
2026-06-05,Loja 001,SKU-1003,Bacon fatiado 1kg,pct,10
2026-06-05,Loja 001,SKU-1004,Linguica toscana 3kg,pct,6
2026-06-05,Loja 001,SKU-2001,Pao de hamburguer pct 12un,pct,29
2026-06-05,Loja 001,SKU-2002,Pao brioche pct 12un,pct,10
2026-06-05,Loja 001,SKU-3001,Queijo cheddar fatiado 1kg,pct,15
2026-06-05,Loja 001,SKU-3002,Queijo mussarela 5kg,pct,10
2026-06-05,Loja 001,SKU-3003,"Requeijao cremoso 1,5kg",pt,5
2026-06-05,Loja 001,SKU-3004,Manteiga 500g,un,9
2026-06-05,Loja 001,SKU-4001,"Batata pre-frita congelada 2,5kg",pct,28
2026-06-05,Loja 001,SKU-4002,Anel de cebola congelado 1kg,pct,4
2026-06-05,Loja 001,SKU-4003,Nuggets congelado 2kg,pct,5
2026-06-05,Loja 001,SKU-5001,Oleo de soja 900ml cx 20un,cx,5
2026-06-05,Loja 001,SKU-5002,"Ketchup galao 3,2kg",gl,3
2026-06-05,Loja 001,SKU-5003,Maionese galao 3kg,gl,4
2026-06-05,Loja 001,SKU-5004,Mostarda galao 3kg,gl,2
2026-06-05,Loja 001,SKU-5005,Sal refinado 1kg,un,2
2026-06-05,Loja 001,SKU-6001,Alface americana un,un,45
2026-06-05,Loja 001,SKU-6002,Tomate salada kg,kg,35.6
2026-06-05,Loja 001,SKU-6003,Cebola kg,kg,20.5
2026-06-05,Loja 001,SKU-6004,Picles fatiado 2kg,pt,3
2026-06-05,Loja 001,SKU-7001,Refrigerante lata cx 24un,cx,11
2026-06-05,Loja 001,SKU-7002,Refrigerante 2L cx 6un,cx,6
2026-06-05,Loja 001,SKU-7003,Suco caixinha cx 12un,cx,4
2026-06-05,Loja 001,SKU-7004,Agua mineral 500ml cx 12un,cx,7
2026-06-05,Loja 001,SKU-8001,Embalagem sanduiche pct 100un,pct,21
2026-06-05,Loja 001,SKU-8002,Copo 400ml pct 50un,pct,11
2026-06-05,Loja 001,SKU-8003,Sacola delivery pct 100un,pct,9
2026-06-05,Loja 001,SKU-8004,Guardanapo pct 1000un,pct,5
2026-06-05,Loja 002,SKU-1001,Hamburguer bovino 180g cx 24un,cx,8
2026-06-05,Loja 002,SKU-1002,File de frango congelado 2kg,pct,11
2026-06-05,Loja 002,SKU-1003,Bacon fatiado 1kg,pct,7
2026-06-05,Loja 002,SKU-1004,Linguica toscana 3kg,pct,4
2026-06-05,Loja 002,SKU-2001,Pao de hamburguer pct 12un,pct,23
2026-06-05,Loja 002,SKU-2002,Pao brioche pct 12un,pct,7
2026-06-05,Loja 002,SKU-3001,Queijo cheddar fatiado 1kg,pct,9
2026-06-05,Loja 002,SKU-3002,Queijo mussarela 5kg,pct,8
2026-06-05,Loja 002,SKU-3003,"Requeijao cremoso 1,5kg",pt,4
2026-06-05,Loja 002,SKU-3004,Manteiga 500g,un,6
2026-06-05,Loja 002,SKU-4001,"Batata pre-frita congelada 2,5kg",pct,15
2026-06-05,Loja 002,SKU-4002,Anel de cebola congelado 1kg,pct,4
2026-06-05,Loja 002,SKU-4003,Nuggets congelado 2kg,pct,5
2026-06-05,Loja 002,SKU-5001,Oleo de soja 900ml cx 20un,cx,3
2026-06-05,Loja 002,SKU-5002,"Ketchup galao 3,2kg",gl,2
2026-06-05,Loja 002,SKU-5003,Maionese galao 3kg,gl,3
2026-06-05,Loja 002,SKU-5004,Mostarda galao 3kg,gl,1
2026-06-05,Loja 002,SKU-5005,Sal refinado 1kg,un,1
2026-06-05,Loja 002,SKU-6001,Alface americana un,un,17
2026-06-05,Loja 002,SKU-6002,Tomate salada kg,kg,26.6
2026-06-05,Loja 002,SKU-6003,Cebola kg,kg,13.9
2026-06-05,Loja 002,SKU-6004,Picles fatiado 2kg,pt,2
2026-06-05,Loja 002,SKU-7001,Refrigerante lata cx 24un,cx,12
2026-06-05,Loja 002,SKU-7002,Refrigerante 2L cx 6un,cx,3
2026-06-05,Loja 002,SKU-7003,Suco caixinha cx 12un,cx,4
2026-06-05,Loja 002,SKU-7004,Agua mineral 500ml cx 12un,cx,5
2026-06-05,Loja 002,SKU-8001,Embalagem sanduiche pct 100un,pct,13
2026-06-05,Loja 002,SKU-8002,Copo 400ml pct 50un,pct,7
2026-06-05,Loja 002,SKU-8003,Sacola delivery pct 100un,pct,6
2026-06-05,Loja 002,SKU-8004,Guardanapo pct 1000un,pct,4
2026-06-05,Loja 003,SKU-1001,Hamburguer bovino 180g cx 24un,cx,18
2026-06-05,Loja 003,SKU-1002,File de frango congelado 2kg,pct,30
2026-06-05,Loja 003,SKU-1003,Bacon fatiado 1kg,pct,12
2026-06-05,Loja 003,SKU-1004,Linguica toscana 3kg,pct,8
2026-06-05,Loja 003,SKU-2001,Pao de hamburguer pct 12un,pct,27
2026-06-05,Loja 003,SKU-2002,Pao brioche pct 12un,pct,13
2026-06-05,Loja 003,SKU-3001,Queijo cheddar fatiado 1kg,pct,17
2026-06-05,Loja 003,SKU-3002,Queijo mussarela 5kg,pct,10
2026-06-05,Loja 003,SKU-3003,"Requeijao cremoso 1,5kg",pt,6
2026-06-05,Loja 003,SKU-3004,Manteiga 500g,un,10
2026-06-05,Loja 003,SKU-4001,"Batata pre-frita congelada 2,5kg",pct,36
2026-06-05,Loja 003,SKU-4002,Anel de cebola congelado 1kg,pct,5
2026-06-05,Loja 003,SKU-4003,Nuggets congelado 2kg,pct,7
2026-06-05,Loja 003,SKU-5001,Oleo de soja 900ml cx 20un,cx,4
2026-06-05,Loja 003,SKU-5002,"Ketchup galao 3,2kg",gl,3
2026-06-05,Loja 003,SKU-5003,Maionese galao 3kg,gl,4
2026-06-05,Loja 003,SKU-5004,Mostarda galao 3kg,gl,2
2026-06-05,Loja 003,SKU-5005,Sal refinado 1kg,un,3
2026-06-05,Loja 003,SKU-6001,Alface americana un,un,37
2026-06-05,Loja 003,SKU-6002,Tomate salada kg,kg,41.0
2026-06-05,Loja 003,SKU-6003,Cebola kg,kg,22.9
2026-06-05,Loja 003,SKU-6004,Picles fatiado 2kg,pt,5
2026-06-05,Loja 003,SKU-7001,Refrigerante lata cx 24un,cx,14
2026-06-05,Loja 003,SKU-7002,Refrigerante 2L cx 6un,cx,8
2026-06-05,Loja 003,SKU-7003,Suco caixinha cx 12un,cx,6
2026-06-05,Loja 003,SKU-7004,Agua mineral 500ml cx 12un,cx,8
2026-06-05,Loja 003,SKU-8001,Embalagem sanduiche pct 100un,pct,20
2026-06-05,Loja 003,SKU-8002,Copo 400ml pct 50un,pct,18
2026-06-05,Loja 003,SKU-8003,Sacola delivery pct 100un,pct,10
2026-06-05,Loja 003,SKU-8004,Guardanapo pct 1000un,pct,6
2026-06-06,Loja 001,SKU-1001,Hamburguer bovino 180g cx 24un,cx,11
2026-06-06,Loja 001,SKU-1002,File de frango congelado 2kg,pct,25
2026-06-06,Loja 001,SKU-1003,Bacon fatiado 1kg,pct,9
2026-06-06,Loja 001,SKU-1004,Linguica toscana 3kg,pct,7
2026-06-06,Loja 001,SKU-2001,Pao de hamburguer pct 12un,pct,21
2026-06-06,Loja 001,SKU-2002,Pao brioche pct 12un,pct,15
2026-06-06,Loja 001,SKU-3001,Queijo cheddar fatiado 1kg,pct,14
2026-06-06,Loja 001,SKU-3002,Queijo mussarela 5kg,pct,11
2026-06-06,Loja 001,SKU-3003,"Requeijao cremoso 1,5kg",pt,5
2026-06-06,Loja 001,SKU-3004,Manteiga 500g,un,9
2026-06-06,Loja 001,SKU-4001,"Batata pre-frita congelada 2,5kg",pct,24
2026-06-06,Loja 001,SKU-4002,Anel de cebola congelado 1kg,pct,5
2026-06-06,Loja 001,SKU-4003,Nuggets congelado 2kg,pct,8
2026-06-06,Loja 001,SKU-5001,Oleo de soja 900ml cx 20un,cx,4
2026-06-06,Loja 001,SKU-5002,"Ketchup galao 3,2kg",gl,3
2026-06-06,Loja 001,SKU-5003,Maionese galao 3kg,gl,3
2026-06-06,Loja 001,SKU-5004,Mostarda galao 3kg,gl,2
2026-06-06,Loja 001,SKU-5005,Sal refinado 1kg,un,2
2026-06-06,Loja 001,SKU-6001,Alface americana un,un,35
2026-06-06,Loja 001,SKU-6002,Tomate salada kg,kg,19.9
2026-06-06,Loja 001,SKU-6003,Cebola kg,kg,18.3
2026-06-06,Loja 001,SKU-6004,Picles fatiado 2kg,pt,4
2026-06-06,Loja 001,SKU-7001,Refrigerante lata cx 24un,cx,16
2026-06-06,Loja 001,SKU-7002,Refrigerante 2L cx 6un,cx,7
2026-06-06,Loja 001,SKU-7003,Suco caixinha cx 12un,cx,4
2026-06-06,Loja 001,SKU-7004,Agua mineral 500ml cx 12un,cx,10
2026-06-06,Loja 001,SKU-8001,Embalagem sanduiche pct 100un,pct,17
2026-06-06,Loja 001,SKU-8002,Copo 400ml pct 50un,pct,13
2026-06-06,Loja 001,SKU-8003,Sacola delivery pct 100un,pct,10
2026-06-06,Loja 001,SKU-8004,Guardanapo pct 1000un,pct,7
2026-06-06,Loja 002,SKU-1001,Hamburguer bovino 180g cx 24un,cx,11
2026-06-06,Loja 002,SKU-1002,File de frango congelado 2kg,pct,16
2026-06-06,Loja 002,SKU-1003,Bacon fatiado 1kg,pct,6
2026-06-06,Loja 002,SKU-1004,Linguica toscana 3kg,pct,5
2026-06-06,Loja 002,SKU-2001,Pao de hamburguer pct 12un,pct,25
2026-06-06,Loja 002,SKU-2002,Pao brioche pct 12un,pct,11
2026-06-06,Loja 002,SKU-3001,Queijo cheddar fatiado 1kg,pct,13
2026-06-06,Loja 002,SKU-3002,Queijo mussarela 5kg,pct,7
2026-06-06,Loja 002,SKU-3003,"Requeijao cremoso 1,5kg",pt,4
2026-06-06,Loja 002,SKU-3004,Manteiga 500g,un,5
2026-06-06,Loja 002,SKU-4001,"Batata pre-frita congelada 2,5kg",pct,17
2026-06-06,Loja 002,SKU-4002,Anel de cebola congelado 1kg,pct,4
2026-06-06,Loja 002,SKU-4003,Nuggets congelado 2kg,pct,4
2026-06-06,Loja 002,SKU-5001,Oleo de soja 900ml cx 20un,cx,3
2026-06-06,Loja 002,SKU-5002,"Ketchup galao 3,2kg",gl,2
2026-06-06,Loja 002,SKU-5003,Maionese galao 3kg,gl,3
2026-06-06,Loja 002,SKU-5004,Mostarda galao 3kg,gl,1
2026-06-06,Loja 002,SKU-5005,Sal refinado 1kg,un,1
2026-06-06,Loja 002,SKU-6001,Alface americana un,un,31
2026-06-06,Loja 002,SKU-6002,Tomate salada kg,kg,14.3
2026-06-06,Loja 002,SKU-6003,Cebola kg,kg,18.3
2026-06-06,Loja 002,SKU-6004,Picles fatiado 2kg,pt,3
2026-06-06,Loja 002,SKU-7001,Refrigerante lata cx 24un,cx,10
2026-06-06,Loja 002,SKU-7002,Refrigerante 2L cx 6un,cx,5
2026-06-06,Loja 002,SKU-7003,Suco caixinha cx 12un,cx,3
2026-06-06,Loja 002,SKU-7004,Agua mineral 500ml cx 12un,cx,5
2026-06-06,Loja 002,SKU-8001,Embalagem sanduiche pct 100un,pct,12
2026-06-06,Loja 002,SKU-8002,Copo 400ml pct 50un,pct,7
2026-06-06,Loja 002,SKU-8003,Sacola delivery pct 100un,pct,9
2026-06-06,Loja 002,SKU-8004,Guardanapo pct 1000un,pct,4
2026-06-06,Loja 003,SKU-1001,Hamburguer bovino 180g cx 24un,cx,13
2026-06-06,Loja 003,SKU-1002,File de frango congelado 2kg,pct,27
2026-06-06,Loja 003,SKU-1003,Bacon fatiado 1kg,pct,12
2026-06-06,Loja 003,SKU-1004,Linguica toscana 3kg,pct,8
2026-06-06,Loja 003,SKU-2001,Pao de hamburguer pct 12un,pct,51
2026-06-06,Loja 003,SKU-2002,Pao brioche pct 12un,pct,24
2026-06-06,Loja 003,SKU-3001,Queijo cheddar fatiado 1kg,pct,19
2026-06-06,Loja 003,SKU-3002,Queijo mussarela 5kg,pct,17
2026-06-06,Loja 003,SKU-3003,"Requeijao cremoso 1,5kg",pt,6
2026-06-06,Loja 003,SKU-3004,Manteiga 500g,un,10
2026-06-06,Loja 003,SKU-4001,"Batata pre-frita congelada 2,5kg",pct,37
2026-06-06,Loja 003,SKU-4002,Anel de cebola congelado 1kg,pct,7
2026-06-06,Loja 003,SKU-4003,Nuggets congelado 2kg,pct,8
2026-06-06,Loja 003,SKU-5001,Oleo de soja 900ml cx 20un,cx,5
2026-06-06,Loja 003,SKU-5002,"Ketchup galao 3,2kg",gl,5
2026-06-06,Loja 003,SKU-5003,Maionese galao 3kg,gl,6
2026-06-06,Loja 003,SKU-5004,Mostarda galao 3kg,gl,2
2026-06-06,Loja 003,SKU-5005,Sal refinado 1kg,un,3
2026-06-06,Loja 003,SKU-6001,Alface americana un,un,69
2026-06-06,Loja 003,SKU-6002,Tomate salada kg,kg,44.4
2026-06-06,Loja 003,SKU-6003,Cebola kg,kg,24.2
2026-06-06,Loja 003,SKU-6004,Picles fatiado 2kg,pt,6
2026-06-06,Loja 003,SKU-7001,Refrigerante lata cx 24un,cx,19
2026-06-06,Loja 003,SKU-7002,Refrigerante 2L cx 6un,cx,7
2026-06-06,Loja 003,SKU-7003,Suco caixinha cx 12un,cx,6
2026-06-06,Loja 003,SKU-7004,Agua mineral 500ml cx 12un,cx,11
2026-06-06,Loja 003,SKU-8001,Embalagem sanduiche pct 100un,pct,26
2026-06-06,Loja 003,SKU-8002,Copo 400ml pct 50un,pct,16
2026-06-06,Loja 003,SKU-8003,Sacola delivery pct 100un,pct,12
2026-06-06,Loja 003,SKU-8004,Guardanapo pct 1000un,pct,9
2026-06-07,Loja 001,SKU-1001,Hamburguer bovino 180g cx 24un,cx,12
2026-06-07,Loja 001,SKU-1002,File de frango congelado 2kg,pct,16
2026-06-07,Loja 001,SKU-1003,Bacon fatiado 1kg,pct,7
2026-06-07,Loja 001,SKU-1004,Linguica toscana 3kg,pct,5
2026-06-07,Loja 001,SKU-2001,Pao de hamburguer pct 12un,pct,22
2026-06-07,Loja 001,SKU-2002,Pao brioche pct 12un,pct,9
2026-06-07,Loja 001,SKU-3001,Queijo cheddar fatiado 1kg,pct,11
2026-06-07,Loja 001,SKU-3002,Queijo mussarela 5kg,pct,7
2026-06-07,Loja 001,SKU-3003,"Requeijao cremoso 1,5kg",pt,5
2026-06-07,Loja 001,SKU-3004,Manteiga 500g,un,6
2026-06-07,Loja 001,SKU-4001,"Batata pre-frita congelada 2,5kg",pct,25
2026-06-07,Loja 001,SKU-4002,Anel de cebola congelado 1kg,pct,3
2026-06-07,Loja 001,SKU-4003,Nuggets congelado 2kg,pct,6
2026-06-07,Loja 001,SKU-5001,Oleo de soja 900ml cx 20un,cx,3
2026-06-07,Loja 001,SKU-5002,"Ketchup galao 3,2kg",gl,2
2026-06-07,Loja 001,SKU-5003,Maionese galao 3kg,gl,3
2026-06-07,Loja 001,SKU-5004,Mostarda galao 3kg,gl,2
2026-06-07,Loja 001,SKU-5005,Sal refinado 1kg,un,2
2026-06-07,Loja 001,SKU-6001,Alface americana un,un,41
2026-06-07,Loja 001,SKU-6002,Tomate salada kg,kg,21.4
2026-06-07,Loja 001,SKU-6003,Cebola kg,kg,10.5
2026-06-07,Loja 001,SKU-6004,Picles fatiado 2kg,pt,2
2026-06-07,Loja 001,SKU-7001,Refrigerante lata cx 24un,cx,13
2026-06-07,Loja 001,SKU-7002,Refrigerante 2L cx 6un,cx,5
2026-06-07,Loja 001,SKU-7003,Suco caixinha cx 12un,cx,3
2026-06-07,Loja 001,SKU-7004,Agua mineral 500ml cx 12un,cx,8
2026-06-07,Loja 001,SKU-8001,Embalagem sanduiche pct 100un,pct,15
2026-06-07,Loja 001,SKU-8002,Copo 400ml pct 50un,pct,9
2026-06-07,Loja 001,SKU-8003,Sacola delivery pct 100un,pct,7
2026-06-07,Loja 001,SKU-8004,Guardanapo pct 1000un,pct,5
2026-06-07,Loja 002,SKU-1001,Hamburguer bovino 180g cx 24un,cx,8
2026-06-07,Loja 002,SKU-1002,File de frango congelado 2kg,pct,13
2026-06-07,Loja 002,SKU-1003,Bacon fatiado 1kg,pct,5
2026-06-07,Loja 002,SKU-1004,Linguica toscana 3kg,pct,4
2026-06-07,Loja 002,SKU-2001,Pao de hamburguer pct 12un,pct,16
2026-06-07,Loja 002,SKU-2002,Pao brioche pct 12un,pct,11
2026-06-07,Loja 002,SKU-3001,Queijo cheddar fatiado 1kg,pct,10
2026-06-07,Loja 002,SKU-3002,Queijo mussarela 5kg,pct,5
2026-06-07,Loja 002,SKU-3003,"Requeijao cremoso 1,5kg",pt,3
2026-06-07,Loja 002,SKU-3004,Manteiga 500g,un,5
2026-06-07,Loja 002,SKU-4001,"Batata pre-frita congelada 2,5kg",pct,19
2026-06-07,Loja 002,SKU-4002,Anel de cebola congelado 1kg,pct,3
2026-06-07,Loja 002,SKU-4003,Nuggets congelado 2kg,pct,4
2026-06-07,Loja 002,SKU-5001,Oleo de soja 900ml cx 20un,cx,2
2026-06-07,Loja 002,SKU-5002,"Ketchup galao 3,2kg",gl,2
2026-06-07,Loja 002,SKU-5003,Maionese galao 3kg,gl,2
2026-06-07,Loja 002,SKU-5004,Mostarda galao 3kg,gl,1
2026-06-07,Loja 002,SKU-5005,Sal refinado 1kg,un,1
2026-06-07,Loja 002,SKU-6001,Alface americana un,un,19
2026-06-07,Loja 002,SKU-6002,Tomate salada kg,kg,22.6
2026-06-07,Loja 002,SKU-6003,Cebola kg,kg,10.0
2026-06-07,Loja 002,SKU-6004,Picles fatiado 2kg,pt,2
2026-06-07,Loja 002,SKU-7001,Refrigerante lata cx 24un,cx,7
2026-06-07,Loja 002,SKU-7002,Refrigerante 2L cx 6un,cx,4
2026-06-07,Loja 002,SKU-7003,Suco caixinha cx 12un,cx,3
2026-06-07,Loja 002,SKU-7004,Agua mineral 500ml cx 12un,cx,4
2026-06-07,Loja 002,SKU-8001,Embalagem sanduiche pct 100un,pct,10
2026-06-07,Loja 002,SKU-8002,Copo 400ml pct 50un,pct,8
2026-06-07,Loja 002,SKU-8003,Sacola delivery pct 100un,pct,5
2026-06-07,Loja 002,SKU-8004,Guardanapo pct 1000un,pct,4
2026-06-07,Loja 003,SKU-1001,Hamburguer bovino 180g cx 24un,cx,15
2026-06-07,Loja 003,SKU-1002,File de frango congelado 2kg,pct,24
2026-06-07,Loja 003,SKU-1003,Bacon fatiado 1kg,pct,8
2026-06-07,Loja 003,SKU-1004,Linguica toscana 3kg,pct,6
2026-06-07,Loja 003,SKU-2001,Pao de hamburguer pct 12un,pct,37
2026-06-07,Loja 003,SKU-2002,Pao brioche pct 12un,pct,9
2026-06-07,Loja 003,SKU-3001,Queijo cheddar fatiado 1kg,pct,18
2026-06-07,Loja 003,SKU-3002,Queijo mussarela 5kg,pct,13
2026-06-07,Loja 003,SKU-3003,"Requeijao cremoso 1,5kg",pt,6
2026-06-07,Loja 003,SKU-3004,Manteiga 500g,un,9
2026-06-07,Loja 003,SKU-4001,"Batata pre-frita congelada 2,5kg",pct,26
2026-06-07,Loja 003,SKU-4002,Anel de cebola congelado 1kg,pct,5
2026-06-07,Loja 003,SKU-4003,Nuggets congelado 2kg,pct,7
2026-06-07,Loja 003,SKU-5001,Oleo de soja 900ml cx 20un,cx,3
2026-06-07,Loja 003,SKU-5002,"Ketchup galao 3,2kg",gl,3
2026-06-07,Loja 003,SKU-5003,Maionese galao 3kg,gl,4
2026-06-07,Loja 003,SKU-5004,Mostarda galao 3kg,gl,1
2026-06-07,Loja 003,SKU-5005,Sal refinado 1kg,un,2
2026-06-07,Loja 003,SKU-6001,Alface americana un,un,51
2026-06-07,Loja 003,SKU-6002,Tomate salada kg,kg,25.3
2026-06-07,Loja 003,SKU-6003,Cebola kg,kg,24.8
2026-06-07,Loja 003,SKU-6004,Picles fatiado 2kg,pt,4
2026-06-07,Loja 003,SKU-7001,Refrigerante lata cx 24un,cx,14
2026-06-07,Loja 003,SKU-7002,Refrigerante 2L cx 6un,cx,5
2026-06-07,Loja 003,SKU-7003,Suco caixinha cx 12un,cx,4
2026-06-07,Loja 003,SKU-7004,Agua mineral 500ml cx 12un,cx,7
2026-06-07,Loja 003,SKU-8001,Embalagem sanduiche pct 100un,pct,16
2026-06-07,Loja 003,SKU-8002,Copo 400ml pct 50un,pct,10
2026-06-07,Loja 003,SKU-8003,Sacola delivery pct 100un,pct,11
2026-06-07,Loja 003,SKU-8004,Guardanapo pct 1000un,pct,7
2026-06-08,Loja 001,SKU-1001,Hamburguer bovino 180g cx 24un,cx,6
2026-06-08,Loja 001,SKU-1002,File de frango congelado 2kg,pct,10
2026-06-08,Loja 001,SKU-1003,Bacon fatiado 1kg,pct,6
2026-06-08,Loja 001,SKU-1004,Linguica toscana 3kg,pct,4
2026-06-08,Loja 001,SKU-2001,Pao de hamburguer pct 12un,pct,17
2026-06-08,Loja 001,SKU-2002,Pao brioche pct 12un,pct,7
2026-06-08,Loja 001,SKU-3001,Queijo cheddar fatiado 1kg,pct,10
2026-06-08,Loja 001,SKU-3002,Queijo mussarela 5kg,pct,8
2026-06-08,Loja 001,SKU-3003,"Requeijao cremoso 1,5kg",pt,3
2026-06-08,Loja 001,SKU-3004,Manteiga 500g,un,4
2026-06-08,Loja 001,SKU-4001,"Batata pre-frita congelada 2,5kg",pct,16
2026-06-08,Loja 001,SKU-4002,Anel de cebola congelado 1kg,pct,3
2026-06-08,Loja 001,SKU-4003,Nuggets congelado 2kg,pct,3
2026-06-08,Loja 001,SKU-5001,Oleo de soja 900ml cx 20un,cx,3
2026-06-08,Loja 001,SKU-5002,"Ketchup galao 3,2kg",gl,2
2026-06-08,Loja 001,SKU-5003,Maionese galao 3kg,gl,3
2026-06-08,Loja 001,SKU-5004,Mostarda galao 3kg,gl,1
2026-06-08,Loja 001,SKU-5005,Sal refinado 1kg,un,1
2026-06-08,Loja 001,SKU-6001,Alface americana un,un,28
2026-06-08,Loja 001,SKU-6002,Tomate salada kg,kg,10.9
2026-06-08,Loja 001,SKU-6003,Cebola kg,kg,9.5
2026-06-08,Loja 001,SKU-6004,Picles fatiado 2kg,pt,2
2026-06-08,Loja 001,SKU-7001,Refrigerante lata cx 24un,cx,8
2026-06-08,Loja 001,SKU-7002,Refrigerante 2L cx 6un,cx,4
2026-06-08,Loja 001,SKU-7003,Suco caixinha cx 12un,cx,3
2026-06-08,Loja 001,SKU-7004,Agua mineral 500ml cx 12un,cx,6
2026-06-08,Loja 001,SKU-8001,Embalagem sanduiche pct 100un,pct,9
2026-06-08,Loja 001,SKU-8002,Copo 400ml pct 50un,pct,7
2026-06-08,Loja 001,SKU-8003,Sacola delivery pct 100un,pct,7
2026-06-08,Loja 001,SKU-8004,Guardanapo pct 1000un,pct,4
2026-06-08,Loja 002,SKU-1001,Hamburguer bovino 180g cx 24un,cx,6
2026-06-08,Loja 002,SKU-1002,File de frango congelado 2kg,pct,8
2026-06-08,Loja 002,SKU-1003,Bacon fatiado 1kg,pct,3
2026-06-08,Loja 002,SKU-1004,Linguica toscana 3kg,pct,3
2026-06-08,Loja 002,SKU-2001,Pao de hamburguer pct 12un,pct,15
2026-06-08,Loja 002,SKU-2002,Pao brioche pct 12un,pct,6
2026-06-08,Loja 002,SKU-3001,Queijo cheddar fatiado 1kg,pct,7
2026-06-08,Loja 002,SKU-3002,Queijo mussarela 5kg,pct,4
2026-06-08,Loja 002,SKU-3003,"Requeijao cremoso 1,5kg",pt,2
2026-06-08,Loja 002,SKU-3004,Manteiga 500g,un,4
2026-06-08,Loja 002,SKU-4001,"Batata pre-frita congelada 2,5kg",pct,14
2026-06-08,Loja 002,SKU-4002,Anel de cebola congelado 1kg,pct,2
2026-06-08,Loja 002,SKU-4003,Nuggets congelado 2kg,pct,2
2026-06-08,Loja 002,SKU-5001,Oleo de soja 900ml cx 20un,cx,2
2026-06-08,Loja 002,SKU-5002,"Ketchup galao 3,2kg",gl,2
2026-06-08,Loja 002,SKU-5003,Maionese galao 3kg,gl,2
2026-06-08,Loja 002,SKU-5004,Mostarda galao 3kg,gl,1
2026-06-08,Loja 002,SKU-5005,Sal refinado 1kg,un,1
2026-06-08,Loja 002,SKU-6001,Alface americana un,un,22
2026-06-08,Loja 002,SKU-6002,Tomate salada kg,kg,9.4
2026-06-08,Loja 002,SKU-6003,Cebola kg,kg,10.4
2026-06-08,Loja 002,SKU-6004,Picles fatiado 2kg,pt,2
2026-06-08,Loja 002,SKU-7001,Refrigerante lata cx 24un,cx,7
2026-06-08,Loja 002,SKU-7002,Refrigerante 2L cx 6un,cx,2
2026-06-08,Loja 002,SKU-7003,Suco caixinha cx 12un,cx,2
2026-06-08,Loja 002,SKU-7004,Agua mineral 500ml cx 12un,cx,4
2026-06-08,Loja 002,SKU-8001,Embalagem sanduiche pct 100un,pct,9
2026-06-08,Loja 002,SKU-8002,Copo 400ml pct 50un,pct,6
2026-06-08,Loja 002,SKU-8003,Sacola delivery pct 100un,pct,4
2026-06-08,Loja 002,SKU-8004,Guardanapo pct 1000un,pct,3
2026-06-08,Loja 003,SKU-1001,Hamburguer bovino 180g cx 24un,cx,8
2026-06-08,Loja 003,SKU-1002,File de frango congelado 2kg,pct,16
2026-06-08,Loja 003,SKU-1003,Bacon fatiado 1kg,pct,5
2026-06-08,Loja 003,SKU-1004,Linguica toscana 3kg,pct,6
2026-06-08,Loja 003,SKU-2001,Pao de hamburguer pct 12un,pct,28
2026-06-08,Loja 003,SKU-2002,Pao brioche pct 12un,pct,11
2026-06-08,Loja 003,SKU-3001,Queijo cheddar fatiado 1kg,pct,12
2026-06-08,Loja 003,SKU-3002,Queijo mussarela 5kg,pct,9
2026-06-08,Loja 003,SKU-3003,"Requeijao cremoso 1,5kg",pt,5
2026-06-08,Loja 003,SKU-3004,Manteiga 500g,un,5
2026-06-08,Loja 003,SKU-4001,"Batata pre-frita congelada 2,5kg",pct,20
2026-06-08,Loja 003,SKU-4002,Anel de cebola congelado 1kg,pct,3
2026-06-08,Loja 003,SKU-4003,Nuggets congelado 2kg,pct,4
2026-06-08,Loja 003,SKU-5001,Oleo de soja 900ml cx 20un,cx,3
2026-06-08,Loja 003,SKU-5002,"Ketchup galao 3,2kg",gl,2
2026-06-08,Loja 003,SKU-5003,Maionese galao 3kg,gl,3
2026-06-08,Loja 003,SKU-5004,Mostarda galao 3kg,gl,1
2026-06-08,Loja 003,SKU-5005,Sal refinado 1kg,un,1
2026-06-08,Loja 003,SKU-6001,Alface americana un,un,21
2026-06-08,Loja 003,SKU-6002,Tomate salada kg,kg,24.5
2026-06-08,Loja 003,SKU-6003,Cebola kg,kg,16.9
2026-06-08,Loja 003,SKU-6004,Picles fatiado 2kg,pt,2
2026-06-08,Loja 003,SKU-7001,Refrigerante lata cx 24un,cx,12
2026-06-08,Loja 003,SKU-7002,Refrigerante 2L cx 6un,cx,5
2026-06-08,Loja 003,SKU-7003,Suco caixinha cx 12un,cx,4
2026-06-08,Loja 003,SKU-7004,Agua mineral 500ml cx 12un,cx,7
2026-06-08,Loja 003,SKU-8001,Embalagem sanduiche pct 100un,pct,14
2026-06-08,Loja 003,SKU-8002,Copo 400ml pct 50un,pct,8
2026-06-08,Loja 003,SKU-8003,Sacola delivery pct 100un,pct,7
2026-06-08,Loja 003,SKU-8004,Guardanapo pct 1000un,pct,5
2026-06-09,Loja 001,SKU-1001,Hamburguer bovino 180g cx 24un,cx,8
2026-06-09,Loja 001,SKU-1002,File de frango congelado 2kg,pct,15
2026-06-09,Loja 001,SKU-1003,Bacon fatiado 1kg,pct,6
2026-06-09,Loja 001,SKU-1004,Linguica toscana 3kg,pct,5
2026-06-09,Loja 001,SKU-2001,Pao de hamburguer pct 12un,pct,13
2026-06-09,Loja 001,SKU-2002,Pao brioche pct 12un,pct,10
2026-06-09,Loja 001,SKU-3001,Queijo cheddar fatiado 1kg,pct,11
2026-06-09,Loja 001,SKU-3002,Queijo mussarela 5kg,pct,7
2026-06-09,Loja 001,SKU-3003,"Requeijao cremoso 1,5kg",pt,3
2026-06-09,Loja 001,SKU-3004,Manteiga 500g,un,4
2026-06-09,Loja 001,SKU-4001,"Batata pre-frita congelada 2,5kg",pct,14
2026-06-09,Loja 001,SKU-4002,Anel de cebola congelado 1kg,pct,2
2026-06-09,Loja 001,SKU-4003,Nuggets congelado 2kg,pct,3
2026-06-09,Loja 001,SKU-5001,Oleo de soja 900ml cx 20un,cx,3
2026-06-09,Loja 001,SKU-5002,"Ketchup galao 3,2kg",gl,2
2026-06-09,Loja 001,SKU-5003,Maionese galao 3kg,gl,3
2026-06-09,Loja 001,SKU-5004,Mostarda galao 3kg,gl,1
2026-06-09,Loja 001,SKU-5005,Sal refinado 1kg,un,1
2026-06-09,Loja 001,SKU-6001,Alface americana un,un,26
2026-06-09,Loja 001,SKU-6002,Tomate salada kg,kg,15.8
2026-06-09,Loja 001,SKU-6003,Cebola kg,kg,13.8
2026-06-09,Loja 001,SKU-6004,Picles fatiado 2kg,pt,2
2026-06-09,Loja 001,SKU-7001,Refrigerante lata cx 24un,cx,8
2026-06-09,Loja 001,SKU-7002,Refrigerante 2L cx 6un,cx,4
2026-06-09,Loja 001,SKU-7003,Suco caixinha cx 12un,cx,2
2026-06-09,Loja 001,SKU-7004,Agua mineral 500ml cx 12un,cx,5
2026-06-09,Loja 001,SKU-8001,Embalagem sanduiche pct 100un,pct,12
2026-06-09,Loja 001,SKU-8002,Copo 400ml pct 50un,pct,9
2026-06-09,Loja 001,SKU-8003,Sacola delivery pct 100un,pct,6
2026-06-09,Loja 001,SKU-8004,Guardanapo pct 1000un,pct,4
2026-06-09,Loja 002,SKU-1001,Hamburguer bovino 180g cx 24un,cx,6
2026-06-09,Loja 002,SKU-1002,File de frango congelado 2kg,pct,9
2026-06-09,Loja 002,SKU-1003,Bacon fatiado 1kg,pct,5
2026-06-09,Loja 002,SKU-1004,Linguica toscana 3kg,pct,3
2026-06-09,Loja 002,SKU-2001,Pao de hamburguer pct 12un,pct,16
2026-06-09,Loja 002,SKU-2002,Pao brioche pct 12un,pct,8
2026-06-09,Loja 002,SKU-3001,Queijo cheddar fatiado 1kg,pct,6
2026-06-09,Loja 002,SKU-3002,Queijo mussarela 5kg,pct,5
2026-06-09,Loja 002,SKU-3003,"Requeijao cremoso 1,5kg",pt,3
2026-06-09,Loja 002,SKU-3004,Manteiga 500g,un,3
2026-06-09,Loja 002,SKU-4001,"Batata pre-frita congelada 2,5kg",pct,10
2026-06-09,Loja 002,SKU-4002,Anel de cebola congelado 1kg,pct,2
2026-06-09,Loja 002,SKU-4003,Nuggets congelado 2kg,pct,2
2026-06-09,Loja 002,SKU-5001,Oleo de soja 900ml cx 20un,cx,2
2026-06-09,Loja 002,SKU-5002,"Ketchup galao 3,2kg",gl,1
2026-06-09,Loja 002,SKU-5003,Maionese galao 3kg,gl,2
2026-06-09,Loja 002,SKU-5004,Mostarda galao 3kg,gl,1
2026-06-09,Loja 002,SKU-5005,Sal refinado 1kg,un,1
2026-06-09,Loja 002,SKU-6001,Alface americana un,un,11
2026-06-09,Loja 002,SKU-6002,Tomate salada kg,kg,14.8
2026-06-09,Loja 002,SKU-6003,Cebola kg,kg,10.8
2026-06-09,Loja 002,SKU-6004,Picles fatiado 2kg,pt,1
2026-06-09,Loja 002,SKU-7001,Refrigerante lata cx 24un,cx,7
2026-06-09,Loja 002,SKU-7002,Refrigerante 2L cx 6un,cx,3
2026-06-09,Loja 002,SKU-7003,Suco caixinha cx 12un,cx,2
2026-06-09,Loja 002,SKU-7004,Agua mineral 500ml cx 12un,cx,4
2026-06-09,Loja 002,SKU-8001,Embalagem sanduiche pct 100un,pct,10
2026-06-09,Loja 002,SKU-8002,Copo 400ml pct 50un,pct,5
2026-06-09,Loja 002,SKU-8003,Sacola delivery pct 100un,pct,5
2026-06-09,Loja 002,SKU-8004,Guardanapo pct 1000un,pct,3
2026-06-09,Loja 003,SKU-1001,Hamburguer bovino 180g cx 24un,cx,11
2026-06-09,Loja 003,SKU-1002,File de frango congelado 2kg,pct,14
2026-06-09,Loja 003,SKU-1003,Bacon fatiado 1kg,pct,8
2026-06-09,Loja 003,SKU-1004,Linguica toscana 3kg,pct,6
2026-06-09,Loja 003,SKU-2001,Pao de hamburguer pct 12un,pct,20
2026-06-09,Loja 003,SKU-2002,Pao brioche pct 12un,pct,9
2026-06-09,Loja 003,SKU-3001,Queijo cheddar fatiado 1kg,pct,11
2026-06-09,Loja 003,SKU-3002,Queijo mussarela 5kg,pct,9
2026-06-09,Loja 003,SKU-3003,"Requeijao cremoso 1,5kg",pt,4
2026-06-09,Loja 003,SKU-3004,Manteiga 500g,un,5
2026-06-09,Loja 003,SKU-4001,"Batata pre-frita congelada 2,5kg",pct,19
2026-06-09,Loja 003,SKU-4002,Anel de cebola congelado 1kg,pct,4
2026-06-09,Loja 003,SKU-4003,Nuggets congelado 2kg,pct,5
2026-06-09,Loja 003,SKU-5001,Oleo de soja 900ml cx 20un,cx,4
2026-06-09,Loja 003,SKU-5002,"Ketchup galao 3,2kg",gl,2
2026-06-09,Loja 003,SKU-5003,Maionese galao 3kg,gl,3
2026-06-09,Loja 003,SKU-5004,Mostarda galao 3kg,gl,2
2026-06-09,Loja 003,SKU-5005,Sal refinado 1kg,un,1
2026-06-09,Loja 003,SKU-6001,Alface americana un,un,33
2026-06-09,Loja 003,SKU-6002,Tomate salada kg,kg,26.1
2026-06-09,Loja 003,SKU-6003,Cebola kg,kg,16.0
2026-06-09,Loja 003,SKU-6004,Picles fatiado 2kg,pt,2
2026-06-09,Loja 003,SKU-7001,Refrigerante lata cx 24un,cx,9
2026-06-09,Loja 003,SKU-7002,Refrigerante 2L cx 6un,cx,4
2026-06-09,Loja 003,SKU-7003,Suco caixinha cx 12un,cx,3
2026-06-09,Loja 003,SKU-7004,Agua mineral 500ml cx 12un,cx,7
2026-06-09,Loja 003,SKU-8001,Embalagem sanduiche pct 100un,pct,15
2026-06-09,Loja 003,SKU-8002,Copo 400ml pct 50un,pct,11
2026-06-09,Loja 003,SKU-8003,Sacola delivery pct 100un,pct,10
2026-06-09,Loja 003,SKU-8004,Guardanapo pct 1000un,pct,5
2026-06-10,Loja 001,SKU-1001,Hamburguer bovino 180g cx 24un,cx,8
2026-06-10,Loja 001,SKU-1002,File de frango congelado 2kg,pct,14
2026-06-10,Loja 001,SKU-1003,Bacon fatiado 1kg,pct,7
2026-06-10,Loja 001,SKU-1004,Linguica toscana 3kg,pct,5
2026-06-10,Loja 001,SKU-2001,Pao de hamburguer pct 12un,pct,16
2026-06-10,Loja 001,SKU-2002,Pao brioche pct 12un,pct,10
2026-06-10,Loja 001,SKU-3001,Queijo cheddar fatiado 1kg,pct,12
2026-06-10,Loja 001,SKU-3002,Queijo mussarela 5kg,pct,9
2026-06-10,Loja 001,SKU-3003,"Requeijao cremoso 1,5kg",pt,3
2026-06-10,Loja 001,SKU-3004,Manteiga 500g,un,5
2026-06-10,Loja 001,SKU-4001,"Batata pre-frita congelada 2,5kg",pct,16
2026-06-10,Loja 001,SKU-4002,Anel de cebola congelado 1kg,pct,4
2026-06-10,Loja 001,SKU-4003,Nuggets congelado 2kg,pct,4
2026-06-10,Loja 001,SKU-5001,Oleo de soja 900ml cx 20un,cx,3
2026-06-10,Loja 001,SKU-5002,"Ketchup galao 3,2kg",gl,2
2026-06-10,Loja 001,SKU-5003,Maionese galao 3kg,gl,2
2026-06-10,Loja 001,SKU-5004,Mostarda galao 3kg,gl,1
2026-06-10,Loja 001,SKU-5005,Sal refinado 1kg,un,1
2026-06-10,Loja 001,SKU-6001,Alface americana un,un,17
2026-06-10,Loja 001,SKU-6002,Tomate salada kg,kg,16.0
2026-06-10,Loja 001,SKU-6003,Cebola kg,kg,7.9
2026-06-10,Loja 001,SKU-6004,Picles fatiado 2kg,pt,2
2026-06-10,Loja 001,SKU-7001,Refrigerante lata cx 24un,cx,9
2026-06-10,Loja 001,SKU-7002,Refrigerante 2L cx 6un,cx,3
2026-06-10,Loja 001,SKU-7003,Suco caixinha cx 12un,cx,4
2026-06-10,Loja 001,SKU-7004,Agua mineral 500ml cx 12un,cx,5
2026-06-10,Loja 001,SKU-8001,Embalagem sanduiche pct 100un,pct,15
2026-06-10,Loja 001,SKU-8002,Copo 400ml pct 50un,pct,8
2026-06-10,Loja 001,SKU-8003,Sacola delivery pct 100un,pct,8
2026-06-10,Loja 001,SKU-8004,Guardanapo pct 1000un,pct,4
2026-06-10,Loja 002,SKU-1001,Hamburguer bovino 180g cx 24un,cx,6
2026-06-10,Loja 002,SKU-1002,File de frango congelado 2kg,pct,8
2026-06-10,Loja 002,SKU-1003,Bacon fatiado 1kg,pct,4
2026-06-10,Loja 002,SKU-1004,Linguica toscana 3kg,pct,4
2026-06-10,Loja 002,SKU-2001,Pao de hamburguer pct 12un,pct,12
2026-06-10,Loja 002,SKU-2002,Pao brioche pct 12un,pct,6
2026-06-10,Loja 002,SKU-3001,Queijo cheddar fatiado 1kg,pct,9
2026-06-10,Loja 002,SKU-3002,Queijo mussarela 5kg,pct,4
2026-06-10,Loja 002,SKU-3003,"Requeijao cremoso 1,5kg",pt,3
2026-06-10,Loja 002,SKU-3004,Manteiga 500g,un,4
2026-06-10,Loja 002,SKU-4001,"Batata pre-frita congelada 2,5kg",pct,10
2026-06-10,Loja 002,SKU-4002,Anel de cebola congelado 1kg,pct,3
2026-06-10,Loja 002,SKU-4003,Nuggets congelado 2kg,pct,3
2026-06-10,Loja 002,SKU-5001,Oleo de soja 900ml cx 20un,cx,2
2026-06-10,Loja 002,SKU-5002,"Ketchup galao 3,2kg",gl,1
2026-06-10,Loja 002,SKU-5003,Maionese galao 3kg,gl,2
2026-06-10,Loja 002,SKU-5004,Mostarda galao 3kg,gl,1
2026-06-10,Loja 002,SKU-5005,Sal refinado 1kg,un,1
2026-06-10,Loja 002,SKU-6001,Alface americana un,un,24
2026-06-10,Loja 002,SKU-6002,Tomate salada kg,kg,9.7
2026-06-10,Loja 002,SKU-6003,Cebola kg,kg,8.1
2026-06-10,Loja 002,SKU-6004,Picles fatiado 2kg,pt,2
2026-06-10,Loja 002,SKU-7001,Refrigerante lata cx 24un,cx,7
2026-06-10,Loja 002,SKU-7002,Refrigerante 2L cx 6un,cx,4
2026-06-10,Loja 002,SKU-7003,Suco caixinha cx 12un,cx,2
2026-06-10,Loja 002,SKU-7004,Agua mineral 500ml cx 12un,cx,4
2026-06-10,Loja 002,SKU-8001,Embalagem sanduiche pct 100un,pct,10
2026-06-10,Loja 002,SKU-8002,Copo 400ml pct 50un,pct,6
2026-06-10,Loja 002,SKU-8003,Sacola delivery pct 100un,pct,5
2026-06-10,Loja 002,SKU-8004,Guardanapo pct 1000un,pct,2
2026-06-10,Loja 003,SKU-1001,Hamburguer bovino 180g cx 24un,cx,11
2026-06-10,Loja 003,SKU-1002,File de frango congelado 2kg,pct,15
2026-06-10,Loja 003,SKU-1003,Bacon fatiado 1kg,pct,8
2026-06-10,Loja 003,SKU-1004,Linguica toscana 3kg,pct,5
2026-06-10,Loja 003,SKU-2001,Pao de hamburguer pct 12un,pct,22
2026-06-10,Loja 003,SKU-2002,Pao brioche pct 12un,pct,9
2026-06-10,Loja 003,SKU-3001,Queijo cheddar fatiado 1kg,pct,12
2026-06-10,Loja 003,SKU-3002,Queijo mussarela 5kg,pct,11
2026-06-10,Loja 003,SKU-3003,"Requeijao cremoso 1,5kg",pt,5
2026-06-10,Loja 003,SKU-3004,Manteiga 500g,un,8
2026-06-10,Loja 003,SKU-4001,"Batata pre-frita congelada 2,5kg",pct,22
2026-06-10,Loja 003,SKU-4002,Anel de cebola congelado 1kg,pct,4
2026-06-10,Loja 003,SKU-4003,Nuggets congelado 2kg,pct,6
2026-06-10,Loja 003,SKU-5001,Oleo de soja 900ml cx 20un,cx,4
2026-06-10,Loja 003,SKU-5002,"Ketchup galao 3,2kg",gl,3
2026-06-10,Loja 003,SKU-5003,Maionese galao 3kg,gl,4
2026-06-10,Loja 003,SKU-5004,Mostarda galao 3kg,gl,1
2026-06-10,Loja 003,SKU-5005,Sal refinado 1kg,un,1
2026-06-10,Loja 003,SKU-6001,Alface americana un,un,31
2026-06-10,Loja 003,SKU-6002,Tomate salada kg,kg,20.4
2026-06-10,Loja 003,SKU-6003,Cebola kg,kg,15.8
2026-06-10,Loja 003,SKU-6004,Picles fatiado 2kg,pt,2
2026-06-10,Loja 003,SKU-7001,Refrigerante lata cx 24un,cx,13
2026-06-10,Loja 003,SKU-7002,Refrigerante 2L cx 6un,cx,5
2026-06-10,Loja 003,SKU-7003,Suco caixinha cx 12un,cx,4
2026-06-10,Loja 003,SKU-7004,Agua mineral 500ml cx 12un,cx,7
2026-06-10,Loja 003,SKU-8001,Embalagem sanduiche pct 100un,pct,14
2026-06-10,Loja 003,SKU-8002,Copo 400ml pct 50un,pct,8
2026-06-10,Loja 003,SKU-8003,Sacola delivery pct 100un,pct,10
2026-06-10,Loja 003,SKU-8004,Guardanapo pct 1000un,pct,5
2026-06-11,Loja 001,SKU-1001,Hamburguer bovino 180g cx 24un,cx,11
2026-06-11,Loja 001,SKU-1002,File de frango congelado 2kg,pct,15
2026-06-11,Loja 001,SKU-1003,Bacon fatiado 1kg,pct,7
2026-06-11,Loja 001,SKU-1004,Linguica toscana 3kg,pct,6
2026-06-11,Loja 001,SKU-2001,Pao de hamburguer pct 12un,pct,28
2026-06-11,Loja 001,SKU-2002,Pao brioche pct 12un,pct,13
2026-06-11,Loja 001,SKU-3001,Queijo cheddar fatiado 1kg,pct,15
2026-06-11,Loja 001,SKU-3002,Queijo mussarela 5kg,pct,7
2026-06-11,Loja 001,SKU-3003,"Requeijao cremoso 1,5kg",pt,4
2026-06-11,Loja 001,SKU-3004,Manteiga 500g,un,6
2026-06-11,Loja 001,SKU-4001,"Batata pre-frita congelada 2,5kg",pct,18
2026-06-11,Loja 001,SKU-4002,Anel de cebola congelado 1kg,pct,3
2026-06-11,Loja 001,SKU-4003,Nuggets congelado 2kg,pct,5
2026-06-11,Loja 001,SKU-5001,Oleo de soja 900ml cx 20un,cx,3
2026-06-11,Loja 001,SKU-5002,"Ketchup galao 3,2kg",gl,2
2026-06-11,Loja 001,SKU-5003,Maionese galao 3kg,gl,3
2026-06-11,Loja 001,SKU-5004,Mostarda galao 3kg,gl,1
2026-06-11,Loja 001,SKU-5005,Sal refinado 1kg,un,1
2026-06-11,Loja 001,SKU-6001,Alface americana un,un,27
2026-06-11,Loja 001,SKU-6002,Tomate salada kg,kg,13.4
2026-06-11,Loja 001,SKU-6003,Cebola kg,kg,12.8
2026-06-11,Loja 001,SKU-6004,Picles fatiado 2kg,pt,2
2026-06-11,Loja 001,SKU-7001,Refrigerante lata cx 24un,cx,11
2026-06-11,Loja 001,SKU-7002,Refrigerante 2L cx 6un,cx,5
2026-06-11,Loja 001,SKU-7003,Suco caixinha cx 12un,cx,4
2026-06-11,Loja 001,SKU-7004,Agua mineral 500ml cx 12un,cx,6
2026-06-11,Loja 001,SKU-8001,Embalagem sanduiche pct 100un,pct,16
2026-06-11,Loja 001,SKU-8002,Copo 400ml pct 50un,pct,9
2026-06-11,Loja 001,SKU-8003,Sacola delivery pct 100un,pct,7
2026-06-11,Loja 001,SKU-8004,Guardanapo pct 1000un,pct,4
2026-06-11,Loja 002,SKU-1001,Hamburguer bovino 180g cx 24un,cx,6
2026-06-11,Loja 002,SKU-1002,File de frango congelado 2kg,pct,13
2026-06-11,Loja 002,SKU-1003,Bacon fatiado 1kg,pct,4
2026-06-11,Loja 002,SKU-1004,Linguica toscana 3kg,pct,5
2026-06-11,Loja 002,SKU-2001,Pao de hamburguer pct 12un,pct,15
2026-06-11,Loja 002,SKU-2002,Pao brioche pct 12un,pct,10
2026-06-11,Loja 002,SKU-3001,Queijo cheddar fatiado 1kg,pct,8
2026-06-11,Loja 002,SKU-3002,Queijo mussarela 5kg,pct,7
2026-06-11,Loja 002,SKU-3003,"Requeijao cremoso 1,5kg",pt,3
2026-06-11,Loja 002,SKU-3004,Manteiga 500g,un,3
2026-06-11,Loja 002,SKU-4001,"Batata pre-frita congelada 2,5kg",pct,13
2026-06-11,Loja 002,SKU-4002,Anel de cebola congelado 1kg,pct,2
2026-06-11,Loja 002,SKU-4003,Nuggets congelado 2kg,pct,3
2026-06-11,Loja 002,SKU-5001,Oleo de soja 900ml cx 20un,cx,2
2026-06-11,Loja 002,SKU-5002,"Ketchup galao 3,2kg",gl,2
2026-06-11,Loja 002,SKU-5003,Maionese galao 3kg,gl,2
2026-06-11,Loja 002,SKU-5004,Mostarda galao 3kg,gl,1
2026-06-11,Loja 002,SKU-5005,Sal refinado 1kg,un,1
2026-06-11,Loja 002,SKU-6001,Alface americana un,un,19
2026-06-11,Loja 002,SKU-6002,Tomate salada kg,kg,12.0
2026-06-11,Loja 002,SKU-6003,Cebola kg,kg,8.5
2026-06-11,Loja 002,SKU-6004,Picles fatiado 2kg,pt,1
2026-06-11,Loja 002,SKU-7001,Refrigerante lata cx 24un,cx,6
2026-06-11,Loja 002,SKU-7002,Refrigerante 2L cx 6un,cx,3
2026-06-11,Loja 002,SKU-7003,Suco caixinha cx 12un,cx,2
2026-06-11,Loja 002,SKU-7004,Agua mineral 500ml cx 12un,cx,4
2026-06-11,Loja 002,SKU-8001,Embalagem sanduiche pct 100un,pct,8
2026-06-11,Loja 002,SKU-8002,Copo 400ml pct 50un,pct,7
2026-06-11,Loja 002,SKU-8003,Sacola delivery pct 100un,pct,4
2026-06-11,Loja 002,SKU-8004,Guardanapo pct 1000un,pct,3
2026-06-11,Loja 003,SKU-1001,Hamburguer bovino 180g cx 24un,cx,11
2026-06-11,Loja 003,SKU-1002,File de frango congelado 2kg,pct,22
2026-06-11,Loja 003,SKU-1003,Bacon fatiado 1kg,pct,8
2026-06-11,Loja 003,SKU-1004,Linguica toscana 3kg,pct,7
2026-06-11,Loja 003,SKU-2001,Pao de hamburguer pct 12un,pct,28
2026-06-11,Loja 003,SKU-2002,Pao brioche pct 12un,pct,14
2026-06-11,Loja 003,SKU-3001,Queijo cheddar fatiado 1kg,pct,14
2026-06-11,Loja 003,SKU-3002,Queijo mussarela 5kg,pct,11
2026-06-11,Loja 003,SKU-3003,"Requeijao cremoso 1,5kg",pt,5
2026-06-11,Loja 003,SKU-3004,Manteiga 500g,un,9
2026-06-11,Loja 003,SKU-4001,"Batata pre-frita congelada 2,5kg",pct,30
2026-06-11,Loja 003,SKU-4002,Anel de cebola congelado 1kg,pct,5
2026-06-11,Loja 003,SKU-4003,Nuggets congelado 2kg,pct,7
2026-06-11,Loja 003,SKU-5001,Oleo de soja 900ml cx 20un,cx,5
2026-06-11,Loja 003,SKU-5002,"Ketchup galao 3,2kg",gl,3
2026-06-11,Loja 003,SKU-5003,Maionese galao 3kg,gl,4
2026-06-11,Loja 003,SKU-5004,Mostarda galao 3kg,gl,2
2026-06-11,Loja 003,SKU-5005,Sal refinado 1kg,un,2
2026-06-11,Loja 003,SKU-6001,Alface americana un,un,34
2026-06-11,Loja 003,SKU-6002,Tomate salada kg,kg,18.3
2026-06-11,Loja 003,SKU-6003,Cebola kg,kg,15.1
2026-06-11,Loja 003,SKU-6004,Picles fatiado 2kg,pt,4
2026-06-11,Loja 003,SKU-7001,Refrigerante lata cx 24un,cx,16
2026-06-11,Loja 003,SKU-7002,Refrigerante 2L cx 6un,cx,7
2026-06-11,Loja 003,SKU-7003,Suco caixinha cx 12un,cx,4
2026-06-11,Loja 003,SKU-7004,Agua mineral 500ml cx 12un,cx,8
2026-06-11,Loja 003,SKU-8001,Embalagem sanduiche pct 100un,pct,20
2026-06-11,Loja 003,SKU-8002,Copo 400ml pct 50un,pct,12
2026-06-11,Loja 003,SKU-8003,Sacola delivery pct 100un,pct,8
2026-06-11,Loja 003,SKU-8004,Guardanapo pct 1000un,pct,6
2026-06-12,Loja 001,SKU-1001,Hamburguer bovino 180g cx 24un,cx,13
2026-06-12,Loja 001,SKU-1002,File de frango congelado 2kg,pct,19
2026-06-12,Loja 001,SKU-1003,Bacon fatiado 1kg,pct,10
2026-06-12,Loja 001,SKU-1004,Linguica toscana 3kg,pct,6
2026-06-12,Loja 001,SKU-2001,Pao de hamburguer pct 12un,pct,20
2026-06-12,Loja 001,SKU-2002,Pao brioche pct 12un,pct,9
2026-06-12,Loja 001,SKU-3001,Queijo cheddar fatiado 1kg,pct,17
2026-06-12,Loja 001,SKU-3002,Queijo mussarela 5kg,pct,12
2026-06-12,Loja 001,SKU-3003,"Requeijao cremoso 1,5kg",pt,6
2026-06-12,Loja 001,SKU-3004,Manteiga 500g,un,6
2026-06-12,Loja 001,SKU-4001,"Batata pre-frita congelada 2,5kg",pct,25
2026-06-12,Loja 001,SKU-4002,Anel de cebola congelado 1kg,pct,4
2026-06-12,Loja 001,SKU-4003,Nuggets congelado 2kg,pct,5
2026-06-12,Loja 001,SKU-5001,Oleo de soja 900ml cx 20un,cx,4
2026-06-12,Loja 001,SKU-5002,"Ketchup galao 3,2kg",gl,3
2026-06-12,Loja 001,SKU-5003,Maionese galao 3kg,gl,4
2026-06-12,Loja 001,SKU-5004,Mostarda galao 3kg,gl,2
2026-06-12,Loja 001,SKU-5005,Sal refinado 1kg,un,2
2026-06-12,Loja 001,SKU-6001,Alface americana un,un,48
2026-06-12,Loja 001,SKU-6002,Tomate salada kg,kg,23.7
2026-06-12,Loja 001,SKU-6003,Cebola kg,kg,13.1
2026-06-12,Loja 001,SKU-6004,Picles fatiado 2kg,pt,3
2026-06-12,Loja 001,SKU-7001,Refrigerante lata cx 24un,cx,13
2026-06-12,Loja 001,SKU-7002,Refrigerante 2L cx 6un,cx,5
2026-06-12,Loja 001,SKU-7003,Suco caixinha cx 12un,cx,5
2026-06-12,Loja 001,SKU-7004,Agua mineral 500ml cx 12un,cx,8
2026-06-12,Loja 001,SKU-8001,Embalagem sanduiche pct 100un,pct,17
2026-06-12,Loja 001,SKU-8002,Copo 400ml pct 50un,pct,11
2026-06-12,Loja 001,SKU-8003,Sacola delivery pct 100un,pct,8
2026-06-12,Loja 001,SKU-8004,Guardanapo pct 1000un,pct,6
2026-06-12,Loja 002,SKU-1001,Hamburguer bovino 180g cx 24un,cx,9
2026-06-12,Loja 002,SKU-1002,File de frango congelado 2kg,pct,13
2026-06-12,Loja 002,SKU-1003,Bacon fatiado 1kg,pct,7
2026-06-12,Loja 002,SKU-1004,Linguica toscana 3kg,pct,4
2026-06-12,Loja 002,SKU-2001,Pao de hamburguer pct 12un,pct,29
2026-06-12,Loja 002,SKU-2002,Pao brioche pct 12un,pct,10
2026-06-12,Loja 002,SKU-3001,Queijo cheddar fatiado 1kg,pct,13
2026-06-12,Loja 002,SKU-3002,Queijo mussarela 5kg,pct,8
2026-06-12,Loja 002,SKU-3003,"Requeijao cremoso 1,5kg",pt,3
2026-06-12,Loja 002,SKU-3004,Manteiga 500g,un,5
2026-06-12,Loja 002,SKU-4001,"Batata pre-frita congelada 2,5kg",pct,21
2026-06-12,Loja 002,SKU-4002,Anel de cebola congelado 1kg,pct,3
2026-06-12,Loja 002,SKU-4003,Nuggets congelado 2kg,pct,4
2026-06-12,Loja 002,SKU-5001,Oleo de soja 900ml cx 20un,cx,3
2026-06-12,Loja 002,SKU-5002,"Ketchup galao 3,2kg",gl,2
2026-06-12,Loja 002,SKU-5003,Maionese galao 3kg,gl,3
2026-06-12,Loja 002,SKU-5004,Mostarda galao 3kg,gl,1
2026-06-12,Loja 002,SKU-5005,Sal refinado 1kg,un,1
2026-06-12,Loja 002,SKU-6001,Alface americana un,un,22
2026-06-12,Loja 002,SKU-6002,Tomate salada kg,kg,24.4
2026-06-12,Loja 002,SKU-6003,Cebola kg,kg,10.7
2026-06-12,Loja 002,SKU-6004,Picles fatiado 2kg,pt,3
2026-06-12,Loja 002,SKU-7001,Refrigerante lata cx 24un,cx,11
2026-06-12,Loja 002,SKU-7002,Refrigerante 2L cx 6un,cx,4
2026-06-12,Loja 002,SKU-7003,Suco caixinha cx 12un,cx,3
2026-06-12,Loja 002,SKU-7004,Agua mineral 500ml cx 12un,cx,5
2026-06-12,Loja 002,SKU-8001,Embalagem sanduiche pct 100un,pct,11
2026-06-12,Loja 002,SKU-8002,Copo 400ml pct 50un,pct,9
2026-06-12,Loja 002,SKU-8003,Sacola delivery pct 100un,pct,6
2026-06-12,Loja 002,SKU-8004,Guardanapo pct 1000un,pct,3
2026-06-12,Loja 003,SKU-1001,Hamburguer bovino 180g cx 24un,cx,14
2026-06-12,Loja 003,SKU-1002,File de frango congelado 2kg,pct,28
2026-06-12,Loja 003,SKU-1003,Bacon fatiado 1kg,pct,9
2026-06-12,Loja 003,SKU-1004,Linguica toscana 3kg,pct,8
2026-06-12,Loja 003,SKU-2001,Pao de hamburguer pct 12un,pct,41
2026-06-12,Loja 003,SKU-2002,Pao brioche pct 12un,pct,13
2026-06-12,Loja 003,SKU-3001,Queijo cheddar fatiado 1kg,pct,22
2026-06-12,Loja 003,SKU-3002,Queijo mussarela 5kg,pct,11
2026-06-12,Loja 003,SKU-3003,"Requeijao cremoso 1,5kg",pt,6
2026-06-12,Loja 003,SKU-3004,Manteiga 500g,un,10
2026-06-12,Loja 003,SKU-4001,"Batata pre-frita congelada 2,5kg",pct,27
2026-06-12,Loja 003,SKU-4002,Anel de cebola congelado 1kg,pct,5
2026-06-12,Loja 003,SKU-4003,Nuggets congelado 2kg,pct,9
2026-06-12,Loja 003,SKU-5001,Oleo de soja 900ml cx 20un,cx,5
2026-06-12,Loja 003,SKU-5002,"Ketchup galao 3,2kg",gl,4
2026-06-12,Loja 003,SKU-5003,Maionese galao 3kg,gl,5
2026-06-12,Loja 003,SKU-5004,Mostarda galao 3kg,gl,2
2026-06-12,Loja 003,SKU-5005,Sal refinado 1kg,un,3
2026-06-12,Loja 003,SKU-6001,Alface americana un,un,63
2026-06-12,Loja 003,SKU-6002,Tomate salada kg,kg,21.5
2026-06-12,Loja 003,SKU-6003,Cebola kg,kg,25.3
2026-06-12,Loja 003,SKU-6004,Picles fatiado 2kg,pt,3
2026-06-12,Loja 003,SKU-7001,Refrigerante lata cx 24un,cx,16
2026-06-12,Loja 003,SKU-7002,Refrigerante 2L cx 6un,cx,9
2026-06-12,Loja 003,SKU-7003,Suco caixinha cx 12un,cx,6
2026-06-12,Loja 003,SKU-7004,Agua mineral 500ml cx 12un,cx,10
2026-06-12,Loja 003,SKU-8001,Embalagem sanduiche pct 100un,pct,25
2026-06-12,Loja 003,SKU-8002,Copo 400ml pct 50un,pct,16
2026-06-12,Loja 003,SKU-8003,Sacola delivery pct 100un,pct,15
2026-06-12,Loja 003,SKU-8004,Guardanapo pct 1000un,pct,9
2026-06-13,Loja 001,SKU-1001,Hamburguer bovino 180g cx 24un,cx,11
2026-06-13,Loja 001,SKU-1002,File de frango congelado 2kg,pct,25
2026-06-13,Loja 001,SKU-1003,Bacon fatiado 1kg,pct,9
2026-06-13,Loja 001,SKU-1004,Linguica toscana 3kg,pct,7
2026-06-13,Loja 001,SKU-2001,Pao de hamburguer pct 12un,pct,26
2026-06-13,Loja 001,SKU-2002,Pao brioche pct 12un,pct,15
2026-06-13,Loja 001,SKU-3001,Queijo cheddar fatiado 1kg,pct,17
2026-06-13,Loja 001,SKU-3002,Queijo mussarela 5kg,pct,12
2026-06-13,Loja 001,SKU-3003,"Requeijao cremoso 1,5kg",pt,5
2026-06-13,Loja 001,SKU-3004,Manteiga 500g,un,8
2026-06-13,Loja 001,SKU-4001,"Batata pre-frita congelada 2,5kg",pct,29
2026-06-13,Loja 001,SKU-4002,Anel de cebola congelado 1kg,pct,5
2026-06-13,Loja 001,SKU-4003,Nuggets congelado 2kg,pct,8
2026-06-13,Loja 001,SKU-5001,Oleo de soja 900ml cx 20un,cx,3
2026-06-13,Loja 001,SKU-5002,"Ketchup galao 3,2kg",gl,4
2026-06-13,Loja 001,SKU-5003,Maionese galao 3kg,gl,3
2026-06-13,Loja 001,SKU-5004,Mostarda galao 3kg,gl,2
2026-06-13,Loja 001,SKU-5005,Sal refinado 1kg,un,2
2026-06-13,Loja 001,SKU-6001,Alface americana un,un,56
2026-06-13,Loja 001,SKU-6002,Tomate salada kg,kg,41.9
2026-06-13,Loja 001,SKU-6003,Cebola kg,kg,11.8
2026-06-13,Loja 001,SKU-6004,Picles fatiado 2kg,pt,4
2026-06-13,Loja 001,SKU-7001,Refrigerante lata cx 24un,cx,12
2026-06-13,Loja 001,SKU-7002,Refrigerante 2L cx 6un,cx,6
2026-06-13,Loja 001,SKU-7003,Suco caixinha cx 12un,cx,4
2026-06-13,Loja 001,SKU-7004,Agua mineral 500ml cx 12un,cx,7
2026-06-13,Loja 001,SKU-8001,Embalagem sanduiche pct 100un,pct,24
2026-06-13,Loja 001,SKU-8002,Copo 400ml pct 50un,pct,16
2026-06-13,Loja 001,SKU-8003,Sacola delivery pct 100un,pct,11
2026-06-13,Loja 001,SKU-8004,Guardanapo pct 1000un,pct,6
2026-06-13,Loja 002,SKU-1001,Hamburguer bovino 180g cx 24un,cx,10
2026-06-13,Loja 002,SKU-1002,File de frango congelado 2kg,pct,13
2026-06-13,Loja 002,SKU-1003,Bacon fatiado 1kg,pct,6
2026-06-13,Loja 002,SKU-1004,Linguica toscana 3kg,pct,6
2026-06-13,Loja 002,SKU-2001,Pao de hamburguer pct 12un,pct,18
2026-06-13,Loja 002,SKU-2002,Pao brioche pct 12un,pct,14
2026-06-13,Loja 002,SKU-3001,Queijo cheddar fatiado 1kg,pct,12
2026-06-13,Loja 002,SKU-3002,Queijo mussarela 5kg,pct,8
2026-06-13,Loja 002,SKU-3003,"Requeijao cremoso 1,5kg",pt,4
2026-06-13,Loja 002,SKU-3004,Manteiga 500g,un,7
2026-06-13,Loja 002,SKU-4001,"Batata pre-frita congelada 2,5kg",pct,25
2026-06-13,Loja 002,SKU-4002,Anel de cebola congelado 1kg,pct,4
2026-06-13,Loja 002,SKU-4003,Nuggets congelado 2kg,pct,4
2026-06-13,Loja 002,SKU-5001,Oleo de soja 900ml cx 20un,cx,3
2026-06-13,Loja 002,SKU-5002,"Ketchup galao 3,2kg",gl,2
2026-06-13,Loja 002,SKU-5003,Maionese galao 3kg,gl,3
2026-06-13,Loja 002,SKU-5004,Mostarda galao 3kg,gl,1
2026-06-13,Loja 002,SKU-5005,Sal refinado 1kg,un,2
2026-06-13,Loja 002,SKU-6001,Alface americana un,un,38
2026-06-13,Loja 002,SKU-6002,Tomate salada kg,kg,19.0
2026-06-13,Loja 002,SKU-6003,Cebola kg,kg,17.9
2026-06-13,Loja 002,SKU-6004,Picles fatiado 2kg,pt,2
2026-06-13,Loja 002,SKU-7001,Refrigerante lata cx 24un,cx,11
2026-06-13,Loja 002,SKU-7002,Refrigerante 2L cx 6un,cx,5
2026-06-13,Loja 002,SKU-7003,Suco caixinha cx 12un,cx,4
2026-06-13,Loja 002,SKU-7004,Agua mineral 500ml cx 12un,cx,8
2026-06-13,Loja 002,SKU-8001,Embalagem sanduiche pct 100un,pct,16
2026-06-13,Loja 002,SKU-8002,Copo 400ml pct 50un,pct,9
2026-06-13,Loja 002,SKU-8003,Sacola delivery pct 100un,pct,7
2026-06-13,Loja 002,SKU-8004,Guardanapo pct 1000un,pct,4
2026-06-13,Loja 003,SKU-1001,Hamburguer bovino 180g cx 24un,cx,14
2026-06-13,Loja 003,SKU-1002,File de frango congelado 2kg,pct,29
2026-06-13,Loja 003,SKU-1003,Bacon fatiado 1kg,pct,12
2026-06-13,Loja 003,SKU-1004,Linguica toscana 3kg,pct,10
2026-06-13,Loja 003,SKU-2001,Pao de hamburguer pct 12un,pct,49
2026-06-13,Loja 003,SKU-2002,Pao brioche pct 12un,pct,23
2026-06-13,Loja 003,SKU-3001,Queijo cheddar fatiado 1kg,pct,20
2026-06-13,Loja 003,SKU-3002,Queijo mussarela 5kg,pct,14
2026-06-13,Loja 003,SKU-3003,"Requeijao cremoso 1,5kg",pt,7
2026-06-13,Loja 003,SKU-3004,Manteiga 500g,un,10
2026-06-13,Loja 003,SKU-4001,"Batata pre-frita congelada 2,5kg",pct,43
2026-06-13,Loja 003,SKU-4002,Anel de cebola congelado 1kg,pct,7
2026-06-13,Loja 003,SKU-4003,Nuggets congelado 2kg,pct,9
2026-06-13,Loja 003,SKU-5001,Oleo de soja 900ml cx 20un,cx,6
2026-06-13,Loja 003,SKU-5002,"Ketchup galao 3,2kg",gl,5
2026-06-13,Loja 003,SKU-5003,Maionese galao 3kg,gl,4
2026-06-13,Loja 003,SKU-5004,Mostarda galao 3kg,gl,2
2026-06-13,Loja 003,SKU-5005,Sal refinado 1kg,un,3
2026-06-13,Loja 003,SKU-6001,Alface americana un,un,50
2026-06-13,Loja 003,SKU-6002,Tomate salada kg,kg,37.5
2026-06-13,Loja 003,SKU-6003,Cebola kg,kg,30.4
2026-06-13,Loja 003,SKU-6004,Picles fatiado 2kg,pt,3
2026-06-13,Loja 003,SKU-7001,Refrigerante lata cx 24un,cx,15
2026-06-13,Loja 003,SKU-7002,Refrigerante 2L cx 6un,cx,7
2026-06-13,Loja 003,SKU-7003,Suco caixinha cx 12un,cx,5
2026-06-13,Loja 003,SKU-7004,Agua mineral 500ml cx 12un,cx,12
2026-06-13,Loja 003,SKU-8001,Embalagem sanduiche pct 100un,pct,30
2026-06-13,Loja 003,SKU-8002,Copo 400ml pct 50un,pct,14
2026-06-13,Loja 003,SKU-8003,Sacola delivery pct 100un,pct,11
2026-06-13,Loja 003,SKU-8004,Guardanapo pct 1000un,pct,9
2026-06-14,Loja 001,SKU-1001,Hamburguer bovino 180g cx 24un,cx,10
2026-06-14,Loja 001,SKU-1002,File de frango congelado 2kg,pct,17
2026-06-14,Loja 001,SKU-1003,Bacon fatiado 1kg,pct,7
2026-06-14,Loja 001,SKU-1004,Linguica toscana 3kg,pct,5
2026-06-14,Loja 001,SKU-2001,Pao de hamburguer pct 12un,pct,36
2026-06-14,Loja 001,SKU-2002,Pao brioche pct 12un,pct,13
2026-06-14,Loja 001,SKU-3001,Queijo cheddar fatiado 1kg,pct,10
2026-06-14,Loja 001,SKU-3002,Queijo mussarela 5kg,pct,7
2026-06-14,Loja 001,SKU-3003,"Requeijao cremoso 1,5kg",pt,4
2026-06-14,Loja 001,SKU-3004,Manteiga 500g,un,7
2026-06-14,Loja 001,SKU-4001,"Batata pre-frita congelada 2,5kg",pct,25
2026-06-14,Loja 001,SKU-4002,Anel de cebola congelado 1kg,pct,4
2026-06-14,Loja 001,SKU-4003,Nuggets congelado 2kg,pct,5
2026-06-14,Loja 001,SKU-5001,Oleo de soja 900ml cx 20un,cx,3
2026-06-14,Loja 001,SKU-5002,"Ketchup galao 3,2kg",gl,2
2026-06-14,Loja 001,SKU-5003,Maionese galao 3kg,gl,2
2026-06-14,Loja 001,SKU-5004,Mostarda galao 3kg,gl,1
2026-06-14,Loja 001,SKU-5005,Sal refinado 1kg,un,1
2026-06-14,Loja 001,SKU-6001,Alface americana un,un,40
2026-06-14,Loja 001,SKU-6002,Tomate salada kg,kg,23.8
2026-06-14,Loja 001,SKU-6003,Cebola kg,kg,9.3
2026-06-14,Loja 001,SKU-6004,Picles fatiado 2kg,pt,3
2026-06-14,Loja 001,SKU-7001,Refrigerante lata cx 24un,cx,13
2026-06-14,Loja 001,SKU-7002,Refrigerante 2L cx 6un,cx,5
2026-06-14,Loja 001,SKU-7003,Suco caixinha cx 12un,cx,3
2026-06-14,Loja 001,SKU-7004,Agua mineral 500ml cx 12un,cx,7
2026-06-14,Loja 001,SKU-8001,Embalagem sanduiche pct 100un,pct,15
2026-06-14,Loja 001,SKU-8002,Copo 400ml pct 50un,pct,9
2026-06-14,Loja 001,SKU-8003,Sacola delivery pct 100un,pct,9
2026-06-14,Loja 001,SKU-8004,Guardanapo pct 1000un,pct,5
2026-06-14,Loja 002,SKU-1001,Hamburguer bovino 180g cx 24un,cx,7
2026-06-14,Loja 002,SKU-1002,File de frango congelado 2kg,pct,13
2026-06-14,Loja 002,SKU-1003,Bacon fatiado 1kg,pct,6
2026-06-14,Loja 002,SKU-1004,Linguica toscana 3kg,pct,5
2026-06-14,Loja 002,SKU-2001,Pao de hamburguer pct 12un,pct,24
2026-06-14,Loja 002,SKU-2002,Pao brioche pct 12un,pct,6
2026-06-14,Loja 002,SKU-3001,Queijo cheddar fatiado 1kg,pct,10
2026-06-14,Loja 002,SKU-3002,Queijo mussarela 5kg,pct,6
2026-06-14,Loja 002,SKU-3003,"Requeijao cremoso 1,5kg",pt,3
2026-06-14,Loja 002,SKU-3004,Manteiga 500g,un,5
2026-06-14,Loja 002,SKU-4001,"Batata pre-frita congelada 2,5kg",pct,18
2026-06-14,Loja 002,SKU-4002,Anel de cebola congelado 1kg,pct,3
2026-06-14,Loja 002,SKU-4003,Nuggets congelado 2kg,pct,3
2026-06-14,Loja 002,SKU-5001,Oleo de soja 900ml cx 20un,cx,2
2026-06-14,Loja 002,SKU-5002,"Ketchup galao 3,2kg",gl,2
2026-06-14,Loja 002,SKU-5003,Maionese galao 3kg,gl,2
2026-06-14,Loja 002,SKU-5004,Mostarda galao 3kg,gl,1
2026-06-14,Loja 002,SKU-5005,Sal refinado 1kg,un,1
2026-06-14,Loja 002,SKU-6001,Alface americana un,un,21
2026-06-14,Loja 002,SKU-6002,Tomate salada kg,kg,15.6
2026-06-14,Loja 002,SKU-6003,Cebola kg,kg,6.7
2026-06-14,Loja 002,SKU-6004,Picles fatiado 2kg,pt,3
2026-06-14,Loja 002,SKU-7001,Refrigerante lata cx 24un,cx,9
2026-06-14,Loja 002,SKU-7002,Refrigerante 2L cx 6un,cx,3
2026-06-14,Loja 002,SKU-7003,Suco caixinha cx 12un,cx,3
2026-06-14,Loja 002,SKU-7004,Agua mineral 500ml cx 12un,cx,6
2026-06-14,Loja 002,SKU-8001,Embalagem sanduiche pct 100un,pct,10
2026-06-14,Loja 002,SKU-8002,Copo 400ml pct 50un,pct,8
2026-06-14,Loja 002,SKU-8003,Sacola delivery pct 100un,pct,5
2026-06-14,Loja 002,SKU-8004,Guardanapo pct 1000un,pct,3
2026-06-14,Loja 003,SKU-1001,Hamburguer bovino 180g cx 24un,cx,15
2026-06-14,Loja 003,SKU-1002,File de frango congelado 2kg,pct,19
2026-06-14,Loja 003,SKU-1003,Bacon fatiado 1kg,pct,10
2026-06-14,Loja 003,SKU-1004,Linguica toscana 3kg,pct,7
2026-06-14,Loja 003,SKU-2001,Pao de hamburguer pct 12un,pct,35
2026-06-14,Loja 003,SKU-2002,Pao brioche pct 12un,pct,18
2026-06-14,Loja 003,SKU-3001,Queijo cheddar fatiado 1kg,pct,14
2026-06-14,Loja 003,SKU-3002,Queijo mussarela 5kg,pct,10
2026-06-14,Loja 003,SKU-3003,"Requeijao cremoso 1,5kg",pt,4
2026-06-14,Loja 003,SKU-3004,Manteiga 500g,un,9
2026-06-14,Loja 003,SKU-4001,"Batata pre-frita congelada 2,5kg",pct,32
2026-06-14,Loja 003,SKU-4002,Anel de cebola congelado 1kg,pct,5
2026-06-14,Loja 003,SKU-4003,Nuggets congelado 2kg,pct,7
2026-06-14,Loja 003,SKU-5001,Oleo de soja 900ml cx 20un,cx,4
2026-06-14,Loja 003,SKU-5002,"Ketchup galao 3,2kg",gl,4
2026-06-14,Loja 003,SKU-5003,Maionese galao 3kg,gl,5
2026-06-14,Loja 003,SKU-5004,Mostarda galao 3kg,gl,2
2026-06-14,Loja 003,SKU-5005,Sal refinado 1kg,un,2
2026-06-14,Loja 003,SKU-6001,Alface americana un,un,25
2026-06-14,Loja 003,SKU-6002,Tomate salada kg,kg,20.1
2026-06-14,Loja 003,SKU-6003,Cebola kg,kg,16.0
2026-06-14,Loja 003,SKU-6004,Picles fatiado 2kg,pt,3
2026-06-14,Loja 003,SKU-7001,Refrigerante lata cx 24un,cx,15
2026-06-14,Loja 003,SKU-7002,Refrigerante 2L cx 6un,cx,6
2026-06-14,Loja 003,SKU-7003,Suco caixinha cx 12un,cx,4
2026-06-14,Loja 003,SKU-7004,Agua mineral 500ml cx 12un,cx,8
2026-06-14,Loja 003,SKU-8001,Embalagem sanduiche pct 100un,pct,16
2026-06-14,Loja 003,SKU-8002,Copo 400ml pct 50un,pct,14
2026-06-14,Loja 003,SKU-8003,Sacola delivery pct 100un,pct,9
2026-06-14,Loja 003,SKU-8004,Guardanapo pct 1000un,pct,6
2026-06-15,Loja 001,SKU-1001,Hamburguer bovino 180g cx 24un,cx,8
2026-06-15,Loja 001,SKU-1002,File de frango congelado 2kg,pct,11
2026-06-15,Loja 001,SKU-1003,Bacon fatiado 1kg,pct,6
2026-06-15,Loja 001,SKU-1004,Linguica toscana 3kg,pct,5
2026-06-15,Loja 001,SKU-2001,Pao de hamburguer pct 12un,pct,19
2026-06-15,Loja 001,SKU-2002,Pao brioche pct 12un,pct,8
2026-06-15,Loja 001,SKU-3001,Queijo cheddar fatiado 1kg,pct,10
2026-06-15,Loja 001,SKU-3002,Queijo mussarela 5kg,pct,5
2026-06-15,Loja 001,SKU-3003,"Requeijao cremoso 1,5kg",pt,3
2026-06-15,Loja 001,SKU-3004,Manteiga 500g,un,5
2026-06-15,Loja 001,SKU-4001,"Batata pre-frita congelada 2,5kg",pct,17
2026-06-15,Loja 001,SKU-4002,Anel de cebola congelado 1kg,pct,2
2026-06-15,Loja 001,SKU-4003,Nuggets congelado 2kg,pct,4
2026-06-15,Loja 001,SKU-5001,Oleo de soja 900ml cx 20un,cx,3
2026-06-15,Loja 001,SKU-5002,"Ketchup galao 3,2kg",gl,2
2026-06-15,Loja 001,SKU-5003,Maionese galao 3kg,gl,3
2026-06-15,Loja 001,SKU-5004,Mostarda galao 3kg,gl,1
2026-06-15,Loja 001,SKU-5005,Sal refinado 1kg,un,1
2026-06-15,Loja 001,SKU-6001,Alface americana un,un,31
2026-06-15,Loja 001,SKU-6002,Tomate salada kg,kg,18.3
2026-06-15,Loja 001,SKU-6003,Cebola kg,kg,10.3
2026-06-15,Loja 001,SKU-6004,Picles fatiado 2kg,pt,3
2026-06-15,Loja 001,SKU-7001,Refrigerante lata cx 24un,cx,8
2026-06-15,Loja 001,SKU-7002,Refrigerante 2L cx 6un,cx,4
2026-06-15,Loja 001,SKU-7003,Suco caixinha cx 12un,cx,3
2026-06-15,Loja 001,SKU-7004,Agua mineral 500ml cx 12un,cx,5
2026-06-15,Loja 001,SKU-8001,Embalagem sanduiche pct 100un,pct,10
2026-06-15,Loja 001,SKU-8002,Copo 400ml pct 50un,pct,8
2026-06-15,Loja 001,SKU-8003,Sacola delivery pct 100un,pct,6
2026-06-15,Loja 001,SKU-8004,Guardanapo pct 1000un,pct,3
2026-06-15,Loja 002,SKU-1001,Hamburguer bovino 180g cx 24un,cx,5
2026-06-15,Loja 002,SKU-1002,File de frango congelado 2kg,pct,9
2026-06-15,Loja 002,SKU-1003,Bacon fatiado 1kg,pct,3
2026-06-15,Loja 002,SKU-1004,Linguica toscana 3kg,pct,3
2026-06-15,Loja 002,SKU-2001,Pao de hamburguer pct 12un,pct,12
2026-06-15,Loja 002,SKU-2002,Pao brioche pct 12un,pct,6
2026-06-15,Loja 002,SKU-3001,Queijo cheddar fatiado 1kg,pct,8
2026-06-15,Loja 002,SKU-3002,Queijo mussarela 5kg,pct,5
2026-06-15,Loja 002,SKU-3003,"Requeijao cremoso 1,5kg",pt,2
2026-06-15,Loja 002,SKU-3004,Manteiga 500g,un,4
2026-06-15,Loja 002,SKU-4001,"Batata pre-frita congelada 2,5kg",pct,11
2026-06-15,Loja 002,SKU-4002,Anel de cebola congelado 1kg,pct,2
2026-06-15,Loja 002,SKU-4003,Nuggets congelado 2kg,pct,2
2026-06-15,Loja 002,SKU-5001,Oleo de soja 900ml cx 20un,cx,2
2026-06-15,Loja 002,SKU-5002,"Ketchup galao 3,2kg",gl,1
2026-06-15,Loja 002,SKU-5003,Maionese galao 3kg,gl,2
2026-06-15,Loja 002,SKU-5004,Mostarda galao 3kg,gl,1
2026-06-15,Loja 002,SKU-5005,Sal refinado 1kg,un,1
2026-06-15,Loja 002,SKU-6001,Alface americana un,un,14
2026-06-15,Loja 002,SKU-6002,Tomate salada kg,kg,10.5
2026-06-15,Loja 002,SKU-6003,Cebola kg,kg,10.2
2026-06-15,Loja 002,SKU-6004,Picles fatiado 2kg,pt,1
2026-06-15,Loja 002,SKU-7001,Refrigerante lata cx 24un,cx,8
2026-06-15,Loja 002,SKU-7002,Refrigerante 2L cx 6un,cx,2
2026-06-15,Loja 002,SKU-7003,Suco caixinha cx 12un,cx,2
2026-06-15,Loja 002,SKU-7004,Agua mineral 500ml cx 12un,cx,4
2026-06-15,Loja 002,SKU-8001,Embalagem sanduiche pct 100un,pct,6
2026-06-15,Loja 002,SKU-8002,Copo 400ml pct 50un,pct,6
2026-06-15,Loja 002,SKU-8003,Sacola delivery pct 100un,pct,4
2026-06-15,Loja 002,SKU-8004,Guardanapo pct 1000un,pct,3
2026-06-15,Loja 003,SKU-1001,Hamburguer bovino 180g cx 24un,cx,8
2026-06-15,Loja 003,SKU-1002,File de frango congelado 2kg,pct,16
2026-06-15,Loja 003,SKU-1003,Bacon fatiado 1kg,pct,8
2026-06-15,Loja 003,SKU-1004,Linguica toscana 3kg,pct,4
2026-06-15,Loja 003,SKU-2001,Pao de hamburguer pct 12un,pct,26
2026-06-15,Loja 003,SKU-2002,Pao brioche pct 12un,pct,11
2026-06-15,Loja 003,SKU-3001,Queijo cheddar fatiado 1kg,pct,13
2026-06-15,Loja 003,SKU-3002,Queijo mussarela 5kg,pct,6
2026-06-15,Loja 003,SKU-3003,"Requeijao cremoso 1,5kg",pt,4
2026-06-15,Loja 003,SKU-3004,Manteiga 500g,un,5
2026-06-15,Loja 003,SKU-4001,"Batata pre-frita congelada 2,5kg",pct,23
2026-06-15,Loja 003,SKU-4002,Anel de cebola congelado 1kg,pct,3
2026-06-15,Loja 003,SKU-4003,Nuggets congelado 2kg,pct,6
2026-06-15,Loja 003,SKU-5001,Oleo de soja 900ml cx 20un,cx,3
2026-06-15,Loja 003,SKU-5002,"Ketchup galao 3,2kg",gl,2
2026-06-15,Loja 003,SKU-5003,Maionese galao 3kg,gl,2
2026-06-15,Loja 003,SKU-5004,Mostarda galao 3kg,gl,1
2026-06-15,Loja 003,SKU-5005,Sal refinado 1kg,un,2
2026-06-15,Loja 003,SKU-6001,Alface americana un,un,27
2026-06-15,Loja 003,SKU-6002,Tomate salada kg,kg,25.0
2026-06-15,Loja 003,SKU-6003,Cebola kg,kg,15.1
2026-06-15,Loja 003,SKU-6004,Picles fatiado 2kg,pt,3
2026-06-15,Loja 003,SKU-7001,Refrigerante lata cx 24un,cx,11
2026-06-15,Loja 003,SKU-7002,Refrigerante 2L cx 6un,cx,4
2026-06-15,Loja 003,SKU-7003,Suco caixinha cx 12un,cx,3
2026-06-15,Loja 003,SKU-7004,Agua mineral 500ml cx 12un,cx,6
2026-06-15,Loja 003,SKU-8001,Embalagem sanduiche pct 100un,pct,16
2026-06-15,Loja 003,SKU-8002,Copo 400ml pct 50un,pct,11
2026-06-15,Loja 003,SKU-8003,Sacola delivery pct 100un,pct,7
2026-06-15,Loja 003,SKU-8004,Guardanapo pct 1000un,pct,5
2026-06-16,Loja 001,SKU-1001,Hamburguer bovino 180g cx 24un,cx,8
2026-06-16,Loja 001,SKU-1002,File de frango congelado 2kg,pct,11
2026-06-16,Loja 001,SKU-1003,Bacon fatiado 1kg,pct,6
2026-06-16,Loja 001,SKU-1004,Linguica toscana 3kg,pct,4
2026-06-16,Loja 001,SKU-2001,Pao de hamburguer pct 12un,pct,16
2026-06-16,Loja 001,SKU-2002,Pao brioche pct 12un,pct,12
2026-06-16,Loja 001,SKU-3001,Queijo cheddar fatiado 1kg,pct,8
2026-06-16,Loja 001,SKU-3002,Queijo mussarela 5kg,pct,6
2026-06-16,Loja 001,SKU-3003,"Requeijao cremoso 1,5kg",pt,3
2026-06-16,Loja 001,SKU-3004,Manteiga 500g,un,5
2026-06-16,Loja 001,SKU-4001,"Batata pre-frita congelada 2,5kg",pct,20
2026-06-16,Loja 001,SKU-4002,Anel de cebola congelado 1kg,pct,3
2026-06-16,Loja 001,SKU-4003,Nuggets congelado 2kg,pct,5
2026-06-16,Loja 001,SKU-5001,Oleo de soja 900ml cx 20un,cx,3
2026-06-16,Loja 001,SKU-5002,"Ketchup galao 3,2kg",gl,2
2026-06-16,Loja 001,SKU-5003,Maionese galao 3kg,gl,2
2026-06-16,Loja 001,SKU-5004,Mostarda galao 3kg,gl,1
2026-06-16,Loja 001,SKU-5005,Sal refinado 1kg,un,1
2026-06-16,Loja 001,SKU-6001,Alface americana un,un,17
2026-06-16,Loja 001,SKU-6002,Tomate salada kg,kg,12.8
2026-06-16,Loja 001,SKU-6003,Cebola kg,kg,12.2
2026-06-16,Loja 001,SKU-6004,Picles fatiado 2kg,pt,2
2026-06-16,Loja 001,SKU-7001,Refrigerante lata cx 24un,cx,9
2026-06-16,Loja 001,SKU-7002,Refrigerante 2L cx 6un,cx,3
2026-06-16,Loja 001,SKU-7003,Suco caixinha cx 12un,cx,2
2026-06-16,Loja 001,SKU-7004,Agua mineral 500ml cx 12un,cx,6
2026-06-16,Loja 001,SKU-8001,Embalagem sanduiche pct 100un,pct,11
2026-06-16,Loja 001,SKU-8002,Copo 400ml pct 50un,pct,8
2026-06-16,Loja 001,SKU-8003,Sacola delivery pct 100un,pct,7
2026-06-16,Loja 001,SKU-8004,Guardanapo pct 1000un,pct,3
2026-06-16,Loja 002,SKU-1001,Hamburguer bovino 180g cx 24un,cx,4
2026-06-16,Loja 002,SKU-1002,File de frango congelado 2kg,pct,10
2026-06-16,Loja 002,SKU-1003,Bacon fatiado 1kg,pct,4
2026-06-16,Loja 002,SKU-1004,Linguica toscana 3kg,pct,3
2026-06-16,Loja 002,SKU-2001,Pao de hamburguer pct 12un,pct,9
2026-06-16,Loja 002,SKU-2002,Pao brioche pct 12un,pct,8
2026-06-16,Loja 002,SKU-3001,Queijo cheddar fatiado 1kg,pct,7
2026-06-16,Loja 002,SKU-3002,Queijo mussarela 5kg,pct,5
2026-06-16,Loja 002,SKU-3003,"Requeijao cremoso 1,5kg",pt,2
2026-06-16,Loja 002,SKU-3004,Manteiga 500g,un,3
2026-06-16,Loja 002,SKU-4001,"Batata pre-frita congelada 2,5kg",pct,14
2026-06-16,Loja 002,SKU-4002,Anel de cebola congelado 1kg,pct,2
2026-06-16,Loja 002,SKU-4003,Nuggets congelado 2kg,pct,3
2026-06-16,Loja 002,SKU-5001,Oleo de soja 900ml cx 20un,cx,2
2026-06-16,Loja 002,SKU-5002,"Ketchup galao 3,2kg",gl,1
2026-06-16,Loja 002,SKU-5003,Maionese galao 3kg,gl,2
2026-06-16,Loja 002,SKU-5004,Mostarda galao 3kg,gl,1
2026-06-16,Loja 002,SKU-5005,Sal refinado 1kg,un,1
2026-06-16,Loja 002,SKU-6001,Alface americana un,un,21
2026-06-16,Loja 002,SKU-6002,Tomate salada kg,kg,13.2
2026-06-16,Loja 002,SKU-6003,Cebola kg,kg,7.8
2026-06-16,Loja 002,SKU-6004,Picles fatiado 2kg,pt,1
2026-06-16,Loja 002,SKU-7001,Refrigerante lata cx 24un,cx,6
2026-06-16,Loja 002,SKU-7002,Refrigerante 2L cx 6un,cx,2
2026-06-16,Loja 002,SKU-7003,Suco caixinha cx 12un,cx,2
2026-06-16,Loja 002,SKU-7004,Agua mineral 500ml cx 12un,cx,4
2026-06-16,Loja 002,SKU-8001,Embalagem sanduiche pct 100un,pct,7
2026-06-16,Loja 002,SKU-8002,Copo 400ml pct 50un,pct,6
2026-06-16,Loja 002,SKU-8003,Sacola delivery pct 100un,pct,5
2026-06-16,Loja 002,SKU-8004,Guardanapo pct 1000un,pct,3
2026-06-16,Loja 003,SKU-1001,Hamburguer bovino 180g cx 24un,cx,11
2026-06-16,Loja 003,SKU-1002,File de frango congelado 2kg,pct,17
2026-06-16,Loja 003,SKU-1003,Bacon fatiado 1kg,pct,8
2026-06-16,Loja 003,SKU-1004,Linguica toscana 3kg,pct,6
2026-06-16,Loja 003,SKU-2001,Pao de hamburguer pct 12un,pct,28
2026-06-16,Loja 003,SKU-2002,Pao brioche pct 12un,pct,11
2026-06-16,Loja 003,SKU-3001,Queijo cheddar fatiado 1kg,pct,15
2026-06-16,Loja 003,SKU-3002,Queijo mussarela 5kg,pct,9
2026-06-16,Loja 003,SKU-3003,"Requeijao cremoso 1,5kg",pt,4
2026-06-16,Loja 003,SKU-3004,Manteiga 500g,un,7
2026-06-16,Loja 003,SKU-4001,"Batata pre-frita congelada 2,5kg",pct,25
2026-06-16,Loja 003,SKU-4002,Anel de cebola congelado 1kg,pct,4
2026-06-16,Loja 003,SKU-4003,Nuggets congelado 2kg,pct,4
2026-06-16,Loja 003,SKU-5001,Oleo de soja 900ml cx 20un,cx,4
2026-06-16,Loja 003,SKU-5002,"Ketchup galao 3,2kg",gl,3
2026-06-16,Loja 003,SKU-5003,Maionese galao 3kg,gl,3
2026-06-16,Loja 003,SKU-5004,Mostarda galao 3kg,gl,1
2026-06-16,Loja 003,SKU-5005,Sal refinado 1kg,un,2
2026-06-16,Loja 003,SKU-6001,Alface americana un,un,21
2026-06-16,Loja 003,SKU-6002,Tomate salada kg,kg,31.3
2026-06-16,Loja 003,SKU-6003,Cebola kg,kg,15.4
2026-06-16,Loja 003,SKU-6004,Picles fatiado 2kg,pt,2
2026-06-16,Loja 003,SKU-7001,Refrigerante lata cx 24un,cx,11
2026-06-16,Loja 003,SKU-7002,Refrigerante 2L cx 6un,cx,4
2026-06-16,Loja 003,SKU-7003,Suco caixinha cx 12un,cx,4
2026-06-16,Loja 003,SKU-7004,Agua mineral 500ml cx 12un,cx,8
2026-06-16,Loja 003,SKU-8001,Embalagem sanduiche pct 100un,pct,14
2026-06-16,Loja 003,SKU-8002,Copo 400ml pct 50un,pct,8
2026-06-16,Loja 003,SKU-8003,Sacola delivery pct 100un,pct,8
2026-06-16,Loja 003,SKU-8004,Guardanapo pct 1000un,pct,4
2026-06-17,Loja 001,SKU-1001,Hamburguer bovino 180g cx 24un,cx,9
2026-06-17,Loja 001,SKU-1002,File de frango congelado 2kg,pct,12
2026-06-17,Loja 001,SKU-1003,Bacon fatiado 1kg,pct,5
2026-06-17,Loja 001,SKU-1004,Linguica toscana 3kg,pct,4
2026-06-17,Loja 001,SKU-2001,Pao de hamburguer pct 12un,pct,18
2026-06-17,Loja 001,SKU-2002,Pao brioche pct 12un,pct,11
2026-06-17,Loja 001,SKU-3001,Queijo cheddar fatiado 1kg,pct,10
2026-06-17,Loja 001,SKU-3002,Queijo mussarela 5kg,pct,8
2026-06-17,Loja 001,SKU-3003,"Requeijao cremoso 1,5kg",pt,4
2026-06-17,Loja 001,SKU-3004,Manteiga 500g,un,4
2026-06-17,Loja 001,SKU-4001,"Batata pre-frita congelada 2,5kg",pct,18
2026-06-17,Loja 001,SKU-4002,Anel de cebola congelado 1kg,pct,3
2026-06-17,Loja 001,SKU-4003,Nuggets congelado 2kg,pct,4
2026-06-17,Loja 001,SKU-5001,Oleo de soja 900ml cx 20un,cx,3
2026-06-17,Loja 001,SKU-5002,"Ketchup galao 3,2kg",gl,2
2026-06-17,Loja 001,SKU-5003,Maionese galao 3kg,gl,3
2026-06-17,Loja 001,SKU-5004,Mostarda galao 3kg,gl,1
2026-06-17,Loja 001,SKU-5005,Sal refinado 1kg,un,1
2026-06-17,Loja 001,SKU-6001,Alface americana un,un,27
2026-06-17,Loja 001,SKU-6002,Tomate salada kg,kg,19.6
2026-06-17,Loja 001,SKU-6003,Cebola kg,kg,7.4
2026-06-17,Loja 001,SKU-6004,Picles fatiado 2kg,pt,2
2026-06-17,Loja 001,SKU-7001,Refrigerante lata cx 24un,cx,11
2026-06-17,Loja 001,SKU-7002,Refrigerante 2L cx 6un,cx,4
2026-06-17,Loja 001,SKU-7003,Suco caixinha cx 12un,cx,4
2026-06-17,Loja 001,SKU-7004,Agua mineral 500ml cx 12un,cx,6
2026-06-17,Loja 001,SKU-8001,Embalagem sanduiche pct 100un,pct,10
2026-06-17,Loja 001,SKU-8002,Copo 400ml pct 50un,pct,7
2026-06-17,Loja 001,SKU-8003,Sacola delivery pct 100un,pct,6
2026-06-17,Loja 001,SKU-8004,Guardanapo pct 1000un,pct,4
2026-06-17,Loja 002,SKU-1001,Hamburguer bovino 180g cx 24un,cx,6
2026-06-17,Loja 002,SKU-1002,File de frango congelado 2kg,pct,9
2026-06-17,Loja 002,SKU-1003,Bacon fatiado 1kg,pct,4
2026-06-17,Loja 002,SKU-1004,Linguica toscana 3kg,pct,4
2026-06-17,Loja 002,SKU-2001,Pao de hamburguer pct 12un,pct,17
2026-06-17,Loja 002,SKU-2002,Pao brioche pct 12un,pct,7
2026-06-17,Loja 002,SKU-3001,Queijo cheddar fatiado 1kg,pct,7
2026-06-17,Loja 002,SKU-3002,Queijo mussarela 5kg,pct,5
2026-06-17,Loja 002,SKU-3003,"Requeijao cremoso 1,5kg",pt,3
2026-06-17,Loja 002,SKU-3004,Manteiga 500g,un,3
2026-06-17,Loja 002,SKU-4001,"Batata pre-frita congelada 2,5kg",pct,12
2026-06-17,Loja 002,SKU-4002,Anel de cebola congelado 1kg,pct,3
2026-06-17,Loja 002,SKU-4003,Nuggets congelado 2kg,pct,4
2026-06-17,Loja 002,SKU-5001,Oleo de soja 900ml cx 20un,cx,2
2026-06-17,Loja 002,SKU-5002,"Ketchup galao 3,2kg",gl,2
2026-06-17,Loja 002,SKU-5003,Maionese galao 3kg,gl,2
2026-06-17,Loja 002,SKU-5004,Mostarda galao 3kg,gl,1
2026-06-17,Loja 002,SKU-5005,Sal refinado 1kg,un,1
2026-06-17,Loja 002,SKU-6001,Alface americana un,un,20
2026-06-17,Loja 002,SKU-6002,Tomate salada kg,kg,10.8
2026-06-17,Loja 002,SKU-6003,Cebola kg,kg,11.2
2026-06-17,Loja 002,SKU-6004,Picles fatiado 2kg,pt,2
2026-06-17,Loja 002,SKU-7001,Refrigerante lata cx 24un,cx,6
2026-06-17,Loja 002,SKU-7002,Refrigerante 2L cx 6un,cx,3
2026-06-17,Loja 002,SKU-7003,Suco caixinha cx 12un,cx,2
2026-06-17,Loja 002,SKU-7004,Agua mineral 500ml cx 12un,cx,3
2026-06-17,Loja 002,SKU-8001,Embalagem sanduiche pct 100un,pct,10
2026-06-17,Loja 002,SKU-8002,Copo 400ml pct 50un,pct,7
2026-06-17,Loja 002,SKU-8003,Sacola delivery pct 100un,pct,5
2026-06-17,Loja 002,SKU-8004,Guardanapo pct 1000un,pct,2
2026-06-17,Loja 003,SKU-1001,Hamburguer bovino 180g cx 24un,cx,13
2026-06-17,Loja 003,SKU-1002,File de frango congelado 2kg,pct,16
2026-06-17,Loja 003,SKU-1003,Bacon fatiado 1kg,pct,9
2026-06-17,Loja 003,SKU-1004,Linguica toscana 3kg,pct,6
2026-06-17,Loja 003,SKU-2001,Pao de hamburguer pct 12un,pct,30
2026-06-17,Loja 003,SKU-2002,Pao brioche pct 12un,pct,13
2026-06-17,Loja 003,SKU-3001,Queijo cheddar fatiado 1kg,pct,17
2026-06-17,Loja 003,SKU-3002,Queijo mussarela 5kg,pct,11
2026-06-17,Loja 003,SKU-3003,"Requeijao cremoso 1,5kg",pt,4
2026-06-17,Loja 003,SKU-3004,Manteiga 500g,un,7
2026-06-17,Loja 003,SKU-4001,"Batata pre-frita congelada 2,5kg",pct,26
2026-06-17,Loja 003,SKU-4002,Anel de cebola congelado 1kg,pct,4
2026-06-17,Loja 003,SKU-4003,Nuggets congelado 2kg,pct,5
2026-06-17,Loja 003,SKU-5001,Oleo de soja 900ml cx 20un,cx,3
2026-06-17,Loja 003,SKU-5002,"Ketchup galao 3,2kg",gl,2
2026-06-17,Loja 003,SKU-5003,Maionese galao 3kg,gl,3
2026-06-17,Loja 003,SKU-5004,Mostarda galao 3kg,gl,1
2026-06-17,Loja 003,SKU-5005,Sal refinado 1kg,un,2
2026-06-17,Loja 003,SKU-6001,Alface americana un,un,35
2026-06-17,Loja 003,SKU-6002,Tomate salada kg,kg,34.2
2026-06-17,Loja 003,SKU-6003,Cebola kg,kg,20.4
2026-06-17,Loja 003,SKU-6004,Picles fatiado 2kg,pt,3
2026-06-17,Loja 003,SKU-7001,Refrigerante lata cx 24un,cx,12
2026-06-17,Loja 003,SKU-7002,Refrigerante 2L cx 6un,cx,6
2026-06-17,Loja 003,SKU-7003,Suco caixinha cx 12un,cx,4
2026-06-17,Loja 003,SKU-7004,Agua mineral 500ml cx 12un,cx,8
2026-06-17,Loja 003,SKU-8001,Embalagem sanduiche pct 100un,pct,20
2026-06-17,Loja 003,SKU-8002,Copo 400ml pct 50un,pct,12
2026-06-17,Loja 003,SKU-8003,Sacola delivery pct 100un,pct,10
2026-06-17,Loja 003,SKU-8004,Guardanapo pct 1000un,pct,4
2026-06-18,Loja 001,SKU-1001,Hamburguer bovino 180g cx 24un,cx,11
2026-06-18,Loja 001,SKU-1002,File de frango congelado 2kg,pct,19
2026-06-18,Loja 001,SKU-1003,Bacon fatiado 1kg,pct,7
2026-06-18,Loja 001,SKU-1004,Linguica toscana 3kg,pct,5
2026-06-18,Loja 001,SKU-2001,Pao de hamburguer pct 12un,pct,30
2026-06-18,Loja 001,SKU-2002,Pao brioche pct 12un,pct,11
2026-06-18,Loja 001,SKU-3001,Queijo cheddar fatiado 1kg,pct,10
2026-06-18,Loja 001,SKU-3002,Queijo mussarela 5kg,pct,8
2026-06-18,Loja 001,SKU-3003,"Requeijao cremoso 1,5kg",pt,5
2026-06-18,Loja 001,SKU-3004,Manteiga 500g,un,7
2026-06-18,Loja 001,SKU-4001,"Batata pre-frita congelada 2,5kg",pct,22
2026-06-18,Loja 001,SKU-4002,Anel de cebola congelado 1kg,pct,3
2026-06-18,Loja 001,SKU-4003,Nuggets congelado 2kg,pct,4
2026-06-18,Loja 001,SKU-5001,Oleo de soja 900ml cx 20un,cx,3
2026-06-18,Loja 001,SKU-5002,"Ketchup galao 3,2kg",gl,2
2026-06-18,Loja 001,SKU-5003,Maionese galao 3kg,gl,3
2026-06-18,Loja 001,SKU-5004,Mostarda galao 3kg,gl,1
2026-06-18,Loja 001,SKU-5005,Sal refinado 1kg,un,2
2026-06-18,Loja 001,SKU-6001,Alface americana un,un,32
2026-06-18,Loja 001,SKU-6002,Tomate salada kg,kg,17.8
2026-06-18,Loja 001,SKU-6003,Cebola kg,kg,13.3
2026-06-18,Loja 001,SKU-6004,Picles fatiado 2kg,pt,3
2026-06-18,Loja 001,SKU-7001,Refrigerante lata cx 24un,cx,9
2026-06-18,Loja 001,SKU-7002,Refrigerante 2L cx 6un,cx,6
2026-06-18,Loja 001,SKU-7003,Suco caixinha cx 12un,cx,3
2026-06-18,Loja 001,SKU-7004,Agua mineral 500ml cx 12un,cx,6
2026-06-18,Loja 001,SKU-8001,Embalagem sanduiche pct 100un,pct,12
2026-06-18,Loja 001,SKU-8002,Copo 400ml pct 50un,pct,10
2026-06-18,Loja 001,SKU-8003,Sacola delivery pct 100un,pct,6
2026-06-18,Loja 001,SKU-8004,Guardanapo pct 1000un,pct,5
2026-06-18,Loja 002,SKU-1001,Hamburguer bovino 180g cx 24un,cx,5
2026-06-18,Loja 002,SKU-1002,File de frango congelado 2kg,pct,9
2026-06-18,Loja 002,SKU-1003,Bacon fatiado 1kg,pct,4
2026-06-18,Loja 002,SKU-1004,Linguica toscana 3kg,pct,4
2026-06-18,Loja 002,SKU-2001,Pao de hamburguer pct 12un,pct,24
2026-06-18,Loja 002,SKU-2002,Pao brioche pct 12un,pct,7
2026-06-18,Loja 002,SKU-3001,Queijo cheddar fatiado 1kg,pct,8
2026-06-18,Loja 002,SKU-3002,Queijo mussarela 5kg,pct,7
2026-06-18,Loja 002,SKU-3003,"Requeijao cremoso 1,5kg",pt,3
2026-06-18,Loja 002,SKU-3004,Manteiga 500g,un,4
2026-06-18,Loja 002,SKU-4001,"Batata pre-frita congelada 2,5kg",pct,17
2026-06-18,Loja 002,SKU-4002,Anel de cebola congelado 1kg,pct,2
2026-06-18,Loja 002,SKU-4003,Nuggets congelado 2kg,pct,3
2026-06-18,Loja 002,SKU-5001,Oleo de soja 900ml cx 20un,cx,2
2026-06-18,Loja 002,SKU-5002,"Ketchup galao 3,2kg",gl,2
2026-06-18,Loja 002,SKU-5003,Maionese galao 3kg,gl,2
2026-06-18,Loja 002,SKU-5004,Mostarda galao 3kg,gl,1
2026-06-18,Loja 002,SKU-5005,Sal refinado 1kg,un,1
2026-06-18,Loja 002,SKU-6001,Alface americana un,un,27
2026-06-18,Loja 002,SKU-6002,Tomate salada kg,kg,13.5
2026-06-18,Loja 002,SKU-6003,Cebola kg,kg,12.6
2026-06-18,Loja 002,SKU-6004,Picles fatiado 2kg,pt,2
2026-06-18,Loja 002,SKU-7001,Refrigerante lata cx 24un,cx,8
2026-06-18,Loja 002,SKU-7002,Refrigerante 2L cx 6un,cx,4
2026-06-18,Loja 002,SKU-7003,Suco caixinha cx 12un,cx,2
2026-06-18,Loja 002,SKU-7004,Agua mineral 500ml cx 12un,cx,3
2026-06-18,Loja 002,SKU-8001,Embalagem sanduiche pct 100un,pct,10
2026-06-18,Loja 002,SKU-8002,Copo 400ml pct 50un,pct,8
2026-06-18,Loja 002,SKU-8003,Sacola delivery pct 100un,pct,5
2026-06-18,Loja 002,SKU-8004,Guardanapo pct 1000un,pct,3
2026-06-18,Loja 003,SKU-1001,Hamburguer bovino 180g cx 24un,cx,12
2026-06-18,Loja 003,SKU-1002,File de frango congelado 2kg,pct,17
2026-06-18,Loja 003,SKU-1003,Bacon fatiado 1kg,pct,9
2026-06-18,Loja 003,SKU-1004,Linguica toscana 3kg,pct,7
2026-06-18,Loja 003,SKU-2001,Pao de hamburguer pct 12un,pct,40
2026-06-18,Loja 003,SKU-2002,Pao brioche pct 12un,pct,12
2026-06-18,Loja 003,SKU-3001,Queijo cheddar fatiado 1kg,pct,19
2026-06-18,Loja 003,SKU-3002,Queijo mussarela 5kg,pct,9
2026-06-18,Loja 003,SKU-3003,"Requeijao cremoso 1,5kg",pt,5
2026-06-18,Loja 003,SKU-3004,Manteiga 500g,un,8
2026-06-18,Loja 003,SKU-4001,"Batata pre-frita congelada 2,5kg",pct,26
2026-06-18,Loja 003,SKU-4002,Anel de cebola congelado 1kg,pct,4
2026-06-18,Loja 003,SKU-4003,Nuggets congelado 2kg,pct,7
2026-06-18,Loja 003,SKU-5001,Oleo de soja 900ml cx 20un,cx,5
2026-06-18,Loja 003,SKU-5002,"Ketchup galao 3,2kg",gl,3
2026-06-18,Loja 003,SKU-5003,Maionese galao 3kg,gl,3
2026-06-18,Loja 003,SKU-5004,Mostarda galao 3kg,gl,1
2026-06-18,Loja 003,SKU-5005,Sal refinado 1kg,un,2
2026-06-18,Loja 003,SKU-6001,Alface americana un,un,35
2026-06-18,Loja 003,SKU-6002,Tomate salada kg,kg,23.9
2026-06-18,Loja 003,SKU-6003,Cebola kg,kg,19.3
2026-06-18,Loja 003,SKU-6004,Picles fatiado 2kg,pt,3
2026-06-18,Loja 003,SKU-7001,Refrigerante lata cx 24un,cx,17
2026-06-18,Loja 003,SKU-7002,Refrigerante 2L cx 6un,cx,7
2026-06-18,Loja 003,SKU-7003,Suco caixinha cx 12un,cx,4
2026-06-18,Loja 003,SKU-7004,Agua mineral 500ml cx 12un,cx,8
2026-06-18,Loja 003,SKU-8001,Embalagem sanduiche pct 100un,pct,16
2026-06-18,Loja 003,SKU-8002,Copo 400ml pct 50un,pct,12
2026-06-18,Loja 003,SKU-8003,Sacola delivery pct 100un,pct,11
2026-06-18,Loja 003,SKU-8004,Guardanapo pct 1000un,pct,6
2026-06-19,Loja 001,SKU-1001,Hamburguer bovino 180g cx 24un,cx,9
2026-06-19,Loja 001,SKU-1002,File de frango congelado 2kg,pct,15
2026-06-19,Loja 001,SKU-1003,Bacon fatiado 1kg,pct,7
2026-06-19,Loja 001,SKU-1004,Linguica toscana 3kg,pct,6
2026-06-19,Loja 001,SKU-2001,Pao de hamburguer pct 12un,pct,28
2026-06-19,Loja 001,SKU-2002,Pao brioche pct 12un,pct,13
2026-06-19,Loja 001,SKU-3001,Queijo cheddar fatiado 1kg,pct,13
2026-06-19,Loja 001,SKU-3002,Queijo mussarela 5kg,pct,11
2026-06-19,Loja 001,SKU-3003,"Requeijao cremoso 1,5kg",pt,4
2026-06-19,Loja 001,SKU-3004,Manteiga 500g,un,7
2026-06-19,Loja 001,SKU-4001,"Batata pre-frita congelada 2,5kg",pct,28
2026-06-19,Loja 001,SKU-4002,Anel de cebola congelado 1kg,pct,5
2026-06-19,Loja 001,SKU-4003,Nuggets congelado 2kg,pct,7
2026-06-19,Loja 001,SKU-5001,Oleo de soja 900ml cx 20un,cx,4
2026-06-19,Loja 001,SKU-5002,"Ketchup galao 3,2kg",gl,3
2026-06-19,Loja 001,SKU-5003,Maionese galao 3kg,gl,3
2026-06-19,Loja 001,SKU-5004,Mostarda galao 3kg,gl,1
2026-06-19,Loja 001,SKU-5005,Sal refinado 1kg,un,2
2026-06-19,Loja 001,SKU-6001,Alface americana un,un,44
2026-06-19,Loja 001,SKU-6002,Tomate salada kg,kg,20.3
2026-06-19,Loja 001,SKU-6003,Cebola kg,kg,14.9
2026-06-19,Loja 001,SKU-6004,Picles fatiado 2kg,pt,4
2026-06-19,Loja 001,SKU-7001,Refrigerante lata cx 24un,cx,14
2026-06-19,Loja 001,SKU-7002,Refrigerante 2L cx 6un,cx,5
2026-06-19,Loja 001,SKU-7003,Suco caixinha cx 12un,cx,4
2026-06-19,Loja 001,SKU-7004,Agua mineral 500ml cx 12un,cx,7
2026-06-19,Loja 001,SKU-8001,Embalagem sanduiche pct 100un,pct,22
2026-06-19,Loja 001,SKU-8002,Copo 400ml pct 50un,pct,11
2026-06-19,Loja 001,SKU-8003,Sacola delivery pct 100un,pct,8
2026-06-19,Loja 001,SKU-8004,Guardanapo pct 1000un,pct,5
2026-06-19,Loja 002,SKU-1001,Hamburguer bovino 180g cx 24un,cx,7
2026-06-19,Loja 002,SKU-1002,File de frango congelado 2kg,pct,16
2026-06-19,Loja 002,SKU-1003,Bacon fatiado 1kg,pct,6
2026-06-19,Loja 002,SKU-1004,Linguica toscana 3kg,pct,5
2026-06-19,Loja 002,SKU-2001,Pao de hamburguer pct 12un,pct,31
2026-06-19,Loja 002,SKU-2002,Pao brioche pct 12un,pct,9
2026-06-19,Loja 002,SKU-3001,Queijo cheddar fatiado 1kg,pct,11
2026-06-19,Loja 002,SKU-3002,Queijo mussarela 5kg,pct,6
2026-06-19,Loja 002,SKU-3003,"Requeijao cremoso 1,5kg",pt,4
2026-06-19,Loja 002,SKU-3004,Manteiga 500g,un,6
2026-06-19,Loja 002,SKU-4001,"Batata pre-frita congelada 2,5kg",pct,17
2026-06-19,Loja 002,SKU-4002,Anel de cebola congelado 1kg,pct,3
2026-06-19,Loja 002,SKU-4003,Nuggets congelado 2kg,pct,4
2026-06-19,Loja 002,SKU-5001,Oleo de soja 900ml cx 20un,cx,3
2026-06-19,Loja 002,SKU-5002,"Ketchup galao 3,2kg",gl,3
2026-06-19,Loja 002,SKU-5003,Maionese galao 3kg,gl,3
2026-06-19,Loja 002,SKU-5004,Mostarda galao 3kg,gl,1
2026-06-19,Loja 002,SKU-5005,Sal refinado 1kg,un,1
2026-06-19,Loja 002,SKU-6001,Alface americana un,un,30
2026-06-19,Loja 002,SKU-6002,Tomate salada kg,kg,26.9
2026-06-19,Loja 002,SKU-6003,Cebola kg,kg,15.1
2026-06-19,Loja 002,SKU-6004,Picles fatiado 2kg,pt,2
2026-06-19,Loja 002,SKU-7001,Refrigerante lata cx 24un,cx,10
2026-06-19,Loja 002,SKU-7002,Refrigerante 2L cx 6un,cx,4
2026-06-19,Loja 002,SKU-7003,Suco caixinha cx 12un,cx,4
2026-06-19,Loja 002,SKU-7004,Agua mineral 500ml cx 12un,cx,5
2026-06-19,Loja 002,SKU-8001,Embalagem sanduiche pct 100un,pct,15
2026-06-19,Loja 002,SKU-8002,Copo 400ml pct 50un,pct,8
2026-06-19,Loja 002,SKU-8003,Sacola delivery pct 100un,pct,8
2026-06-19,Loja 002,SKU-8004,Guardanapo pct 1000un,pct,5
2026-06-19,Loja 003,SKU-1001,Hamburguer bovino 180g cx 24un,cx,14
2026-06-19,Loja 003,SKU-1002,File de frango congelado 2kg,pct,21
2026-06-19,Loja 003,SKU-1003,Bacon fatiado 1kg,pct,9
2026-06-19,Loja 003,SKU-1004,Linguica toscana 3kg,pct,10
2026-06-19,Loja 003,SKU-2001,Pao de hamburguer pct 12un,pct,50
2026-06-19,Loja 003,SKU-2002,Pao brioche pct 12un,pct,23
2026-06-19,Loja 003,SKU-3001,Queijo cheddar fatiado 1kg,pct,19
2026-06-19,Loja 003,SKU-3002,Queijo mussarela 5kg,pct,16
2026-06-19,Loja 003,SKU-3003,"Requeijao cremoso 1,5kg",pt,7
2026-06-19,Loja 003,SKU-3004,Manteiga 500g,un,9
2026-06-19,Loja 003,SKU-4001,"Batata pre-frita congelada 2,5kg",pct,27
2026-06-19,Loja 003,SKU-4002,Anel de cebola congelado 1kg,pct,6
2026-06-19,Loja 003,SKU-4003,Nuggets congelado 2kg,pct,9
2026-06-19,Loja 003,SKU-5001,Oleo de soja 900ml cx 20un,cx,5
2026-06-19,Loja 003,SKU-5002,"Ketchup galao 3,2kg",gl,4
2026-06-19,Loja 003,SKU-5003,Maionese galao 3kg,gl,5
2026-06-19,Loja 003,SKU-5004,Mostarda galao 3kg,gl,2
2026-06-19,Loja 003,SKU-5005,Sal refinado 1kg,un,3
2026-06-19,Loja 003,SKU-6001,Alface americana un,un,35
2026-06-19,Loja 003,SKU-6002,Tomate salada kg,kg,37.0
2026-06-19,Loja 003,SKU-6003,Cebola kg,kg,19.0
2026-06-19,Loja 003,SKU-6004,Picles fatiado 2kg,pt,5
2026-06-19,Loja 003,SKU-7001,Refrigerante lata cx 24un,cx,19
2026-06-19,Loja 003,SKU-7002,Refrigerante 2L cx 6un,cx,6
2026-06-19,Loja 003,SKU-7003,Suco caixinha cx 12un,cx,5
2026-06-19,Loja 003,SKU-7004,Agua mineral 500ml cx 12un,cx,10
2026-06-19,Loja 003,SKU-8001,Embalagem sanduiche pct 100un,pct,27
2026-06-19,Loja 003,SKU-8002,Copo 400ml pct 50un,pct,16
2026-06-19,Loja 003,SKU-8003,Sacola delivery pct 100un,pct,14
2026-06-19,Loja 003,SKU-8004,Guardanapo pct 1000un,pct,9
2026-06-20,Loja 001,SKU-1001,Hamburguer bovino 180g cx 24un,cx,14
2026-06-20,Loja 001,SKU-1002,File de frango congelado 2kg,pct,17
2026-06-20,Loja 001,SKU-1003,Bacon fatiado 1kg,pct,11
2026-06-20,Loja 001,SKU-1004,Linguica toscana 3kg,pct,8
2026-06-20,Loja 001,SKU-2001,Pao de hamburguer pct 12un,pct,29
2026-06-20,Loja 001,SKU-2002,Pao brioche pct 12un,pct,17
2026-06-20,Loja 001,SKU-3001,Queijo cheddar fatiado 1kg,pct,14
2026-06-20,Loja 001,SKU-3002,Queijo mussarela 5kg,pct,12
2026-06-20,Loja 001,SKU-3003,"Requeijao cremoso 1,5kg",pt,6
2026-06-20,Loja 001,SKU-3004,Manteiga 500g,un,6
2026-06-20,Loja 001,SKU-4001,"Batata pre-frita congelada 2,5kg",pct,28
2026-06-20,Loja 001,SKU-4002,Anel de cebola congelado 1kg,pct,6
2026-06-20,Loja 001,SKU-4003,Nuggets congelado 2kg,pct,8
2026-06-20,Loja 001,SKU-5001,Oleo de soja 900ml cx 20un,cx,5
2026-06-20,Loja 001,SKU-5002,"Ketchup galao 3,2kg",gl,3
2026-06-20,Loja 001,SKU-5003,Maionese galao 3kg,gl,4
2026-06-20,Loja 001,SKU-5004,Mostarda galao 3kg,gl,2
2026-06-20,Loja 001,SKU-5005,Sal refinado 1kg,un,3
2026-06-20,Loja 001,SKU-6001,Alface americana un,un,46
2026-06-20,Loja 001,SKU-6002,Tomate salada kg,kg,41.1
2026-06-20,Loja 001,SKU-6003,Cebola kg,kg,23.4
2026-06-20,Loja 001,SKU-6004,Picles fatiado 2kg,pt,4
2026-06-20,Loja 001,SKU-7001,Refrigerante lata cx 24un,cx,17
2026-06-20,Loja 001,SKU-7002,Refrigerante 2L cx 6un,cx,7
2026-06-20,Loja 001,SKU-7003,Suco caixinha cx 12un,cx,4
2026-06-20,Loja 001,SKU-7004,Agua mineral 500ml cx 12un,cx,8
2026-06-20,Loja 001,SKU-8001,Embalagem sanduiche pct 100un,pct,22
2026-06-20,Loja 001,SKU-8002,Copo 400ml pct 50un,pct,14
2026-06-20,Loja 001,SKU-8003,Sacola delivery pct 100un,pct,11
2026-06-20,Loja 001,SKU-8004,Guardanapo pct 1000un,pct,6
2026-06-20,Loja 002,SKU-1001,Hamburguer bovino 180g cx 24un,cx,11
2026-06-20,Loja 002,SKU-1002,File de frango congelado 2kg,pct,12
2026-06-20,Loja 002,SKU-1003,Bacon fatiado 1kg,pct,6
2026-06-20,Loja 002,SKU-1004,Linguica toscana 3kg,pct,6
2026-06-20,Loja 002,SKU-2001,Pao de hamburguer pct 12un,pct,20
2026-06-20,Loja 002,SKU-2002,Pao brioche pct 12un,pct,9
2026-06-20,Loja 002,SKU-3001,Queijo cheddar fatiado 1kg,pct,14
2026-06-20,Loja 002,SKU-3002,Queijo mussarela 5kg,pct,7
2026-06-20,Loja 002,SKU-3003,"Requeijao cremoso 1,5kg",pt,5
2026-06-20,Loja 002,SKU-3004,Manteiga 500g,un,5
2026-06-20,Loja 002,SKU-4001,"Batata pre-frita congelada 2,5kg",pct,19
2026-06-20,Loja 002,SKU-4002,Anel de cebola congelado 1kg,pct,4
2026-06-20,Loja 002,SKU-4003,Nuggets congelado 2kg,pct,4
2026-06-20,Loja 002,SKU-5001,Oleo de soja 900ml cx 20un,cx,3
2026-06-20,Loja 002,SKU-5002,"Ketchup galao 3,2kg",gl,3
2026-06-20,Loja 002,SKU-5003,Maionese galao 3kg,gl,3
2026-06-20,Loja 002,SKU-5004,Mostarda galao 3kg,gl,2
2026-06-20,Loja 002,SKU-5005,Sal refinado 1kg,un,1
2026-06-20,Loja 002,SKU-6001,Alface americana un,un,26
2026-06-20,Loja 002,SKU-6002,Tomate salada kg,kg,29.3
2026-06-20,Loja 002,SKU-6003,Cebola kg,kg,16.6
2026-06-20,Loja 002,SKU-6004,Picles fatiado 2kg,pt,3
2026-06-20,Loja 002,SKU-7001,Refrigerante lata cx 24un,cx,12
2026-06-20,Loja 002,SKU-7002,Refrigerante 2L cx 6un,cx,6
2026-06-20,Loja 002,SKU-7003,Suco caixinha cx 12un,cx,4
2026-06-20,Loja 002,SKU-7004,Agua mineral 500ml cx 12un,cx,6
2026-06-20,Loja 002,SKU-8001,Embalagem sanduiche pct 100un,pct,14
2026-06-20,Loja 002,SKU-8002,Copo 400ml pct 50un,pct,11
2026-06-20,Loja 002,SKU-8003,Sacola delivery pct 100un,pct,7
2026-06-20,Loja 002,SKU-8004,Guardanapo pct 1000un,pct,4
2026-06-20,Loja 003,SKU-1001,Hamburguer bovino 180g cx 24un,cx,16
2026-06-20,Loja 003,SKU-1002,File de frango congelado 2kg,pct,26
2026-06-20,Loja 003,SKU-1003,Bacon fatiado 1kg,pct,13
2026-06-20,Loja 003,SKU-1004,Linguica toscana 3kg,pct,9
2026-06-20,Loja 003,SKU-2001,Pao de hamburguer pct 12un,pct,57
2026-06-20,Loja 003,SKU-2002,Pao brioche pct 12un,pct,23
2026-06-20,Loja 003,SKU-3001,Queijo cheddar fatiado 1kg,pct,20
2026-06-20,Loja 003,SKU-3002,Queijo mussarela 5kg,pct,12
2026-06-20,Loja 003,SKU-3003,"Requeijao cremoso 1,5kg",pt,8
2026-06-20,Loja 003,SKU-3004,Manteiga 500g,un,9
2026-06-20,Loja 003,SKU-4001,"Batata pre-frita congelada 2,5kg",pct,37
2026-06-20,Loja 003,SKU-4002,Anel de cebola congelado 1kg,pct,6
2026-06-20,Loja 003,SKU-4003,Nuggets congelado 2kg,pct,8
2026-06-20,Loja 003,SKU-5001,Oleo de soja 900ml cx 20un,cx,7
2026-06-20,Loja 003,SKU-5002,"Ketchup galao 3,2kg",gl,5
2026-06-20,Loja 003,SKU-5003,Maionese galao 3kg,gl,6
2026-06-20,Loja 003,SKU-5004,Mostarda galao 3kg,gl,3
2026-06-20,Loja 003,SKU-5005,Sal refinado 1kg,un,3
2026-06-20,Loja 003,SKU-6001,Alface americana un,un,63
2026-06-20,Loja 003,SKU-6002,Tomate salada kg,kg,35.7
2026-06-20,Loja 003,SKU-6003,Cebola kg,kg,30.2
2026-06-20,Loja 003,SKU-6004,Picles fatiado 2kg,pt,4
2026-06-20,Loja 003,SKU-7001,Refrigerante lata cx 24un,cx,15
2026-06-20,Loja 003,SKU-7002,Refrigerante 2L cx 6un,cx,9
2026-06-20,Loja 003,SKU-7003,Suco caixinha cx 12un,cx,7
2026-06-20,Loja 003,SKU-7004,Agua mineral 500ml cx 12un,cx,10
2026-06-20,Loja 003,SKU-8001,Embalagem sanduiche pct 100un,pct,28
2026-06-20,Loja 003,SKU-8002,Copo 400ml pct 50un,pct,18
2026-06-20,Loja 003,SKU-8003,Sacola delivery pct 100un,pct,14
2026-06-20,Loja 003,SKU-8004,Guardanapo pct 1000un,pct,9
2026-06-21,Loja 001,SKU-1001,Hamburguer bovino 180g cx 24un,cx,11
2026-06-21,Loja 001,SKU-1002,File de frango congelado 2kg,pct,19
2026-06-21,Loja 001,SKU-1003,Bacon fatiado 1kg,pct,7
2026-06-21,Loja 001,SKU-1004,Linguica toscana 3kg,pct,6
2026-06-21,Loja 001,SKU-2001,Pao de hamburguer pct 12un,pct,31
2026-06-21,Loja 001,SKU-2002,Pao brioche pct 12un,pct,13
2026-06-21,Loja 001,SKU-3001,Queijo cheddar fatiado 1kg,pct,13
2026-06-21,Loja 001,SKU-3002,Queijo mussarela 5kg,pct,9
2026-06-21,Loja 001,SKU-3003,"Requeijao cremoso 1,5kg",pt,4
2026-06-21,Loja 001,SKU-3004,Manteiga 500g,un,7
2026-06-21,Loja 001,SKU-4001,"Batata pre-frita congelada 2,5kg",pct,25
2026-06-21,Loja 001,SKU-4002,Anel de cebola congelado 1kg,pct,4
2026-06-21,Loja 001,SKU-4003,Nuggets congelado 2kg,pct,5
2026-06-21,Loja 001,SKU-5001,Oleo de soja 900ml cx 20un,cx,4
2026-06-21,Loja 001,SKU-5002,"Ketchup galao 3,2kg",gl,3
2026-06-21,Loja 001,SKU-5003,Maionese galao 3kg,gl,3
2026-06-21,Loja 001,SKU-5004,Mostarda galao 3kg,gl,2
2026-06-21,Loja 001,SKU-5005,Sal refinado 1kg,un,2
2026-06-21,Loja 001,SKU-6001,Alface americana un,un,36
2026-06-21,Loja 001,SKU-6002,Tomate salada kg,kg,23.4
2026-06-21,Loja 001,SKU-6003,Cebola kg,kg,16.2
2026-06-21,Loja 001,SKU-6004,Picles fatiado 2kg,pt,3
2026-06-21,Loja 001,SKU-7001,Refrigerante lata cx 24un,cx,11
2026-06-21,Loja 001,SKU-7002,Refrigerante 2L cx 6un,cx,6
2026-06-21,Loja 001,SKU-7003,Suco caixinha cx 12un,cx,3
2026-06-21,Loja 001,SKU-7004,Agua mineral 500ml cx 12un,cx,8
2026-06-21,Loja 001,SKU-8001,Embalagem sanduiche pct 100un,pct,15
2026-06-21,Loja 001,SKU-8002,Copo 400ml pct 50un,pct,9
2026-06-21,Loja 001,SKU-8003,Sacola delivery pct 100un,pct,9
2026-06-21,Loja 001,SKU-8004,Guardanapo pct 1000un,pct,5
2026-06-21,Loja 002,SKU-1001,Hamburguer bovino 180g cx 24un,cx,6
2026-06-21,Loja 002,SKU-1002,File de frango congelado 2kg,pct,10
2026-06-21,Loja 002,SKU-1003,Bacon fatiado 1kg,pct,5
2026-06-21,Loja 002,SKU-1004,Linguica toscana 3kg,pct,5
2026-06-21,Loja 002,SKU-2001,Pao de hamburguer pct 12un,pct,14
2026-06-21,Loja 002,SKU-2002,Pao brioche pct 12un,pct,11
2026-06-21,Loja 002,SKU-3001,Queijo cheddar fatiado 1kg,pct,8
2026-06-21,Loja 002,SKU-3002,Queijo mussarela 5kg,pct,6
2026-06-21,Loja 002,SKU-3003,"Requeijao cremoso 1,5kg",pt,3
2026-06-21,Loja 002,SKU-3004,Manteiga 500g,un,5
2026-06-21,Loja 002,SKU-4001,"Batata pre-frita congelada 2,5kg",pct,16
2026-06-21,Loja 002,SKU-4002,Anel de cebola congelado 1kg,pct,3
2026-06-21,Loja 002,SKU-4003,Nuggets congelado 2kg,pct,4
2026-06-21,Loja 002,SKU-5001,Oleo de soja 900ml cx 20un,cx,3
2026-06-21,Loja 002,SKU-5002,"Ketchup galao 3,2kg",gl,2
2026-06-21,Loja 002,SKU-5003,Maionese galao 3kg,gl,2
2026-06-21,Loja 002,SKU-5004,Mostarda galao 3kg,gl,1
2026-06-21,Loja 002,SKU-5005,Sal refinado 1kg,un,1
2026-06-21,Loja 002,SKU-6001,Alface americana un,un,24
2026-06-21,Loja 002,SKU-6002,Tomate salada kg,kg,18.2
2026-06-21,Loja 002,SKU-6003,Cebola kg,kg,14.2
2026-06-21,Loja 002,SKU-6004,Picles fatiado 2kg,pt,1
2026-06-21,Loja 002,SKU-7001,Refrigerante lata cx 24un,cx,7
2026-06-21,Loja 002,SKU-7002,Refrigerante 2L cx 6un,cx,4
2026-06-21,Loja 002,SKU-7003,Suco caixinha cx 12un,cx,2
2026-06-21,Loja 002,SKU-7004,Agua mineral 500ml cx 12un,cx,5
2026-06-21,Loja 002,SKU-8001,Embalagem sanduiche pct 100un,pct,9
2026-06-21,Loja 002,SKU-8002,Copo 400ml pct 50un,pct,8
2026-06-21,Loja 002,SKU-8003,Sacola delivery pct 100un,pct,6
2026-06-21,Loja 002,SKU-8004,Guardanapo pct 1000un,pct,4
2026-06-21,Loja 003,SKU-1001,Hamburguer bovino 180g cx 24un,cx,12
2026-06-21,Loja 003,SKU-1002,File de frango congelado 2kg,pct,21
2026-06-21,Loja 003,SKU-1003,Bacon fatiado 1kg,pct,8
2026-06-21,Loja 003,SKU-1004,Linguica toscana 3kg,pct,8
2026-06-21,Loja 003,SKU-2001,Pao de hamburguer pct 12un,pct,27
2026-06-21,Loja 003,SKU-2002,Pao brioche pct 12un,pct,14
2026-06-21,Loja 003,SKU-3001,Queijo cheddar fatiado 1kg,pct,18
2026-06-21,Loja 003,SKU-3002,Queijo mussarela 5kg,pct,13
2026-06-21,Loja 003,SKU-3003,"Requeijao cremoso 1,5kg",pt,5
2026-06-21,Loja 003,SKU-3004,Manteiga 500g,un,9
2026-06-21,Loja 003,SKU-4001,"Batata pre-frita congelada 2,5kg",pct,28
2026-06-21,Loja 003,SKU-4002,Anel de cebola congelado 1kg,pct,5
2026-06-21,Loja 003,SKU-4003,Nuggets congelado 2kg,pct,7
2026-06-21,Loja 003,SKU-5001,Oleo de soja 900ml cx 20un,cx,4
2026-06-21,Loja 003,SKU-5002,"Ketchup galao 3,2kg",gl,3
2026-06-21,Loja 003,SKU-5003,Maionese galao 3kg,gl,3
2026-06-21,Loja 003,SKU-5004,Mostarda galao 3kg,gl,2
2026-06-21,Loja 003,SKU-5005,Sal refinado 1kg,un,2
2026-06-21,Loja 003,SKU-6001,Alface americana un,un,25
2026-06-21,Loja 003,SKU-6002,Tomate salada kg,kg,24.9
2026-06-21,Loja 003,SKU-6003,Cebola kg,kg,21.3
2026-06-21,Loja 003,SKU-6004,Picles fatiado 2kg,pt,3
2026-06-21,Loja 003,SKU-7001,Refrigerante lata cx 24un,cx,15
2026-06-21,Loja 003,SKU-7002,Refrigerante 2L cx 6un,cx,6
2026-06-21,Loja 003,SKU-7003,Suco caixinha cx 12un,cx,5
2026-06-21,Loja 003,SKU-7004,Agua mineral 500ml cx 12un,cx,8
2026-06-21,Loja 003,SKU-8001,Embalagem sanduiche pct 100un,pct,22
2026-06-21,Loja 003,SKU-8002,Copo 400ml pct 50un,pct,10
2026-06-21,Loja 003,SKU-8003,Sacola delivery pct 100un,pct,11
2026-06-21,Loja 003,SKU-8004,Guardanapo pct 1000un,pct,6
2026-06-22,Loja 001,SKU-1001,Hamburguer bovino 180g cx 24un,cx,8
2026-06-22,Loja 001,SKU-1002,File de frango congelado 2kg,pct,10
2026-06-22,Loja 001,SKU-1003,Bacon fatiado 1kg,pct,5
2026-06-22,Loja 001,SKU-1004,Linguica toscana 3kg,pct,5
2026-06-22,Loja 001,SKU-2001,Pao de hamburguer pct 12un,pct,12
2026-06-22,Loja 001,SKU-2002,Pao brioche pct 12un,pct,8
2026-06-22,Loja 001,SKU-3001,Queijo cheddar fatiado 1kg,pct,8
2026-06-22,Loja 001,SKU-3002,Queijo mussarela 5kg,pct,8
2026-06-22,Loja 001,SKU-3003,"Requeijao cremoso 1,5kg",pt,3
2026-06-22,Loja 001,SKU-3004,Manteiga 500g,un,4
2026-06-22,Loja 001,SKU-4001,"Batata pre-frita congelada 2,5kg",pct,20
2026-06-22,Loja 001,SKU-4002,Anel de cebola congelado 1kg,pct,3
2026-06-22,Loja 001,SKU-4003,Nuggets congelado 2kg,pct,3
2026-06-22,Loja 001,SKU-5001,Oleo de soja 900ml cx 20un,cx,2
2026-06-22,Loja 001,SKU-5002,"Ketchup galao 3,2kg",gl,2
2026-06-22,Loja 001,SKU-5003,Maionese galao 3kg,gl,2
2026-06-22,Loja 001,SKU-5004,Mostarda galao 3kg,gl,1
2026-06-22,Loja 001,SKU-5005,Sal refinado 1kg,un,1
2026-06-22,Loja 001,SKU-6001,Alface americana un,un,23
2026-06-22,Loja 001,SKU-6002,Tomate salada kg,kg,15.1
2026-06-22,Loja 001,SKU-6003,Cebola kg,kg,8.6
2026-06-22,Loja 001,SKU-6004,Picles fatiado 2kg,pt,2
2026-06-22,Loja 001,SKU-7001,Refrigerante lata cx 24un,cx,7
2026-06-22,Loja 001,SKU-7002,Refrigerante 2L cx 6un,cx,4
2026-06-22,Loja 001,SKU-7003,Suco caixinha cx 12un,cx,2
2026-06-22,Loja 001,SKU-7004,Agua mineral 500ml cx 12un,cx,5
2026-06-22,Loja 001,SKU-8001,Embalagem sanduiche pct 100un,pct,11
2026-06-22,Loja 001,SKU-8002,Copo 400ml pct 50un,pct,9
2026-06-22,Loja 001,SKU-8003,Sacola delivery pct 100un,pct,6
2026-06-22,Loja 001,SKU-8004,Guardanapo pct 1000un,pct,3
2026-06-22,Loja 002,SKU-1001,Hamburguer bovino 180g cx 24un,cx,4
2026-06-22,Loja 002,SKU-1002,File de frango congelado 2kg,pct,10
2026-06-22,Loja 002,SKU-1003,Bacon fatiado 1kg,pct,4
2026-06-22,Loja 002,SKU-1004,Linguica toscana 3kg,pct,2
2026-06-22,Loja 002,SKU-2001,Pao de hamburguer pct 12un,pct,18
2026-06-22,Loja 002,SKU-2002,Pao brioche pct 12un,pct,7
2026-06-22,Loja 002,SKU-3001,Queijo cheddar fatiado 1kg,pct,6
2026-06-22,Loja 002,SKU-3002,Queijo mussarela 5kg,pct,5
2026-06-22,Loja 002,SKU-3003,"Requeijao cremoso 1,5kg",pt,2
2026-06-22,Loja 002,SKU-3004,Manteiga 500g,un,3
2026-06-22,Loja 002,SKU-4001,"Batata pre-frita congelada 2,5kg",pct,14
2026-06-22,Loja 002,SKU-4002,Anel de cebola congelado 1kg,pct,2
2026-06-22,Loja 002,SKU-4003,Nuggets congelado 2kg,pct,3
2026-06-22,Loja 002,SKU-5001,Oleo de soja 900ml cx 20un,cx,2
2026-06-22,Loja 002,SKU-5002,"Ketchup galao 3,2kg",gl,1
2026-06-22,Loja 002,SKU-5003,Maionese galao 3kg,gl,2
2026-06-22,Loja 002,SKU-5004,Mostarda galao 3kg,gl,1
2026-06-22,Loja 002,SKU-5005,Sal refinado 1kg,un,1
2026-06-22,Loja 002,SKU-6001,Alface americana un,un,22
2026-06-22,Loja 002,SKU-6002,Tomate salada kg,kg,16.0
2026-06-22,Loja 002,SKU-6003,Cebola kg,kg,6.1
2026-06-22,Loja 002,SKU-6004,Picles fatiado 2kg,pt,2
2026-06-22,Loja 002,SKU-7001,Refrigerante lata cx 24un,cx,6
2026-06-22,Loja 002,SKU-7002,Refrigerante 2L cx 6un,cx,2
2026-06-22,Loja 002,SKU-7003,Suco caixinha cx 12un,cx,2
2026-06-22,Loja 002,SKU-7004,Agua mineral 500ml cx 12un,cx,3
2026-06-22,Loja 002,SKU-8001,Embalagem sanduiche pct 100un,pct,7
2026-06-22,Loja 002,SKU-8002,Copo 400ml pct 50un,pct,5
2026-06-22,Loja 002,SKU-8003,Sacola delivery pct 100un,pct,4
2026-06-22,Loja 002,SKU-8004,Guardanapo pct 1000un,pct,3
2026-06-22,Loja 003,SKU-1001,Hamburguer bovino 180g cx 24un,cx,8
2026-06-22,Loja 003,SKU-1002,File de frango congelado 2kg,pct,14
2026-06-22,Loja 003,SKU-1003,Bacon fatiado 1kg,pct,7
2026-06-22,Loja 003,SKU-1004,Linguica toscana 3kg,pct,6
2026-06-22,Loja 003,SKU-2001,Pao de hamburguer pct 12un,pct,20
2026-06-22,Loja 003,SKU-2002,Pao brioche pct 12un,pct,8
2026-06-22,Loja 003,SKU-3001,Queijo cheddar fatiado 1kg,pct,13
2026-06-22,Loja 003,SKU-3002,Queijo mussarela 5kg,pct,9
2026-06-22,Loja 003,SKU-3003,"Requeijao cremoso 1,5kg",pt,4
2026-06-22,Loja 003,SKU-3004,Manteiga 500g,un,5
2026-06-22,Loja 003,SKU-4001,"Batata pre-frita congelada 2,5kg",pct,22
2026-06-22,Loja 003,SKU-4002,Anel de cebola congelado 1kg,pct,4
2026-06-22,Loja 003,SKU-4003,Nuggets congelado 2kg,pct,5
2026-06-22,Loja 003,SKU-5001,Oleo de soja 900ml cx 20un,cx,3
2026-06-22,Loja 003,SKU-5002,"Ketchup galao 3,2kg",gl,3
2026-06-22,Loja 003,SKU-5003,Maionese galao 3kg,gl,3
2026-06-22,Loja 003,SKU-5004,Mostarda galao 3kg,gl,1
2026-06-22,Loja 003,SKU-5005,Sal refinado 1kg,un,1
2026-06-22,Loja 003,SKU-6001,Alface americana un,un,31
2026-06-22,Loja 003,SKU-6002,Tomate salada kg,kg,18.8
2026-06-22,Loja 003,SKU-6003,Cebola kg,kg,11.6
2026-06-22,Loja 003,SKU-6004,Picles fatiado 2kg,pt,3
2026-06-22,Loja 003,SKU-7001,Refrigerante lata cx 24un,cx,9
2026-06-22,Loja 003,SKU-7002,Refrigerante 2L cx 6un,cx,5
2026-06-22,Loja 003,SKU-7003,Suco caixinha cx 12un,cx,4
2026-06-22,Loja 003,SKU-7004,Agua mineral 500ml cx 12un,cx,7
2026-06-22,Loja 003,SKU-8001,Embalagem sanduiche pct 100un,pct,16
2026-06-22,Loja 003,SKU-8002,Copo 400ml pct 50un,pct,9
2026-06-22,Loja 003,SKU-8003,Sacola delivery pct 100un,pct,8
2026-06-22,Loja 003,SKU-8004,Guardanapo pct 1000un,pct,5
2026-06-23,Loja 001,SKU-1001,Hamburguer bovino 180g cx 24un,cx,9
2026-06-23,Loja 001,SKU-1002,File de frango congelado 2kg,pct,12
2026-06-23,Loja 001,SKU-1003,Bacon fatiado 1kg,pct,7
2026-06-23,Loja 001,SKU-1004,Linguica toscana 3kg,pct,5
2026-06-23,Loja 001,SKU-2001,Pao de hamburguer pct 12un,pct,23
2026-06-23,Loja 001,SKU-2002,Pao brioche pct 12un,pct,8
2026-06-23,Loja 001,SKU-3001,Queijo cheddar fatiado 1kg,pct,11
2026-06-23,Loja 001,SKU-3002,Queijo mussarela 5kg,pct,7
2026-06-23,Loja 001,SKU-3003,"Requeijao cremoso 1,5kg",pt,3
2026-06-23,Loja 001,SKU-3004,Manteiga 500g,un,4
2026-06-23,Loja 001,SKU-4001,"Batata pre-frita congelada 2,5kg",pct,17
2026-06-23,Loja 001,SKU-4002,Anel de cebola congelado 1kg,pct,2
2026-06-23,Loja 001,SKU-4003,Nuggets congelado 2kg,pct,4
2026-06-23,Loja 001,SKU-5001,Oleo de soja 900ml cx 20un,cx,3
2026-06-23,Loja 001,SKU-5002,"Ketchup galao 3,2kg",gl,2
2026-06-23,Loja 001,SKU-5003,Maionese galao 3kg,gl,2
2026-06-23,Loja 001,SKU-5004,Mostarda galao 3kg,gl,1
2026-06-23,Loja 001,SKU-5005,Sal refinado 1kg,un,1
2026-06-23,Loja 001,SKU-6001,Alface americana un,un,20
2026-06-23,Loja 001,SKU-6002,Tomate salada kg,kg,17.2
2026-06-23,Loja 001,SKU-6003,Cebola kg,kg,12.1
2026-06-23,Loja 001,SKU-6004,Picles fatiado 2kg,pt,2
2026-06-23,Loja 001,SKU-7001,Refrigerante lata cx 24un,cx,8
2026-06-23,Loja 001,SKU-7002,Refrigerante 2L cx 6un,cx,4
2026-06-23,Loja 001,SKU-7003,Suco caixinha cx 12un,cx,3
2026-06-23,Loja 001,SKU-7004,Agua mineral 500ml cx 12un,cx,5
2026-06-23,Loja 001,SKU-8001,Embalagem sanduiche pct 100un,pct,14
2026-06-23,Loja 001,SKU-8002,Copo 400ml pct 50un,pct,8
2026-06-23,Loja 001,SKU-8003,Sacola delivery pct 100un,pct,6
2026-06-23,Loja 001,SKU-8004,Guardanapo pct 1000un,pct,3
2026-06-23,Loja 002,SKU-1001,Hamburguer bovino 180g cx 24un,cx,5
2026-06-23,Loja 002,SKU-1002,File de frango congelado 2kg,pct,11
2026-06-23,Loja 002,SKU-1003,Bacon fatiado 1kg,pct,4
2026-06-23,Loja 002,SKU-1004,Linguica toscana 3kg,pct,3
2026-06-23,Loja 002,SKU-2001,Pao de hamburguer pct 12un,pct,14
2026-06-23,Loja 002,SKU-2002,Pao brioche pct 12un,pct,7
2026-06-23,Loja 002,SKU-3001,Queijo cheddar fatiado 1kg,pct,9
2026-06-23,Loja 002,SKU-3002,Queijo mussarela 5kg,pct,5
2026-06-23,Loja 002,SKU-3003,"Requeijao cremoso 1,5kg",pt,2
2026-06-23,Loja 002,SKU-3004,Manteiga 500g,un,3
2026-06-23,Loja 002,SKU-4001,"Batata pre-frita congelada 2,5kg",pct,12
2026-06-23,Loja 002,SKU-4002,Anel de cebola congelado 1kg,pct,3
2026-06-23,Loja 002,SKU-4003,Nuggets congelado 2kg,pct,3
2026-06-23,Loja 002,SKU-5001,Oleo de soja 900ml cx 20un,cx,2
2026-06-23,Loja 002,SKU-5002,"Ketchup galao 3,2kg",gl,1
2026-06-23,Loja 002,SKU-5003,Maionese galao 3kg,gl,1
2026-06-23,Loja 002,SKU-5004,Mostarda galao 3kg,gl,1
2026-06-23,Loja 002,SKU-5005,Sal refinado 1kg,un,1
2026-06-23,Loja 002,SKU-6001,Alface americana un,un,15
2026-06-23,Loja 002,SKU-6002,Tomate salada kg,kg,12.2
2026-06-23,Loja 002,SKU-6003,Cebola kg,kg,8.9
2026-06-23,Loja 002,SKU-6004,Picles fatiado 2kg,pt,2
2026-06-23,Loja 002,SKU-7001,Refrigerante lata cx 24un,cx,5
2026-06-23,Loja 002,SKU-7002,Refrigerante 2L cx 6un,cx,2
2026-06-23,Loja 002,SKU-7003,Suco caixinha cx 12un,cx,2
2026-06-23,Loja 002,SKU-7004,Agua mineral 500ml cx 12un,cx,4
2026-06-23,Loja 002,SKU-8001,Embalagem sanduiche pct 100un,pct,10
2026-06-23,Loja 002,SKU-8002,Copo 400ml pct 50un,pct,5
2026-06-23,Loja 002,SKU-8003,Sacola delivery pct 100un,pct,5
2026-06-23,Loja 002,SKU-8004,Guardanapo pct 1000un,pct,2
2026-06-23,Loja 003,SKU-1001,Hamburguer bovino 180g cx 24un,cx,8
2026-06-23,Loja 003,SKU-1002,File de frango congelado 2kg,pct,20
2026-06-23,Loja 003,SKU-1003,Bacon fatiado 1kg,pct,8
2026-06-23,Loja 003,SKU-1004,Linguica toscana 3kg,pct,6
2026-06-23,Loja 003,SKU-2001,Pao de hamburguer pct 12un,pct,17
2026-06-23,Loja 003,SKU-2002,Pao brioche pct 12un,pct,16
2026-06-23,Loja 003,SKU-3001,Queijo cheddar fatiado 1kg,pct,13
2026-06-23,Loja 003,SKU-3002,Queijo mussarela 5kg,pct,8
2026-06-23,Loja 003,SKU-3003,"Requeijao cremoso 1,5kg",pt,4
2026-06-23,Loja 003,SKU-3004,Manteiga 500g,un,7
2026-06-23,Loja 003,SKU-4001,"Batata pre-frita congelada 2,5kg",pct,24
2026-06-23,Loja 003,SKU-4002,Anel de cebola congelado 1kg,pct,3
2026-06-23,Loja 003,SKU-4003,Nuggets congelado 2kg,pct,4
2026-06-23,Loja 003,SKU-5001,Oleo de soja 900ml cx 20un,cx,4
2026-06-23,Loja 003,SKU-5002,"Ketchup galao 3,2kg",gl,2
2026-06-23,Loja 003,SKU-5003,Maionese galao 3kg,gl,3
2026-06-23,Loja 003,SKU-5004,Mostarda galao 3kg,gl,2
2026-06-23,Loja 003,SKU-5005,Sal refinado 1kg,un,1
2026-06-23,Loja 003,SKU-6001,Alface americana un,un,28
2026-06-23,Loja 003,SKU-6002,Tomate salada kg,kg,24.9
2026-06-23,Loja 003,SKU-6003,Cebola kg,kg,14.7
2026-06-23,Loja 003,SKU-6004,Picles fatiado 2kg,pt,3
2026-06-23,Loja 003,SKU-7001,Refrigerante lata cx 24un,cx,13
2026-06-23,Loja 003,SKU-7002,Refrigerante 2L cx 6un,cx,4
2026-06-23,Loja 003,SKU-7003,Suco caixinha cx 12un,cx,3
2026-06-23,Loja 003,SKU-7004,Agua mineral 500ml cx 12un,cx,6
2026-06-23,Loja 003,SKU-8001,Embalagem sanduiche pct 100un,pct,18
2026-06-23,Loja 003,SKU-8002,Copo 400ml pct 50un,pct,8
2026-06-23,Loja 003,SKU-8003,Sacola delivery pct 100un,pct,9
2026-06-23,Loja 003,SKU-8004,Guardanapo pct 1000un,pct,4
2026-06-24,Loja 001,SKU-1001,Hamburguer bovino 180g cx 24un,cx,8
2026-06-24,Loja 001,SKU-1002,File de frango congelado 2kg,pct,14
2026-06-24,Loja 001,SKU-1003,Bacon fatiado 1kg,pct,7
2026-06-24,Loja 001,SKU-1004,Linguica toscana 3kg,pct,5
2026-06-24,Loja 001,SKU-2001,Pao de hamburguer pct 12un,pct,23
2026-06-24,Loja 001,SKU-2002,Pao brioche pct 12un,pct,10
2026-06-24,Loja 001,SKU-3001,Queijo cheddar fatiado 1kg,pct,13
2026-06-24,Loja 001,SKU-3002,Queijo mussarela 5kg,pct,8
2026-06-24,Loja 001,SKU-3003,"Requeijao cremoso 1,5kg",pt,4
2026-06-24,Loja 001,SKU-3004,Manteiga 500g,un,5
2026-06-24,Loja 001,SKU-4001,"Batata pre-frita congelada 2,5kg",pct,14
2026-06-24,Loja 001,SKU-4002,Anel de cebola congelado 1kg,pct,3
2026-06-24,Loja 001,SKU-4003,Nuggets congelado 2kg,pct,4
2026-06-24,Loja 001,SKU-5001,Oleo de soja 900ml cx 20un,cx,3
2026-06-24,Loja 001,SKU-5002,"Ketchup galao 3,2kg",gl,2
2026-06-24,Loja 001,SKU-5003,Maionese galao 3kg,gl,3
2026-06-24,Loja 001,SKU-5004,Mostarda galao 3kg,gl,1
2026-06-24,Loja 001,SKU-5005,Sal refinado 1kg,un,1
2026-06-24,Loja 001,SKU-6001,Alface americana un,un,31
2026-06-24,Loja 001,SKU-6002,Tomate salada kg,kg,18.3
2026-06-24,Loja 001,SKU-6003,Cebola kg,kg,12.3
2026-06-24,Loja 001,SKU-6004,Picles fatiado 2kg,pt,2
2026-06-24,Loja 001,SKU-7001,Refrigerante lata cx 24un,cx,10
2026-06-24,Loja 001,SKU-7002,Refrigerante 2L cx 6un,cx,4
2026-06-24,Loja 001,SKU-7003,Suco caixinha cx 12un,cx,4
2026-06-24,Loja 001,SKU-7004,Agua mineral 500ml cx 12un,cx,6
2026-06-24,Loja 001,SKU-8001,Embalagem sanduiche pct 100un,pct,12
2026-06-24,Loja 001,SKU-8002,Copo 400ml pct 50un,pct,8
2026-06-24,Loja 001,SKU-8003,Sacola delivery pct 100un,pct,7
2026-06-24,Loja 001,SKU-8004,Guardanapo pct 1000un,pct,4
2026-06-24,Loja 002,SKU-1001,Hamburguer bovino 180g cx 24un,cx,5
2026-06-24,Loja 002,SKU-1002,File de frango congelado 2kg,pct,8
2026-06-24,Loja 002,SKU-1003,Bacon fatiado 1kg,pct,5
2026-06-24,Loja 002,SKU-1004,Linguica toscana 3kg,pct,4
2026-06-24,Loja 002,SKU-2001,Pao de hamburguer pct 12un,pct,14
2026-06-24,Loja 002,SKU-2002,Pao brioche pct 12un,pct,7
2026-06-24,Loja 002,SKU-3001,Queijo cheddar fatiado 1kg,pct,9
2026-06-24,Loja 002,SKU-3002,Queijo mussarela 5kg,pct,5
2026-06-24,Loja 002,SKU-3003,"Requeijao cremoso 1,5kg",pt,2
2026-06-24,Loja 002,SKU-3004,Manteiga 500g,un,3
2026-06-24,Loja 002,SKU-4001,"Batata pre-frita congelada 2,5kg",pct,16
2026-06-24,Loja 002,SKU-4002,Anel de cebola congelado 1kg,pct,2
2026-06-24,Loja 002,SKU-4003,Nuggets congelado 2kg,pct,2
2026-06-24,Loja 002,SKU-5001,Oleo de soja 900ml cx 20un,cx,2
2026-06-24,Loja 002,SKU-5002,"Ketchup galao 3,2kg",gl,1
2026-06-24,Loja 002,SKU-5003,Maionese galao 3kg,gl,2
2026-06-24,Loja 002,SKU-5004,Mostarda galao 3kg,gl,1
2026-06-24,Loja 002,SKU-5005,Sal refinado 1kg,un,1
2026-06-24,Loja 002,SKU-6001,Alface americana un,un,18
2026-06-24,Loja 002,SKU-6002,Tomate salada kg,kg,18.6
2026-06-24,Loja 002,SKU-6003,Cebola kg,kg,9.2
2026-06-24,Loja 002,SKU-6004,Picles fatiado 2kg,pt,2
2026-06-24,Loja 002,SKU-7001,Refrigerante lata cx 24un,cx,7
2026-06-24,Loja 002,SKU-7002,Refrigerante 2L cx 6un,cx,3
2026-06-24,Loja 002,SKU-7003,Suco caixinha cx 12un,cx,2
2026-06-24,Loja 002,SKU-7004,Agua mineral 500ml cx 12un,cx,3
2026-06-24,Loja 002,SKU-8001,Embalagem sanduiche pct 100un,pct,7
2026-06-24,Loja 002,SKU-8002,Copo 400ml pct 50un,pct,5
2026-06-24,Loja 002,SKU-8003,Sacola delivery pct 100un,pct,4
2026-06-24,Loja 002,SKU-8004,Guardanapo pct 1000un,pct,3
2026-06-24,Loja 003,SKU-1001,Hamburguer bovino 180g cx 24un,cx,10
2026-06-24,Loja 003,SKU-1002,File de frango congelado 2kg,pct,20
2026-06-24,Loja 003,SKU-1003,Bacon fatiado 1kg,pct,9
2026-06-24,Loja 003,SKU-1004,Linguica toscana 3kg,pct,7
2026-06-24,Loja 003,SKU-2001,Pao de hamburguer pct 12un,pct,31
2026-06-24,Loja 003,SKU-2002,Pao brioche pct 12un,pct,16
2026-06-24,Loja 003,SKU-3001,Queijo cheddar fatiado 1kg,pct,14
2026-06-24,Loja 003,SKU-3002,Queijo mussarela 5kg,pct,11
2026-06-24,Loja 003,SKU-3003,"Requeijao cremoso 1,5kg",pt,4
2026-06-24,Loja 003,SKU-3004,Manteiga 500g,un,6
2026-06-24,Loja 003,SKU-4001,"Batata pre-frita congelada 2,5kg",pct,22
2026-06-24,Loja 003,SKU-4002,Anel de cebola congelado 1kg,pct,4
2026-06-24,Loja 003,SKU-4003,Nuggets congelado 2kg,pct,5
2026-06-24,Loja 003,SKU-5001,Oleo de soja 900ml cx 20un,cx,4
2026-06-24,Loja 003,SKU-5002,"Ketchup galao 3,2kg",gl,2
2026-06-24,Loja 003,SKU-5003,Maionese galao 3kg,gl,3
2026-06-24,Loja 003,SKU-5004,Mostarda galao 3kg,gl,2
2026-06-24,Loja 003,SKU-5005,Sal refinado 1kg,un,2
2026-06-24,Loja 003,SKU-6001,Alface americana un,un,43
2026-06-24,Loja 003,SKU-6002,Tomate salada kg,kg,25.6
2026-06-24,Loja 003,SKU-6003,Cebola kg,kg,19.3
2026-06-24,Loja 003,SKU-6004,Picles fatiado 2kg,pt,4
2026-06-24,Loja 003,SKU-7001,Refrigerante lata cx 24un,cx,14
2026-06-24,Loja 003,SKU-7002,Refrigerante 2L cx 6un,cx,6
2026-06-24,Loja 003,SKU-7003,Suco caixinha cx 12un,cx,3
2026-06-24,Loja 003,SKU-7004,Agua mineral 500ml cx 12un,cx,6
2026-06-24,Loja 003,SKU-8001,Embalagem sanduiche pct 100un,pct,16
2026-06-24,Loja 003,SKU-8002,Copo 400ml pct 50un,pct,11
2026-06-24,Loja 003,SKU-8003,Sacola delivery pct 100un,pct,8
2026-06-24,Loja 003,SKU-8004,Guardanapo pct 1000un,pct,5
2026-06-25,Loja 001,SKU-1001,Hamburguer bovino 180g cx 24un,cx,10
2026-06-25,Loja 001,SKU-1002,File de frango congelado 2kg,pct,18
2026-06-25,Loja 001,SKU-1003,Bacon fatiado 1kg,pct,7
2026-06-25,Loja 001,SKU-1004,Linguica toscana 3kg,pct,5
2026-06-25,Loja 001,SKU-2001,Pao de hamburguer pct 12un,pct,34
2026-06-25,Loja 001,SKU-2002,Pao brioche pct 12un,pct,11
2026-06-25,Loja 001,SKU-3001,Queijo cheddar fatiado 1kg,pct,12
2026-06-25,Loja 001,SKU-3002,Queijo mussarela 5kg,pct,6
2026-06-25,Loja 001,SKU-3003,"Requeijao cremoso 1,5kg",pt,4
2026-06-25,Loja 001,SKU-3004,Manteiga 500g,un,6
2026-06-25,Loja 001,SKU-4001,"Batata pre-frita congelada 2,5kg",pct,17
2026-06-25,Loja 001,SKU-4002,Anel de cebola congelado 1kg,pct,3
2026-06-25,Loja 001,SKU-4003,Nuggets congelado 2kg,pct,5
2026-06-25,Loja 001,SKU-5001,Oleo de soja 900ml cx 20un,cx,2
2026-06-25,Loja 001,SKU-5002,"Ketchup galao 3,2kg",gl,3
2026-06-25,Loja 001,SKU-5003,Maionese galao 3kg,gl,4
2026-06-25,Loja 001,SKU-5004,Mostarda galao 3kg,gl,2
2026-06-25,Loja 001,SKU-5005,Sal refinado 1kg,un,2
2026-06-25,Loja 001,SKU-6001,Alface americana un,un,31
2026-06-25,Loja 001,SKU-6002,Tomate salada kg,kg,19.7
2026-06-25,Loja 001,SKU-6003,Cebola kg,kg,14.1
2026-06-25,Loja 001,SKU-6004,Picles fatiado 2kg,pt,2
2026-06-25,Loja 001,SKU-7001,Refrigerante lata cx 24un,cx,13
2026-06-25,Loja 001,SKU-7002,Refrigerante 2L cx 6un,cx,5
2026-06-25,Loja 001,SKU-7003,Suco caixinha cx 12un,cx,3
2026-06-25,Loja 001,SKU-7004,Agua mineral 500ml cx 12un,cx,7
2026-06-25,Loja 001,SKU-8001,Embalagem sanduiche pct 100un,pct,17
2026-06-25,Loja 001,SKU-8002,Copo 400ml pct 50un,pct,7
2026-06-25,Loja 001,SKU-8003,Sacola delivery pct 100un,pct,8
2026-06-25,Loja 001,SKU-8004,Guardanapo pct 1000un,pct,4
2026-06-25,Loja 002,SKU-1001,Hamburguer bovino 180g cx 24un,cx,7
2026-06-25,Loja 002,SKU-1002,File de frango congelado 2kg,pct,10
2026-06-25,Loja 002,SKU-1003,Bacon fatiado 1kg,pct,5
2026-06-25,Loja 002,SKU-1004,Linguica toscana 3kg,pct,4
2026-06-25,Loja 002,SKU-2001,Pao de hamburguer pct 12un,pct,19
2026-06-25,Loja 002,SKU-2002,Pao brioche pct 12un,pct,9
2026-06-25,Loja 002,SKU-3001,Queijo cheddar fatiado 1kg,pct,10
2026-06-25,Loja 002,SKU-3002,Queijo mussarela 5kg,pct,6
2026-06-25,Loja 002,SKU-3003,"Requeijao cremoso 1,5kg",pt,3
2026-06-25,Loja 002,SKU-3004,Manteiga 500g,un,3
2026-06-25,Loja 002,SKU-4001,"Batata pre-frita congelada 2,5kg",pct,18
2026-06-25,Loja 002,SKU-4002,Anel de cebola congelado 1kg,pct,2
2026-06-25,Loja 002,SKU-4003,Nuggets congelado 2kg,pct,3
2026-06-25,Loja 002,SKU-5001,Oleo de soja 900ml cx 20un,cx,2
2026-06-25,Loja 002,SKU-5002,"Ketchup galao 3,2kg",gl,2
2026-06-25,Loja 002,SKU-5003,Maionese galao 3kg,gl,2
2026-06-25,Loja 002,SKU-5004,Mostarda galao 3kg,gl,1
2026-06-25,Loja 002,SKU-5005,Sal refinado 1kg,un,1
2026-06-25,Loja 002,SKU-6001,Alface americana un,un,24
2026-06-25,Loja 002,SKU-6002,Tomate salada kg,kg,12.8
2026-06-25,Loja 002,SKU-6003,Cebola kg,kg,12.7
2026-06-25,Loja 002,SKU-6004,Picles fatiado 2kg,pt,1
2026-06-25,Loja 002,SKU-7001,Refrigerante lata cx 24un,cx,7
2026-06-25,Loja 002,SKU-7002,Refrigerante 2L cx 6un,cx,3
2026-06-25,Loja 002,SKU-7003,Suco caixinha cx 12un,cx,2
2026-06-25,Loja 002,SKU-7004,Agua mineral 500ml cx 12un,cx,5
2026-06-25,Loja 002,SKU-8001,Embalagem sanduiche pct 100un,pct,11
2026-06-25,Loja 002,SKU-8002,Copo 400ml pct 50un,pct,8
2026-06-25,Loja 002,SKU-8003,Sacola delivery pct 100un,pct,5
2026-06-25,Loja 002,SKU-8004,Guardanapo pct 1000un,pct,3
2026-06-25,Loja 003,SKU-1001,Hamburguer bovino 180g cx 24un,cx,13
2026-06-25,Loja 003,SKU-1002,File de frango congelado 2kg,pct,21
2026-06-25,Loja 003,SKU-1003,Bacon fatiado 1kg,pct,10
2026-06-25,Loja 003,SKU-1004,Linguica toscana 3kg,pct,5
2026-06-25,Loja 003,SKU-2001,Pao de hamburguer pct 12un,pct,38
2026-06-25,Loja 003,SKU-2002,Pao brioche pct 12un,pct,12
2026-06-25,Loja 003,SKU-3001,Queijo cheddar fatiado 1kg,pct,17
2026-06-25,Loja 003,SKU-3002,Queijo mussarela 5kg,pct,12
2026-06-25,Loja 003,SKU-3003,"Requeijao cremoso 1,5kg",pt,6
2026-06-25,Loja 003,SKU-3004,Manteiga 500g,un,9
2026-06-25,Loja 003,SKU-4001,"Batata pre-frita congelada 2,5kg",pct,27
2026-06-25,Loja 003,SKU-4002,Anel de cebola congelado 1kg,pct,5
2026-06-25,Loja 003,SKU-4003,Nuggets congelado 2kg,pct,6
2026-06-25,Loja 003,SKU-5001,Oleo de soja 900ml cx 20un,cx,4
2026-06-25,Loja 003,SKU-5002,"Ketchup galao 3,2kg",gl,3
2026-06-25,Loja 003,SKU-5003,Maionese galao 3kg,gl,3
2026-06-25,Loja 003,SKU-5004,Mostarda galao 3kg,gl,2
2026-06-25,Loja 003,SKU-5005,Sal refinado 1kg,un,2
2026-06-25,Loja 003,SKU-6001,Alface americana un,un,41
2026-06-25,Loja 003,SKU-6002,Tomate salada kg,kg,31.3
2026-06-25,Loja 003,SKU-6003,Cebola kg,kg,18.7
2026-06-25,Loja 003,SKU-6004,Picles fatiado 2kg,pt,2
2026-06-25,Loja 003,SKU-7001,Refrigerante lata cx 24un,cx,13
2026-06-25,Loja 003,SKU-7002,Refrigerante 2L cx 6un,cx,5
2026-06-25,Loja 003,SKU-7003,Suco caixinha cx 12un,cx,5
2026-06-25,Loja 003,SKU-7004,Agua mineral 500ml cx 12un,cx,8
2026-06-25,Loja 003,SKU-8001,Embalagem sanduiche pct 100un,pct,21
2026-06-25,Loja 003,SKU-8002,Copo 400ml pct 50un,pct,11
2026-06-25,Loja 003,SKU-8003,Sacola delivery pct 100un,pct,8
2026-06-25,Loja 003,SKU-8004,Guardanapo pct 1000un,pct,6
2026-06-26,Loja 001,SKU-1001,Hamburguer bovino 180g cx 24un,cx,14
2026-06-26,Loja 001,SKU-1002,File de frango congelado 2kg,pct,15
2026-06-26,Loja 001,SKU-1003,Bacon fatiado 1kg,pct,11
2026-06-26,Loja 001,SKU-1004,Linguica toscana 3kg,pct,5
2026-06-26,Loja 001,SKU-2001,Pao de hamburguer pct 12un,pct,32
2026-06-26,Loja 001,SKU-2002,Pao brioche pct 12un,pct,18
2026-06-26,Loja 001,SKU-3001,Queijo cheddar fatiado 1kg,pct,16
2026-06-26,Loja 001,SKU-3002,Queijo mussarela 5kg,pct,12
2026-06-26,Loja 001,SKU-3003,"Requeijao cremoso 1,5kg",pt,5
2026-06-26,Loja 001,SKU-3004,Manteiga 500g,un,8
2026-06-26,Loja 001,SKU-4001,"Batata pre-frita congelada 2,5kg",pct,23
2026-06-26,Loja 001,SKU-4002,Anel de cebola congelado 1kg,pct,5
2026-06-26,Loja 001,SKU-4003,Nuggets congelado 2kg,pct,6
2026-06-26,Loja 001,SKU-5001,Oleo de soja 900ml cx 20un,cx,3
2026-06-26,Loja 001,SKU-5002,"Ketchup galao 3,2kg",gl,4
2026-06-26,Loja 001,SKU-5003,Maionese galao 3kg,gl,4
2026-06-26,Loja 001,SKU-5004,Mostarda galao 3kg,gl,2
2026-06-26,Loja 001,SKU-5005,Sal refinado 1kg,un,2
2026-06-26,Loja 001,SKU-6001,Alface americana un,un,38
2026-06-26,Loja 001,SKU-6002,Tomate salada kg,kg,17.7
2026-06-26,Loja 001,SKU-6003,Cebola kg,kg,15.5
2026-06-26,Loja 001,SKU-6004,Picles fatiado 2kg,pt,4
2026-06-26,Loja 001,SKU-7001,Refrigerante lata cx 24un,cx,12
2026-06-26,Loja 001,SKU-7002,Refrigerante 2L cx 6un,cx,5
2026-06-26,Loja 001,SKU-7003,Suco caixinha cx 12un,cx,4
2026-06-26,Loja 001,SKU-7004,Agua mineral 500ml cx 12un,cx,9
2026-06-26,Loja 001,SKU-8001,Embalagem sanduiche pct 100un,pct,18
2026-06-26,Loja 001,SKU-8002,Copo 400ml pct 50un,pct,12
2026-06-26,Loja 001,SKU-8003,Sacola delivery pct 100un,pct,11
2026-06-26,Loja 001,SKU-8004,Guardanapo pct 1000un,pct,5
2026-06-26,Loja 002,SKU-1001,Hamburguer bovino 180g cx 24un,cx,8
2026-06-26,Loja 002,SKU-1002,File de frango congelado 2kg,pct,16
2026-06-26,Loja 002,SKU-1003,Bacon fatiado 1kg,pct,8
2026-06-26,Loja 002,SKU-1004,Linguica toscana 3kg,pct,5
2026-06-26,Loja 002,SKU-2001,Pao de hamburguer pct 12un,pct,19
2026-06-26,Loja 002,SKU-2002,Pao brioche pct 12un,pct,10
2026-06-26,Loja 002,SKU-3001,Queijo cheddar fatiado 1kg,pct,11
2026-06-26,Loja 002,SKU-3002,Queijo mussarela 5kg,pct,8
2026-06-26,Loja 002,SKU-3003,"Requeijao cremoso 1,5kg",pt,3
2026-06-26,Loja 002,SKU-3004,Manteiga 500g,un,4
2026-06-26,Loja 002,SKU-4001,"Batata pre-frita congelada 2,5kg",pct,17
2026-06-26,Loja 002,SKU-4002,Anel de cebola congelado 1kg,pct,3
2026-06-26,Loja 002,SKU-4003,Nuggets congelado 2kg,pct,4
2026-06-26,Loja 002,SKU-5001,Oleo de soja 900ml cx 20un,cx,3
2026-06-26,Loja 002,SKU-5002,"Ketchup galao 3,2kg",gl,2
2026-06-26,Loja 002,SKU-5003,Maionese galao 3kg,gl,3
2026-06-26,Loja 002,SKU-5004,Mostarda galao 3kg,gl,1
2026-06-26,Loja 002,SKU-5005,Sal refinado 1kg,un,1
2026-06-26,Loja 002,SKU-6001,Alface americana un,un,19
2026-06-26,Loja 002,SKU-6002,Tomate salada kg,kg,22.1
2026-06-26,Loja 002,SKU-6003,Cebola kg,kg,15.2
2026-06-26,Loja 002,SKU-6004,Picles fatiado 2kg,pt,2
2026-06-26,Loja 002,SKU-7001,Refrigerante lata cx 24un,cx,11
2026-06-26,Loja 002,SKU-7002,Refrigerante 2L cx 6un,cx,4
2026-06-26,Loja 002,SKU-7003,Suco caixinha cx 12un,cx,3
2026-06-26,Loja 002,SKU-7004,Agua mineral 500ml cx 12un,cx,7
2026-06-26,Loja 002,SKU-8001,Embalagem sanduiche pct 100un,pct,15
2026-06-26,Loja 002,SKU-8002,Copo 400ml pct 50un,pct,10
2026-06-26,Loja 002,SKU-8003,Sacola delivery pct 100un,pct,6
2026-06-26,Loja 002,SKU-8004,Guardanapo pct 1000un,pct,4
2026-06-26,Loja 003,SKU-1001,Hamburguer bovino 180g cx 24un,cx,15
2026-06-26,Loja 003,SKU-1002,File de frango congelado 2kg,pct,23
2026-06-26,Loja 003,SKU-1003,Bacon fatiado 1kg,pct,12
2026-06-26,Loja 003,SKU-1004,Linguica toscana 3kg,pct,9
2026-06-26,Loja 003,SKU-2001,Pao de hamburguer pct 12un,pct,54
2026-06-26,Loja 003,SKU-2002,Pao brioche pct 12un,pct,19
2026-06-26,Loja 003,SKU-3001,Queijo cheddar fatiado 1kg,pct,18
2026-06-26,Loja 003,SKU-3002,Queijo mussarela 5kg,pct,12
2026-06-26,Loja 003,SKU-3003,"Requeijao cremoso 1,5kg",pt,8
2026-06-26,Loja 003,SKU-3004,Manteiga 500g,un,7
2026-06-26,Loja 003,SKU-4001,"Batata pre-frita congelada 2,5kg",pct,40
2026-06-26,Loja 003,SKU-4002,Anel de cebola congelado 1kg,pct,6
2026-06-26,Loja 003,SKU-4003,Nuggets congelado 2kg,pct,10
2026-06-26,Loja 003,SKU-5001,Oleo de soja 900ml cx 20un,cx,5
2026-06-26,Loja 003,SKU-5002,"Ketchup galao 3,2kg",gl,4
2026-06-26,Loja 003,SKU-5003,Maionese galao 3kg,gl,5
2026-06-26,Loja 003,SKU-5004,Mostarda galao 3kg,gl,2
2026-06-26,Loja 003,SKU-5005,Sal refinado 1kg,un,2
2026-06-26,Loja 003,SKU-6001,Alface americana un,un,54
2026-06-26,Loja 003,SKU-6002,Tomate salada kg,kg,46.1
2026-06-26,Loja 003,SKU-6003,Cebola kg,kg,19.8
2026-06-26,Loja 003,SKU-6004,Picles fatiado 2kg,pt,3
2026-06-26,Loja 003,SKU-7001,Refrigerante lata cx 24un,cx,16
2026-06-26,Loja 003,SKU-7002,Refrigerante 2L cx 6un,cx,9
2026-06-26,Loja 003,SKU-7003,Suco caixinha cx 12un,cx,5
2026-06-26,Loja 003,SKU-7004,Agua mineral 500ml cx 12un,cx,10
2026-06-26,Loja 003,SKU-8001,Embalagem sanduiche pct 100un,pct,20
2026-06-26,Loja 003,SKU-8002,Copo 400ml pct 50un,pct,13
2026-06-26,Loja 003,SKU-8003,Sacola delivery pct 100un,pct,12
2026-06-26,Loja 003,SKU-8004,Guardanapo pct 1000un,pct,7
2026-06-27,Loja 001,SKU-1001,Hamburguer bovino 180g cx 24un,cx,13
2026-06-27,Loja 001,SKU-1002,File de frango congelado 2kg,pct,22
2026-06-27,Loja 001,SKU-1003,Bacon fatiado 1kg,pct,12
2026-06-27,Loja 001,SKU-1004,Linguica toscana 3kg,pct,6
2026-06-27,Loja 001,SKU-2001,Pao de hamburguer pct 12un,pct,38
2026-06-27,Loja 001,SKU-2002,Pao brioche pct 12un,pct,11
2026-06-27,Loja 001,SKU-3001,Queijo cheddar fatiado 1kg,pct,16
2026-06-27,Loja 001,SKU-3002,Queijo mussarela 5kg,pct,14
2026-06-27,Loja 001,SKU-3003,"Requeijao cremoso 1,5kg",pt,7
2026-06-27,Loja 001,SKU-3004,Manteiga 500g,un,8
2026-06-27,Loja 001,SKU-4001,"Batata pre-frita congelada 2,5kg",pct,32
2026-06-27,Loja 001,SKU-4002,Anel de cebola congelado 1kg,pct,6
2026-06-27,Loja 001,SKU-4003,Nuggets congelado 2kg,pct,6
2026-06-27,Loja 001,SKU-5001,Oleo de soja 900ml cx 20un,cx,5
2026-06-27,Loja 001,SKU-5002,"Ketchup galao 3,2kg",gl,3
2026-06-27,Loja 001,SKU-5003,Maionese galao 3kg,gl,5
2026-06-27,Loja 001,SKU-5004,Mostarda galao 3kg,gl,2
2026-06-27,Loja 001,SKU-5005,Sal refinado 1kg,un,3
2026-06-27,Loja 001,SKU-6001,Alface americana un,un,53
2026-06-27,Loja 001,SKU-6002,Tomate salada kg,kg,40.4
2026-06-27,Loja 001,SKU-6003,Cebola kg,kg,15.8
2026-06-27,Loja 001,SKU-6004,Picles fatiado 2kg,pt,2
2026-06-27,Loja 001,SKU-7001,Refrigerante lata cx 24un,cx,16
2026-06-27,Loja 001,SKU-7002,Refrigerante 2L cx 6un,cx,7
2026-06-27,Loja 001,SKU-7003,Suco caixinha cx 12un,cx,6
2026-06-27,Loja 001,SKU-7004,Agua mineral 500ml cx 12un,cx,9
2026-06-27,Loja 001,SKU-8001,Embalagem sanduiche pct 100un,pct,20
2026-06-27,Loja 001,SKU-8002,Copo 400ml pct 50un,pct,13
2026-06-27,Loja 001,SKU-8003,Sacola delivery pct 100un,pct,12
2026-06-27,Loja 001,SKU-8004,Guardanapo pct 1000un,pct,6
2026-06-27,Loja 002,SKU-1001,Hamburguer bovino 180g cx 24un,cx,8
2026-06-27,Loja 002,SKU-1002,File de frango congelado 2kg,pct,15
2026-06-27,Loja 002,SKU-1003,Bacon fatiado 1kg,pct,8
2026-06-27,Loja 002,SKU-1004,Linguica toscana 3kg,pct,6
2026-06-27,Loja 002,SKU-2001,Pao de hamburguer pct 12un,pct,27
2026-06-27,Loja 002,SKU-2002,Pao brioche pct 12un,pct,10
2026-06-27,Loja 002,SKU-3001,Queijo cheddar fatiado 1kg,pct,15
2026-06-27,Loja 002,SKU-3002,Queijo mussarela 5kg,pct,6
2026-06-27,Loja 002,SKU-3003,"Requeijao cremoso 1,5kg",pt,4
2026-06-27,Loja 002,SKU-3004,Manteiga 500g,un,6
2026-06-27,Loja 002,SKU-4001,"Batata pre-frita congelada 2,5kg",pct,19
2026-06-27,Loja 002,SKU-4002,Anel de cebola congelado 1kg,pct,4
2026-06-27,Loja 002,SKU-4003,Nuggets congelado 2kg,pct,5
2026-06-27,Loja 002,SKU-5001,Oleo de soja 900ml cx 20un,cx,3
2026-06-27,Loja 002,SKU-5002,"Ketchup galao 3,2kg",gl,3
2026-06-27,Loja 002,SKU-5003,Maionese galao 3kg,gl,3
2026-06-27,Loja 002,SKU-5004,Mostarda galao 3kg,gl,1
2026-06-27,Loja 002,SKU-5005,Sal refinado 1kg,un,2
2026-06-27,Loja 002,SKU-6001,Alface americana un,un,26
2026-06-27,Loja 002,SKU-6002,Tomate salada kg,kg,22.5
2026-06-27,Loja 002,SKU-6003,Cebola kg,kg,15.3
2026-06-27,Loja 002,SKU-6004,Picles fatiado 2kg,pt,2
2026-06-27,Loja 002,SKU-7001,Refrigerante lata cx 24un,cx,13
2026-06-27,Loja 002,SKU-7002,Refrigerante 2L cx 6un,cx,6
2026-06-27,Loja 002,SKU-7003,Suco caixinha cx 12un,cx,4
2026-06-27,Loja 002,SKU-7004,Agua mineral 500ml cx 12un,cx,6
2026-06-27,Loja 002,SKU-8001,Embalagem sanduiche pct 100un,pct,15
2026-06-27,Loja 002,SKU-8002,Copo 400ml pct 50un,pct,8
2026-06-27,Loja 002,SKU-8003,Sacola delivery pct 100un,pct,7
2026-06-27,Loja 002,SKU-8004,Guardanapo pct 1000un,pct,5
2026-06-27,Loja 003,SKU-1001,Hamburguer bovino 180g cx 24un,cx,17
2026-06-27,Loja 003,SKU-1002,File de frango congelado 2kg,pct,24
2026-06-27,Loja 003,SKU-1003,Bacon fatiado 1kg,pct,11
2026-06-27,Loja 003,SKU-1004,Linguica toscana 3kg,pct,9
2026-06-27,Loja 003,SKU-2001,Pao de hamburguer pct 12un,pct,60
2026-06-27,Loja 003,SKU-2002,Pao brioche pct 12un,pct,17
2026-06-27,Loja 003,SKU-3001,Queijo cheddar fatiado 1kg,pct,22
2026-06-27,Loja 003,SKU-3002,Queijo mussarela 5kg,pct,17
2026-06-27,Loja 003,SKU-3003,"Requeijao cremoso 1,5kg",pt,7
2026-06-27,Loja 003,SKU-3004,Manteiga 500g,un,11
2026-06-27,Loja 003,SKU-4001,"Batata pre-frita congelada 2,5kg",pct,29
2026-06-27,Loja 003,SKU-4002,Anel de cebola congelado 1kg,pct,6
2026-06-27,Loja 003,SKU-4003,Nuggets congelado 2kg,pct,10
2026-06-27,Loja 003,SKU-5001,Oleo de soja 900ml cx 20un,cx,6
2026-06-27,Loja 003,SKU-5002,"Ketchup galao 3,2kg",gl,5
2026-06-27,Loja 003,SKU-5003,Maionese galao 3kg,gl,6
2026-06-27,Loja 003,SKU-5004,Mostarda galao 3kg,gl,2
2026-06-27,Loja 003,SKU-5005,Sal refinado 1kg,un,3
2026-06-27,Loja 003,SKU-6001,Alface americana un,un,50
2026-06-27,Loja 003,SKU-6002,Tomate salada kg,kg,41.1
2026-06-27,Loja 003,SKU-6003,Cebola kg,kg,16.5
2026-06-27,Loja 003,SKU-6004,Picles fatiado 2kg,pt,4
2026-06-27,Loja 003,SKU-7001,Refrigerante lata cx 24un,cx,16
2026-06-27,Loja 003,SKU-7002,Refrigerante 2L cx 6un,cx,9
2026-06-27,Loja 003,SKU-7003,Suco caixinha cx 12un,cx,5
2026-06-27,Loja 003,SKU-7004,Agua mineral 500ml cx 12un,cx,13
2026-06-27,Loja 003,SKU-8001,Embalagem sanduiche pct 100un,pct,27
2026-06-27,Loja 003,SKU-8002,Copo 400ml pct 50un,pct,13
2026-06-27,Loja 003,SKU-8003,Sacola delivery pct 100un,pct,11
2026-06-27,Loja 003,SKU-8004,Guardanapo pct 1000un,pct,7
2026-06-28,Loja 001,SKU-1001,Hamburguer bovino 180g cx 24un,cx,11
2026-06-28,Loja 001,SKU-1002,File de frango congelado 2kg,pct,17
2026-06-28,Loja 001,SKU-1003,Bacon fatiado 1kg,pct,8
2026-06-28,Loja 001,SKU-1004,Linguica toscana 3kg,pct,6
2026-06-28,Loja 001,SKU-2001,Pao de hamburguer pct 12un,pct,29
2026-06-28,Loja 001,SKU-2002,Pao brioche pct 12un,pct,11
2026-06-28,Loja 001,SKU-3001,Queijo cheddar fatiado 1kg,pct,15
2026-06-28,Loja 001,SKU-3002,Queijo mussarela 5kg,pct,10
2026-06-28,Loja 001,SKU-3003,"Requeijao cremoso 1,5kg",pt,5
2026-06-28,Loja 001,SKU-3004,Manteiga 500g,un,6
2026-06-28,Loja 001,SKU-4001,"Batata pre-frita congelada 2,5kg",pct,22
2026-06-28,Loja 001,SKU-4002,Anel de cebola congelado 1kg,pct,4
2026-06-28,Loja 001,SKU-4003,Nuggets congelado 2kg,pct,6
2026-06-28,Loja 001,SKU-5001,Oleo de soja 900ml cx 20un,cx,3
2026-06-28,Loja 001,SKU-5002,"Ketchup galao 3,2kg",gl,2
2026-06-28,Loja 001,SKU-5003,Maionese galao 3kg,gl,4
2026-06-28,Loja 001,SKU-5004,Mostarda galao 3kg,gl,2
2026-06-28,Loja 001,SKU-5005,Sal refinado 1kg,un,2
2026-06-28,Loja 001,SKU-6001,Alface americana un,un,24
2026-06-28,Loja 001,SKU-6002,Tomate salada kg,kg,31.3
2026-06-28,Loja 001,SKU-6003,Cebola kg,kg,17.3
2026-06-28,Loja 001,SKU-6004,Picles fatiado 2kg,pt,3
2026-06-28,Loja 001,SKU-7001,Refrigerante lata cx 24un,cx,9
2026-06-28,Loja 001,SKU-7002,Refrigerante 2L cx 6un,cx,5
2026-06-28,Loja 001,SKU-7003,Suco caixinha cx 12un,cx,3
2026-06-28,Loja 001,SKU-7004,Agua mineral 500ml cx 12un,cx,8
2026-06-28,Loja 001,SKU-8001,Embalagem sanduiche pct 100un,pct,15
2026-06-28,Loja 001,SKU-8002,Copo 400ml pct 50un,pct,8
2026-06-28,Loja 001,SKU-8003,Sacola delivery pct 100un,pct,7
2026-06-28,Loja 001,SKU-8004,Guardanapo pct 1000un,pct,5
2026-06-28,Loja 002,SKU-1001,Hamburguer bovino 180g cx 24un,cx,6
2026-06-28,Loja 002,SKU-1002,File de frango congelado 2kg,pct,12
2026-06-28,Loja 002,SKU-1003,Bacon fatiado 1kg,pct,6
2026-06-28,Loja 002,SKU-1004,Linguica toscana 3kg,pct,3
2026-06-28,Loja 002,SKU-2001,Pao de hamburguer pct 12un,pct,12
2026-06-28,Loja 002,SKU-2002,Pao brioche pct 12un,pct,9
2026-06-28,Loja 002,SKU-3001,Queijo cheddar fatiado 1kg,pct,10
2026-06-28,Loja 002,SKU-3002,Queijo mussarela 5kg,pct,6
2026-06-28,Loja 002,SKU-3003,"Requeijao cremoso 1,5kg",pt,3
2026-06-28,Loja 002,SKU-3004,Manteiga 500g,un,4
2026-06-28,Loja 002,SKU-4001,"Batata pre-frita congelada 2,5kg",pct,16
2026-06-28,Loja 002,SKU-4002,Anel de cebola congelado 1kg,pct,2
2026-06-28,Loja 002,SKU-4003,Nuggets congelado 2kg,pct,4
2026-06-28,Loja 002,SKU-5001,Oleo de soja 900ml cx 20un,cx,2
2026-06-28,Loja 002,SKU-5002,"Ketchup galao 3,2kg",gl,2
2026-06-28,Loja 002,SKU-5003,Maionese galao 3kg,gl,2
2026-06-28,Loja 002,SKU-5004,Mostarda galao 3kg,gl,1
2026-06-28,Loja 002,SKU-5005,Sal refinado 1kg,un,1
2026-06-28,Loja 002,SKU-6001,Alface americana un,un,17
2026-06-28,Loja 002,SKU-6002,Tomate salada kg,kg,12.2
2026-06-28,Loja 002,SKU-6003,Cebola kg,kg,12.2
2026-06-28,Loja 002,SKU-6004,Picles fatiado 2kg,pt,2
2026-06-28,Loja 002,SKU-7001,Refrigerante lata cx 24un,cx,8
2026-06-28,Loja 002,SKU-7002,Refrigerante 2L cx 6un,cx,4
2026-06-28,Loja 002,SKU-7003,Suco caixinha cx 12un,cx,2
2026-06-28,Loja 002,SKU-7004,Agua mineral 500ml cx 12un,cx,4
2026-06-28,Loja 002,SKU-8001,Embalagem sanduiche pct 100un,pct,13
2026-06-28,Loja 002,SKU-8002,Copo 400ml pct 50un,pct,7
2026-06-28,Loja 002,SKU-8003,Sacola delivery pct 100un,pct,5
2026-06-28,Loja 002,SKU-8004,Guardanapo pct 1000un,pct,3
2026-06-28,Loja 003,SKU-1001,Hamburguer bovino 180g cx 24un,cx,16
2026-06-28,Loja 003,SKU-1002,File de frango congelado 2kg,pct,22
2026-06-28,Loja 003,SKU-1003,Bacon fatiado 1kg,pct,8
2026-06-28,Loja 003,SKU-1004,Linguica toscana 3kg,pct,6
2026-06-28,Loja 003,SKU-2001,Pao de hamburguer pct 12un,pct,39
2026-06-28,Loja 003,SKU-2002,Pao brioche pct 12un,pct,11
2026-06-28,Loja 003,SKU-3001,Queijo cheddar fatiado 1kg,pct,16
2026-06-28,Loja 003,SKU-3002,Queijo mussarela 5kg,pct,13
2026-06-28,Loja 003,SKU-3003,"Requeijao cremoso 1,5kg",pt,5
2026-06-28,Loja 003,SKU-3004,Manteiga 500g,un,6
2026-06-28,Loja 003,SKU-4001,"Batata pre-frita congelada 2,5kg",pct,31
2026-06-28,Loja 003,SKU-4002,Anel de cebola congelado 1kg,pct,6
2026-06-28,Loja 003,SKU-4003,Nuggets congelado 2kg,pct,6
2026-06-28,Loja 003,SKU-5001,Oleo de soja 900ml cx 20un,cx,4
2026-06-28,Loja 003,SKU-5002,"Ketchup galao 3,2kg",gl,3
2026-06-28,Loja 003,SKU-5003,Maionese galao 3kg,gl,4
2026-06-28,Loja 003,SKU-5004,Mostarda galao 3kg,gl,2
2026-06-28,Loja 003,SKU-5005,Sal refinado 1kg,un,2
2026-06-28,Loja 003,SKU-6001,Alface americana un,un,53
2026-06-28,Loja 003,SKU-6002,Tomate salada kg,kg,37.1
2026-06-28,Loja 003,SKU-6003,Cebola kg,kg,19.8
2026-06-28,Loja 003,SKU-6004,Picles fatiado 2kg,pt,3
2026-06-28,Loja 003,SKU-7001,Refrigerante lata cx 24un,cx,17
2026-06-28,Loja 003,SKU-7002,Refrigerante 2L cx 6un,cx,5
2026-06-28,Loja 003,SKU-7003,Suco caixinha cx 12un,cx,5
2026-06-28,Loja 003,SKU-7004,Agua mineral 500ml cx 12un,cx,9
2026-06-28,Loja 003,SKU-8001,Embalagem sanduiche pct 100un,pct,24
2026-06-28,Loja 003,SKU-8002,Copo 400ml pct 50un,pct,11
2026-06-28,Loja 003,SKU-8003,Sacola delivery pct 100un,pct,8
2026-06-28,Loja 003,SKU-8004,Guardanapo pct 1000un,pct,6
2026-06-29,Loja 001,SKU-1001,Hamburguer bovino 180g cx 24un,cx,6
2026-06-29,Loja 001,SKU-1002,File de frango congelado 2kg,pct,11
2026-06-29,Loja 001,SKU-1003,Bacon fatiado 1kg,pct,6
2026-06-29,Loja 001,SKU-1004,Linguica toscana 3kg,pct,5
2026-06-29,Loja 001,SKU-2001,Pao de hamburguer pct 12un,pct,14
2026-06-29,Loja 001,SKU-2002,Pao brioche pct 12un,pct,7
2026-06-29,Loja 001,SKU-3001,Queijo cheddar fatiado 1kg,pct,8
2026-06-29,Loja 001,SKU-3002,Queijo mussarela 5kg,pct,7
2026-06-29,Loja 001,SKU-3003,"Requeijao cremoso 1,5kg",pt,3
2026-06-29,Loja 001,SKU-3004,Manteiga 500g,un,4
2026-06-29,Loja 001,SKU-4001,"Batata pre-frita congelada 2,5kg",pct,18
2026-06-29,Loja 001,SKU-4002,Anel de cebola congelado 1kg,pct,3
2026-06-29,Loja 001,SKU-4003,Nuggets congelado 2kg,pct,4
2026-06-29,Loja 001,SKU-5001,Oleo de soja 900ml cx 20un,cx,2
2026-06-29,Loja 001,SKU-5002,"Ketchup galao 3,2kg",gl,2
2026-06-29,Loja 001,SKU-5003,Maionese galao 3kg,gl,3
2026-06-29,Loja 001,SKU-5004,Mostarda galao 3kg,gl,1
2026-06-29,Loja 001,SKU-5005,Sal refinado 1kg,un,1
2026-06-29,Loja 001,SKU-6001,Alface americana un,un,25
2026-06-29,Loja 001,SKU-6002,Tomate salada kg,kg,10.8
2026-06-29,Loja 001,SKU-6003,Cebola kg,kg,9.6
2026-06-29,Loja 001,SKU-6004,Picles fatiado 2kg,pt,2
2026-06-29,Loja 001,SKU-7001,Refrigerante lata cx 24un,cx,7
2026-06-29,Loja 001,SKU-7002,Refrigerante 2L cx 6un,cx,4
2026-06-29,Loja 001,SKU-7003,Suco caixinha cx 12un,cx,3
2026-06-29,Loja 001,SKU-7004,Agua mineral 500ml cx 12un,cx,4
2026-06-29,Loja 001,SKU-8001,Embalagem sanduiche pct 100un,pct,13
2026-06-29,Loja 001,SKU-8002,Copo 400ml pct 50un,pct,9
2026-06-29,Loja 001,SKU-8003,Sacola delivery pct 100un,pct,6
2026-06-29,Loja 001,SKU-8004,Guardanapo pct 1000un,pct,3
2026-06-29,Loja 002,SKU-1001,Hamburguer bovino 180g cx 24un,cx,6
2026-06-29,Loja 002,SKU-1002,File de frango congelado 2kg,pct,8
2026-06-29,Loja 002,SKU-1003,Bacon fatiado 1kg,pct,4
2026-06-29,Loja 002,SKU-1004,Linguica toscana 3kg,pct,3
2026-06-29,Loja 002,SKU-2001,Pao de hamburguer pct 12un,pct,19
2026-06-29,Loja 002,SKU-2002,Pao brioche pct 12un,pct,6
2026-06-29,Loja 002,SKU-3001,Queijo cheddar fatiado 1kg,pct,7
2026-06-29,Loja 002,SKU-3002,Queijo mussarela 5kg,pct,5
2026-06-29,Loja 002,SKU-3003,"Requeijao cremoso 1,5kg",pt,2
2026-06-29,Loja 002,SKU-3004,Manteiga 500g,un,3
2026-06-29,Loja 002,SKU-4001,"Batata pre-frita congelada 2,5kg",pct,13
2026-06-29,Loja 002,SKU-4002,Anel de cebola congelado 1kg,pct,2
2026-06-29,Loja 002,SKU-4003,Nuggets congelado 2kg,pct,2
2026-06-29,Loja 002,SKU-5001,Oleo de soja 900ml cx 20un,cx,2
2026-06-29,Loja 002,SKU-5002,"Ketchup galao 3,2kg",gl,1
2026-06-29,Loja 002,SKU-5003,Maionese galao 3kg,gl,2
2026-06-29,Loja 002,SKU-5004,Mostarda galao 3kg,gl,1
2026-06-29,Loja 002,SKU-5005,Sal refinado 1kg,un,1
2026-06-29,Loja 002,SKU-6001,Alface americana un,un,14
2026-06-29,Loja 002,SKU-6002,Tomate salada kg,kg,10.4
2026-06-29,Loja 002,SKU-6003,Cebola kg,kg,9.9
2026-06-29,Loja 002,SKU-6004,Picles fatiado 2kg,pt,2
2026-06-29,Loja 002,SKU-7001,Refrigerante lata cx 24un,cx,6
2026-06-29,Loja 002,SKU-7002,Refrigerante 2L cx 6un,cx,2
2026-06-29,Loja 002,SKU-7003,Suco caixinha cx 12un,cx,2
2026-06-29,Loja 002,SKU-7004,Agua mineral 500ml cx 12un,cx,3
2026-06-29,Loja 002,SKU-8001,Embalagem sanduiche pct 100un,pct,7
2026-06-29,Loja 002,SKU-8002,Copo 400ml pct 50un,pct,6
2026-06-29,Loja 002,SKU-8003,Sacola delivery pct 100un,pct,4
2026-06-29,Loja 002,SKU-8004,Guardanapo pct 1000un,pct,3
2026-06-29,Loja 003,SKU-1001,Hamburguer bovino 180g cx 24un,cx,11
2026-06-29,Loja 003,SKU-1002,File de frango congelado 2kg,pct,13
2026-06-29,Loja 003,SKU-1003,Bacon fatiado 1kg,pct,7
2026-06-29,Loja 003,SKU-1004,Linguica toscana 3kg,pct,6
2026-06-29,Loja 003,SKU-2001,Pao de hamburguer pct 12un,pct,26
2026-06-29,Loja 003,SKU-2002,Pao brioche pct 12un,pct,8
2026-06-29,Loja 003,SKU-3001,Queijo cheddar fatiado 1kg,pct,12
2026-06-29,Loja 003,SKU-3002,Queijo mussarela 5kg,pct,8
2026-06-29,Loja 003,SKU-3003,"Requeijao cremoso 1,5kg",pt,4
2026-06-29,Loja 003,SKU-3004,Manteiga 500g,un,5
2026-06-29,Loja 003,SKU-4001,"Batata pre-frita congelada 2,5kg",pct,21
2026-06-29,Loja 003,SKU-4002,Anel de cebola congelado 1kg,pct,4
2026-06-29,Loja 003,SKU-4003,Nuggets congelado 2kg,pct,5
2026-06-29,Loja 003,SKU-5001,Oleo de soja 900ml cx 20un,cx,3
2026-06-29,Loja 003,SKU-5002,"Ketchup galao 3,2kg",gl,3
2026-06-29,Loja 003,SKU-5003,Maionese galao 3kg,gl,3
2026-06-29,Loja 003,SKU-5004,Mostarda galao 3kg,gl,1
2026-06-29,Loja 003,SKU-5005,Sal refinado 1kg,un,1
2026-06-29,Loja 003,SKU-6001,Alface americana un,un,25
2026-06-29,Loja 003,SKU-6002,Tomate salada kg,kg,21.5
2026-06-29,Loja 003,SKU-6003,Cebola kg,kg,12.9
2026-06-29,Loja 003,SKU-6004,Picles fatiado 2kg,pt,2
2026-06-29,Loja 003,SKU-7001,Refrigerante lata cx 24un,cx,12
2026-06-29,Loja 003,SKU-7002,Refrigerante 2L cx 6un,cx,5
2026-06-29,Loja 003,SKU-7003,Suco caixinha cx 12un,cx,3
2026-06-29,Loja 003,SKU-7004,Agua mineral 500ml cx 12un,cx,6
2026-06-29,Loja 003,SKU-8001,Embalagem sanduiche pct 100un,pct,13
2026-06-29,Loja 003,SKU-8002,Copo 400ml pct 50un,pct,7
2026-06-29,Loja 003,SKU-8003,Sacola delivery pct 100un,pct,9
2026-06-29,Loja 003,SKU-8004,Guardanapo pct 1000un,pct,4
2026-06-30,Loja 001,SKU-1001,Hamburguer bovino 180g cx 24un,cx,7
2026-06-30,Loja 001,SKU-1002,File de frango congelado 2kg,pct,15
2026-06-30,Loja 001,SKU-1003,Bacon fatiado 1kg,pct,6
2026-06-30,Loja 001,SKU-1004,Linguica toscana 3kg,pct,4
2026-06-30,Loja 001,SKU-2001,Pao de hamburguer pct 12un,pct,28
2026-06-30,Loja 001,SKU-2002,Pao brioche pct 12un,pct,11
2026-06-30,Loja 001,SKU-3001,Queijo cheddar fatiado 1kg,pct,11
2026-06-30,Loja 001,SKU-3002,Queijo mussarela 5kg,pct,6
2026-06-30,Loja 001,SKU-3003,"Requeijao cremoso 1,5kg",pt,4
2026-06-30,Loja 001,SKU-3004,Manteiga 500g,un,4
2026-06-30,Loja 001,SKU-4001,"Batata pre-frita congelada 2,5kg",pct,21
2026-06-30,Loja 001,SKU-4002,Anel de cebola congelado 1kg,pct,3
2026-06-30,Loja 001,SKU-4003,Nuggets congelado 2kg,pct,4
2026-06-30,Loja 001,SKU-5001,Oleo de soja 900ml cx 20un,cx,3
2026-06-30,Loja 001,SKU-5002,"Ketchup galao 3,2kg",gl,2
2026-06-30,Loja 001,SKU-5003,Maionese galao 3kg,gl,3
2026-06-30,Loja 001,SKU-5004,Mostarda galao 3kg,gl,1
2026-06-30,Loja 001,SKU-5005,Sal refinado 1kg,un,1
2026-06-30,Loja 001,SKU-6001,Alface americana un,un,31
2026-06-30,Loja 001,SKU-6002,Tomate salada kg,kg,23.8
2026-06-30,Loja 001,SKU-6003,Cebola kg,kg,7.8
2026-06-30,Loja 001,SKU-6004,Picles fatiado 2kg,pt,2
2026-06-30,Loja 001,SKU-7001,Refrigerante lata cx 24un,cx,8
2026-06-30,Loja 001,SKU-7002,Refrigerante 2L cx 6un,cx,4
2026-06-30,Loja 001,SKU-7003,Suco caixinha cx 12un,cx,3
2026-06-30,Loja 001,SKU-7004,Agua mineral 500ml cx 12un,cx,5
2026-06-30,Loja 001,SKU-8001,Embalagem sanduiche pct 100un,pct,11
2026-06-30,Loja 001,SKU-8002,Copo 400ml pct 50un,pct,9
2026-06-30,Loja 001,SKU-8003,Sacola delivery pct 100un,pct,7
2026-06-30,Loja 001,SKU-8004,Guardanapo pct 1000un,pct,4
2026-06-30,Loja 002,SKU-1001,Hamburguer bovino 180g cx 24un,cx,7
2026-06-30,Loja 002,SKU-1002,File de frango congelado 2kg,pct,11
2026-06-30,Loja 002,SKU-1003,Bacon fatiado 1kg,pct,4
2026-06-30,Loja 002,SKU-1004,Linguica toscana 3kg,pct,3
2026-06-30,Loja 002,SKU-2001,Pao de hamburguer pct 12un,pct,11
2026-06-30,Loja 002,SKU-2002,Pao brioche pct 12un,pct,5
2026-06-30,Loja 002,SKU-3001,Queijo cheddar fatiado 1kg,pct,7
2026-06-30,Loja 002,SKU-3002,Queijo mussarela 5kg,pct,4
2026-06-30,Loja 002,SKU-3003,"Requeijao cremoso 1,5kg",pt,2
2026-06-30,Loja 002,SKU-3004,Manteiga 500g,un,3
2026-06-30,Loja 002,SKU-4001,"Batata pre-frita congelada 2,5kg",pct,10
2026-06-30,Loja 002,SKU-4002,Anel de cebola congelado 1kg,pct,2
2026-06-30,Loja 002,SKU-4003,Nuggets congelado 2kg,pct,3
2026-06-30,Loja 002,SKU-5001,Oleo de soja 900ml cx 20un,cx,2
2026-06-30,Loja 002,SKU-5002,"Ketchup galao 3,2kg",gl,1
2026-06-30,Loja 002,SKU-5003,Maionese galao 3kg,gl,2
2026-06-30,Loja 002,SKU-5004,Mostarda galao 3kg,gl,1
2026-06-30,Loja 002,SKU-5005,Sal refinado 1kg,un,1
2026-06-30,Loja 002,SKU-6001,Alface americana un,un,12
2026-06-30,Loja 002,SKU-6002,Tomate salada kg,kg,9.1
2026-06-30,Loja 002,SKU-6003,Cebola kg,kg,9.8
2026-06-30,Loja 002,SKU-6004,Picles fatiado 2kg,pt,2
2026-06-30,Loja 002,SKU-7001,Refrigerante lata cx 24un,cx,8
2026-06-30,Loja 002,SKU-7002,Refrigerante 2L cx 6un,cx,3
2026-06-30,Loja 002,SKU-7003,Suco caixinha cx 12un,cx,2
2026-06-30,Loja 002,SKU-7004,Agua mineral 500ml cx 12un,cx,5
2026-06-30,Loja 002,SKU-8001,Embalagem sanduiche pct 100un,pct,10
2026-06-30,Loja 002,SKU-8002,Copo 400ml pct 50un,pct,6
2026-06-30,Loja 002,SKU-8003,Sacola delivery pct 100un,pct,5
2026-06-30,Loja 002,SKU-8004,Guardanapo pct 1000un,pct,3
2026-06-30,Loja 003,SKU-1001,Hamburguer bovino 180g cx 24un,cx,8
2026-06-30,Loja 003,SKU-1002,File de frango congelado 2kg,pct,13
2026-06-30,Loja 003,SKU-1003,Bacon fatiado 1kg,pct,8
2026-06-30,Loja 003,SKU-1004,Linguica toscana 3kg,pct,5
2026-06-30,Loja 003,SKU-2001,Pao de hamburguer pct 12un,pct,33
2026-06-30,Loja 003,SKU-2002,Pao brioche pct 12un,pct,12
2026-06-30,Loja 003,SKU-3001,Queijo cheddar fatiado 1kg,pct,11
2026-06-30,Loja 003,SKU-3002,Queijo mussarela 5kg,pct,9
2026-06-30,Loja 003,SKU-3003,"Requeijao cremoso 1,5kg",pt,4
2026-06-30,Loja 003,SKU-3004,Manteiga 500g,un,6
2026-06-30,Loja 003,SKU-4001,"Batata pre-frita congelada 2,5kg",pct,22
2026-06-30,Loja 003,SKU-4002,Anel de cebola congelado 1kg,pct,5
2026-06-30,Loja 003,SKU-4003,Nuggets congelado 2kg,pct,5
2026-06-30,Loja 003,SKU-5001,Oleo de soja 900ml cx 20un,cx,4
2026-06-30,Loja 003,SKU-5002,"Ketchup galao 3,2kg",gl,2
2026-06-30,Loja 003,SKU-5003,Maionese galao 3kg,gl,4
2026-06-30,Loja 003,SKU-5004,Mostarda galao 3kg,gl,1
2026-06-30,Loja 003,SKU-5005,Sal refinado 1kg,un,2
2026-06-30,Loja 003,SKU-6001,Alface americana un,un,40
2026-06-30,Loja 003,SKU-6002,Tomate salada kg,kg,20.7
2026-06-30,Loja 003,SKU-6003,Cebola kg,kg,14.2
2026-06-30,Loja 003,SKU-6004,Picles fatiado 2kg,pt,2
2026-06-30,Loja 003,SKU-7001,Refrigerante lata cx 24un,cx,12
2026-06-30,Loja 003,SKU-7002,Refrigerante 2L cx 6un,cx,6
2026-06-30,Loja 003,SKU-7003,Suco caixinha cx 12un,cx,4
2026-06-30,Loja 003,SKU-7004,Agua mineral 500ml cx 12un,cx,8
2026-06-30,Loja 003,SKU-8001,Embalagem sanduiche pct 100un,pct,13
2026-06-30,Loja 003,SKU-8002,Copo 400ml pct 50un,pct,11
2026-06-30,Loja 003,SKU-8003,Sacola delivery pct 100un,pct,8
2026-06-30,Loja 003,SKU-8004,Guardanapo pct 1000un,pct,5
2026-07-01,Loja 001,SKU-1001,Hamburguer bovino 180g cx 24un,cx,7
2026-07-01,Loja 001,SKU-1002,File de frango congelado 2kg,pct,11
2026-07-01,Loja 001,SKU-1003,Bacon fatiado 1kg,pct,5
2026-07-01,Loja 001,SKU-1004,Linguica toscana 3kg,pct,4
2026-07-01,Loja 001,SKU-2001,Pao de hamburguer pct 12un,pct,22
2026-07-01,Loja 001,SKU-2002,Pao brioche pct 12un,pct,8
2026-07-01,Loja 001,SKU-3001,Queijo cheddar fatiado 1kg,pct,12
2026-07-01,Loja 001,SKU-3002,Queijo mussarela 5kg,pct,8
2026-07-01,Loja 001,SKU-3003,"Requeijao cremoso 1,5kg",pt,4
2026-07-01,Loja 001,SKU-3004,Manteiga 500g,un,4
2026-07-01,Loja 001,SKU-4001,"Batata pre-frita congelada 2,5kg",pct,20
2026-07-01,Loja 001,SKU-4002,Anel de cebola congelado 1kg,pct,4
2026-07-01,Loja 001,SKU-4003,Nuggets congelado 2kg,pct,5
2026-07-01,Loja 001,SKU-5001,Oleo de soja 900ml cx 20un,cx,2
2026-07-01,Loja 001,SKU-5002,"Ketchup galao 3,2kg",gl,2
2026-07-01,Loja 001,SKU-5003,Maionese galao 3kg,gl,2
2026-07-01,Loja 001,SKU-5004,Mostarda galao 3kg,gl,1
2026-07-01,Loja 001,SKU-5005,Sal refinado 1kg,un,1
2026-07-01,Loja 001,SKU-6001,Alface americana un,un,19
2026-07-01,Loja 001,SKU-6002,Tomate salada kg,kg,16.9
2026-07-01,Loja 001,SKU-6003,Cebola kg,kg,7.8
2026-07-01,Loja 001,SKU-6004,Picles fatiado 2kg,pt,2
2026-07-01,Loja 001,SKU-7001,Refrigerante lata cx 24un,cx,8
2026-07-01,Loja 001,SKU-7002,Refrigerante 2L cx 6un,cx,5
2026-07-01,Loja 001,SKU-7003,Suco caixinha cx 12un,cx,3
2026-07-01,Loja 001,SKU-7004,Agua mineral 500ml cx 12un,cx,5
2026-07-01,Loja 001,SKU-8001,Embalagem sanduiche pct 100un,pct,12
2026-07-01,Loja 001,SKU-8002,Copo 400ml pct 50un,pct,9
2026-07-01,Loja 001,SKU-8003,Sacola delivery pct 100un,pct,8
2026-07-01,Loja 001,SKU-8004,Guardanapo pct 1000un,pct,4
2026-07-01,Loja 002,SKU-1001,Hamburguer bovino 180g cx 24un,cx,7
2026-07-01,Loja 002,SKU-1002,File de frango congelado 2kg,pct,10
2026-07-01,Loja 002,SKU-1003,Bacon fatiado 1kg,pct,4
2026-07-01,Loja 002,SKU-1004,Linguica toscana 3kg,pct,4
2026-07-01,Loja 002,SKU-2001,Pao de hamburguer pct 12un,pct,17
2026-07-01,Loja 002,SKU-2002,Pao brioche pct 12un,pct,4
2026-07-01,Loja 002,SKU-3001,Queijo cheddar fatiado 1kg,pct,7
2026-07-01,Loja 002,SKU-3002,Queijo mussarela 5kg,pct,5
2026-07-01,Loja 002,SKU-3003,"Requeijao cremoso 1,5kg",pt,3
2026-07-01,Loja 002,SKU-3004,Manteiga 500g,un,4
2026-07-01,Loja 002,SKU-4001,"Batata pre-frita congelada 2,5kg",pct,10
2026-07-01,Loja 002,SKU-4002,Anel de cebola congelado 1kg,pct,2
2026-07-01,Loja 002,SKU-4003,Nuggets congelado 2kg,pct,3
2026-07-01,Loja 002,SKU-5001,Oleo de soja 900ml cx 20un,cx,2
2026-07-01,Loja 002,SKU-5002,"Ketchup galao 3,2kg",gl,1
2026-07-01,Loja 002,SKU-5003,Maionese galao 3kg,gl,2
2026-07-01,Loja 002,SKU-5004,Mostarda galao 3kg,gl,1
2026-07-01,Loja 002,SKU-5005,Sal refinado 1kg,un,1
2026-07-01,Loja 002,SKU-6001,Alface americana un,un,12
2026-07-01,Loja 002,SKU-6002,Tomate salada kg,kg,11.0
2026-07-01,Loja 002,SKU-6003,Cebola kg,kg,6.9
2026-07-01,Loja 002,SKU-6004,Picles fatiado 2kg,pt,1
2026-07-01,Loja 002,SKU-7001,Refrigerante lata cx 24un,cx,6
2026-07-01,Loja 002,SKU-7002,Refrigerante 2L cx 6un,cx,3
2026-07-01,Loja 002,SKU-7003,Suco caixinha cx 12un,cx,2
2026-07-01,Loja 002,SKU-7004,Agua mineral 500ml cx 12un,cx,3
2026-07-01,Loja 002,SKU-8001,Embalagem sanduiche pct 100un,pct,10
2026-07-01,Loja 002,SKU-8002,Copo 400ml pct 50un,pct,5
2026-07-01,Loja 002,SKU-8003,Sacola delivery pct 100un,pct,4
2026-07-01,Loja 002,SKU-8004,Guardanapo pct 1000un,pct,3
2026-07-01,Loja 003,SKU-1001,Hamburguer bovino 180g cx 24un,cx,10
2026-07-01,Loja 003,SKU-1002,File de frango congelado 2kg,pct,18
2026-07-01,Loja 003,SKU-1003,Bacon fatiado 1kg,pct,7
2026-07-01,Loja 003,SKU-1004,Linguica toscana 3kg,pct,6
2026-07-01,Loja 003,SKU-2001,Pao de hamburguer pct 12un,pct,20
2026-07-01,Loja 003,SKU-2002,Pao brioche pct 12un,pct,16
2026-07-01,Loja 003,SKU-3001,Queijo cheddar fatiado 1kg,pct,11
2026-07-01,Loja 003,SKU-3002,Queijo mussarela 5kg,pct,8
2026-07-01,Loja 003,SKU-3003,"Requeijao cremoso 1,5kg",pt,5
2026-07-01,Loja 003,SKU-3004,Manteiga 500g,un,7
2026-07-01,Loja 003,SKU-4001,"Batata pre-frita congelada 2,5kg",pct,18
2026-07-01,Loja 003,SKU-4002,Anel de cebola congelado 1kg,pct,4
2026-07-01,Loja 003,SKU-4003,Nuggets congelado 2kg,pct,7
2026-07-01,Loja 003,SKU-5001,Oleo de soja 900ml cx 20un,cx,3
2026-07-01,Loja 003,SKU-5002,"Ketchup galao 3,2kg",gl,2
2026-07-01,Loja 003,SKU-5003,Maionese galao 3kg,gl,3
2026-07-01,Loja 003,SKU-5004,Mostarda galao 3kg,gl,1
2026-07-01,Loja 003,SKU-5005,Sal refinado 1kg,un,2
2026-07-01,Loja 003,SKU-6001,Alface americana un,un,28
2026-07-01,Loja 003,SKU-6002,Tomate salada kg,kg,18.6
2026-07-01,Loja 003,SKU-6003,Cebola kg,kg,12.2
2026-07-01,Loja 003,SKU-6004,Picles fatiado 2kg,pt,3
2026-07-01,Loja 003,SKU-7001,Refrigerante lata cx 24un,cx,15
2026-07-01,Loja 003,SKU-7002,Refrigerante 2L cx 6un,cx,5
2026-07-01,Loja 003,SKU-7003,Suco caixinha cx 12un,cx,3
2026-07-01,Loja 003,SKU-7004,Agua mineral 500ml cx 12un,cx,6
2026-07-01,Loja 003,SKU-8001,Embalagem sanduiche pct 100un,pct,15
2026-07-01,Loja 003,SKU-8002,Copo 400ml pct 50un,pct,9
2026-07-01,Loja 003,SKU-8003,Sacola delivery pct 100un,pct,9
2026-07-01,Loja 003,SKU-8004,Guardanapo pct 1000un,pct,5
2026-07-02,Loja 001,SKU-1001,Hamburguer bovino 180g cx 24un,cx,8
2026-07-02,Loja 001,SKU-1002,File de frango congelado 2kg,pct,12
2026-07-02,Loja 001,SKU-1003,Bacon fatiado 1kg,pct,7
2026-07-02,Loja 001,SKU-1004,Linguica toscana 3kg,pct,7
2026-07-02,Loja 001,SKU-2001,Pao de hamburguer pct 12un,pct,34
2026-07-02,Loja 001,SKU-2002,Pao brioche pct 12un,pct,12
2026-07-02,Loja 001,SKU-3001,Queijo cheddar fatiado 1kg,pct,14
2026-07-02,Loja 001,SKU-3002,Queijo mussarela 5kg,pct,7
2026-07-02,Loja 001,SKU-3003,"Requeijao cremoso 1,5kg",pt,3
2026-07-02,Loja 001,SKU-3004,Manteiga 500g,un,7
2026-07-02,Loja 001,SKU-4001,"Batata pre-frita congelada 2,5kg",pct,24
2026-07-02,Loja 001,SKU-4002,Anel de cebola congelado 1kg,pct,4
2026-07-02,Loja 001,SKU-4003,Nuggets congelado 2kg,pct,5
2026-07-02,Loja 001,SKU-5001,Oleo de soja 900ml cx 20un,cx,3
2026-07-02,Loja 001,SKU-5002,"Ketchup galao 3,2kg",gl,2
2026-07-02,Loja 001,SKU-5003,Maionese galao 3kg,gl,3
2026-07-02,Loja 001,SKU-5004,Mostarda galao 3kg,gl,1
2026-07-02,Loja 001,SKU-5005,Sal refinado 1kg,un,1
2026-07-02,Loja 001,SKU-6001,Alface americana un,un,32
2026-07-02,Loja 001,SKU-6002,Tomate salada kg,kg,14.7
2026-07-02,Loja 001,SKU-6003,Cebola kg,kg,11.8
2026-07-02,Loja 001,SKU-6004,Picles fatiado 2kg,pt,2
2026-07-02,Loja 001,SKU-7001,Refrigerante lata cx 24un,cx,9
2026-07-02,Loja 001,SKU-7002,Refrigerante 2L cx 6un,cx,4
2026-07-02,Loja 001,SKU-7003,Suco caixinha cx 12un,cx,3
2026-07-02,Loja 001,SKU-7004,Agua mineral 500ml cx 12un,cx,7
2026-07-02,Loja 001,SKU-8001,Embalagem sanduiche pct 100un,pct,16
2026-07-02,Loja 001,SKU-8002,Copo 400ml pct 50un,pct,8
2026-07-02,Loja 001,SKU-8003,Sacola delivery pct 100un,pct,6
2026-07-02,Loja 001,SKU-8004,Guardanapo pct 1000un,pct,5
2026-07-02,Loja 002,SKU-1001,Hamburguer bovino 180g cx 24un,cx,5
2026-07-02,Loja 002,SKU-1002,File de frango congelado 2kg,pct,13
2026-07-02,Loja 002,SKU-1003,Bacon fatiado 1kg,pct,6
2026-07-02,Loja 002,SKU-1004,Linguica toscana 3kg,pct,4
2026-07-02,Loja 002,SKU-2001,Pao de hamburguer pct 12un,pct,21
2026-07-02,Loja 002,SKU-2002,Pao brioche pct 12un,pct,10
2026-07-02,Loja 002,SKU-3001,Queijo cheddar fatiado 1kg,pct,8
2026-07-02,Loja 002,SKU-3002,Queijo mussarela 5kg,pct,5
2026-07-02,Loja 002,SKU-3003,"Requeijao cremoso 1,5kg",pt,3
2026-07-02,Loja 002,SKU-3004,Manteiga 500g,un,5
2026-07-02,Loja 002,SKU-4001,"Batata pre-frita congelada 2,5kg",pct,14
2026-07-02,Loja 002,SKU-4002,Anel de cebola congelado 1kg,pct,3
2026-07-02,Loja 002,SKU-4003,Nuggets congelado 2kg,pct,3
2026-07-02,Loja 002,SKU-5001,Oleo de soja 900ml cx 20un,cx,3
2026-07-02,Loja 002,SKU-5002,"Ketchup galao 3,2kg",gl,1
2026-07-02,Loja 002,SKU-5003,Maionese galao 3kg,gl,2
2026-07-02,Loja 002,SKU-5004,Mostarda galao 3kg,gl,1
2026-07-02,Loja 002,SKU-5005,Sal refinado 1kg,un,1
2026-07-02,Loja 002,SKU-6001,Alface americana un,un,17
2026-07-02,Loja 002,SKU-6002,Tomate salada kg,kg,20.8
2026-07-02,Loja 002,SKU-6003,Cebola kg,kg,9.9
2026-07-02,Loja 002,SKU-6004,Picles fatiado 2kg,pt,2
2026-07-02,Loja 002,SKU-7001,Refrigerante lata cx 24un,cx,7
2026-07-02,Loja 002,SKU-7002,Refrigerante 2L cx 6un,cx,4
2026-07-02,Loja 002,SKU-7003,Suco caixinha cx 12un,cx,2
2026-07-02,Loja 002,SKU-7004,Agua mineral 500ml cx 12un,cx,5
2026-07-02,Loja 002,SKU-8001,Embalagem sanduiche pct 100un,pct,10
2026-07-02,Loja 002,SKU-8002,Copo 400ml pct 50un,pct,8
2026-07-02,Loja 002,SKU-8003,Sacola delivery pct 100un,pct,7
2026-07-02,Loja 002,SKU-8004,Guardanapo pct 1000un,pct,4
2026-07-02,Loja 003,SKU-1001,Hamburguer bovino 180g cx 24un,cx,15
2026-07-02,Loja 003,SKU-1002,File de frango congelado 2kg,pct,23
2026-07-02,Loja 003,SKU-1003,Bacon fatiado 1kg,pct,9
2026-07-02,Loja 003,SKU-1004,Linguica toscana 3kg,pct,7
2026-07-02,Loja 003,SKU-2001,Pao de hamburguer pct 12un,pct,41
2026-07-02,Loja 003,SKU-2002,Pao brioche pct 12un,pct,19
2026-07-02,Loja 003,SKU-3001,Queijo cheddar fatiado 1kg,pct,13
2026-07-02,Loja 003,SKU-3002,Queijo mussarela 5kg,pct,10
2026-07-02,Loja 003,SKU-3003,"Requeijao cremoso 1,5kg",pt,5
2026-07-02,Loja 003,SKU-3004,Manteiga 500g,un,9
2026-07-02,Loja 003,SKU-4001,"Batata pre-frita congelada 2,5kg",pct,27
2026-07-02,Loja 003,SKU-4002,Anel de cebola congelado 1kg,pct,5
2026-07-02,Loja 003,SKU-4003,Nuggets congelado 2kg,pct,7
2026-07-02,Loja 003,SKU-5001,Oleo de soja 900ml cx 20un,cx,3
2026-07-02,Loja 003,SKU-5002,"Ketchup galao 3,2kg",gl,3
2026-07-02,Loja 003,SKU-5003,Maionese galao 3kg,gl,4
2026-07-02,Loja 003,SKU-5004,Mostarda galao 3kg,gl,2
2026-07-02,Loja 003,SKU-5005,Sal refinado 1kg,un,2
2026-07-02,Loja 003,SKU-6001,Alface americana un,un,41
2026-07-02,Loja 003,SKU-6002,Tomate salada kg,kg,32.7
2026-07-02,Loja 003,SKU-6003,Cebola kg,kg,21.0
2026-07-02,Loja 003,SKU-6004,Picles fatiado 2kg,pt,3
2026-07-02,Loja 003,SKU-7001,Refrigerante lata cx 24un,cx,12
2026-07-02,Loja 003,SKU-7002,Refrigerante 2L cx 6un,cx,6
2026-07-02,Loja 003,SKU-7003,Suco caixinha cx 12un,cx,4
2026-07-02,Loja 003,SKU-7004,Agua mineral 500ml cx 12un,cx,9
2026-07-02,Loja 003,SKU-8001,Embalagem sanduiche pct 100un,pct,20
2026-07-02,Loja 003,SKU-8002,Copo 400ml pct 50un,pct,11
2026-07-02,Loja 003,SKU-8003,Sacola delivery pct 100un,pct,8
2026-07-02,Loja 003,SKU-8004,Guardanapo pct 1000un,pct,6
2026-07-03,Loja 001,SKU-1001,Hamburguer bovino 180g cx 24un,cx,12
2026-07-03,Loja 001,SKU-1002,File de frango congelado 2kg,pct,16
2026-07-03,Loja 001,SKU-1003,Bacon fatiado 1kg,pct,10
2026-07-03,Loja 001,SKU-1004,Linguica toscana 3kg,pct,8
2026-07-03,Loja 001,SKU-2001,Pao de hamburguer pct 12un,pct,33
2026-07-03,Loja 001,SKU-2002,Pao brioche pct 12un,pct,14
2026-07-03,Loja 001,SKU-3001,Queijo cheddar fatiado 1kg,pct,18
2026-07-03,Loja 001,SKU-3002,Queijo mussarela 5kg,pct,12
2026-07-03,Loja 001,SKU-3003,"Requeijao cremoso 1,5kg",pt,4
2026-07-03,Loja 001,SKU-3004,Manteiga 500g,un,8
2026-07-03,Loja 001,SKU-4001,"Batata pre-frita congelada 2,5kg",pct,23
2026-07-03,Loja 001,SKU-4002,Anel de cebola congelado 1kg,pct,4
2026-07-03,Loja 001,SKU-4003,Nuggets congelado 2kg,pct,6
2026-07-03,Loja 001,SKU-5001,Oleo de soja 900ml cx 20un,cx,4
2026-07-03,Loja 001,SKU-5002,"Ketchup galao 3,2kg",gl,4
2026-07-03,Loja 001,SKU-5003,Maionese galao 3kg,gl,3
2026-07-03,Loja 001,SKU-5004,Mostarda galao 3kg,gl,1
2026-07-03,Loja 001,SKU-5005,Sal refinado 1kg,un,2
2026-07-03,Loja 001,SKU-6001,Alface americana un,un,38
2026-07-03,Loja 001,SKU-6002,Tomate salada kg,kg,28.0
2026-07-03,Loja 001,SKU-6003,Cebola kg,kg,23.9
2026-07-03,Loja 001,SKU-6004,Picles fatiado 2kg,pt,2
2026-07-03,Loja 001,SKU-7001,Refrigerante lata cx 24un,cx,16
2026-07-03,Loja 001,SKU-7002,Refrigerante 2L cx 6un,cx,6
2026-07-03,Loja 001,SKU-7003,Suco caixinha cx 12un,cx,5
2026-07-03,Loja 001,SKU-7004,Agua mineral 500ml cx 12un,cx,8
2026-07-03,Loja 001,SKU-8001,Embalagem sanduiche pct 100un,pct,17
2026-07-03,Loja 001,SKU-8002,Copo 400ml pct 50un,pct,10
2026-07-03,Loja 001,SKU-8003,Sacola delivery pct 100un,pct,11
2026-07-03,Loja 001,SKU-8004,Guardanapo pct 1000un,pct,6
2026-07-03,Loja 002,SKU-1001,Hamburguer bovino 180g cx 24un,cx,7
2026-07-03,Loja 002,SKU-1002,File de frango congelado 2kg,pct,15
2026-07-03,Loja 002,SKU-1003,Bacon fatiado 1kg,pct,6
2026-07-03,Loja 002,SKU-1004,Linguica toscana 3kg,pct,6
2026-07-03,Loja 002,SKU-2001,Pao de hamburguer pct 12un,pct,32
2026-07-03,Loja 002,SKU-2002,Pao brioche pct 12un,pct,14
2026-07-03,Loja 002,SKU-3001,Queijo cheddar fatiado 1kg,pct,13
2026-07-03,Loja 002,SKU-3002,Queijo mussarela 5kg,pct,8
2026-07-03,Loja 002,SKU-3003,"Requeijao cremoso 1,5kg",pt,3
2026-07-03,Loja 002,SKU-3004,Manteiga 500g,un,6
2026-07-03,Loja 002,SKU-4001,"Batata pre-frita congelada 2,5kg",pct,20
2026-07-03,Loja 002,SKU-4002,Anel de cebola congelado 1kg,pct,4
2026-07-03,Loja 002,SKU-4003,Nuggets congelado 2kg,pct,5
2026-07-03,Loja 002,SKU-5001,Oleo de soja 900ml cx 20un,cx,3
2026-07-03,Loja 002,SKU-5002,"Ketchup galao 3,2kg",gl,2
2026-07-03,Loja 002,SKU-5003,Maionese galao 3kg,gl,3
2026-07-03,Loja 002,SKU-5004,Mostarda galao 3kg,gl,1
2026-07-03,Loja 002,SKU-5005,Sal refinado 1kg,un,2
2026-07-03,Loja 002,SKU-6001,Alface americana un,un,31
2026-07-03,Loja 002,SKU-6002,Tomate salada kg,kg,19.4
2026-07-03,Loja 002,SKU-6003,Cebola kg,kg,16.0
2026-07-03,Loja 002,SKU-6004,Picles fatiado 2kg,pt,2
2026-07-03,Loja 002,SKU-7001,Refrigerante lata cx 24un,cx,10
2026-07-03,Loja 002,SKU-7002,Refrigerante 2L cx 6un,cx,5
2026-07-03,Loja 002,SKU-7003,Suco caixinha cx 12un,cx,3
2026-07-03,Loja 002,SKU-7004,Agua mineral 500ml cx 12un,cx,5
2026-07-03,Loja 002,SKU-8001,Embalagem sanduiche pct 100un,pct,12
2026-07-03,Loja 002,SKU-8002,Copo 400ml pct 50un,pct,8
2026-07-03,Loja 002,SKU-8003,Sacola delivery pct 100un,pct,7
2026-07-03,Loja 002,SKU-8004,Guardanapo pct 1000un,pct,5
2026-07-03,Loja 003,SKU-1001,Hamburguer bovino 180g cx 24un,cx,14
2026-07-03,Loja 003,SKU-1002,File de frango congelado 2kg,pct,21
2026-07-03,Loja 003,SKU-1003,Bacon fatiado 1kg,pct,12
2026-07-03,Loja 003,SKU-1004,Linguica toscana 3kg,pct,10
2026-07-03,Loja 003,SKU-2001,Pao de hamburguer pct 12un,pct,49
2026-07-03,Loja 003,SKU-2002,Pao brioche pct 12un,pct,16
2026-07-03,Loja 003,SKU-3001,Queijo cheddar fatiado 1kg,pct,16
2026-07-03,Loja 003,SKU-3002,Queijo mussarela 5kg,pct,14
2026-07-03,Loja 003,SKU-3003,"Requeijao cremoso 1,5kg",pt,7
2026-07-03,Loja 003,SKU-3004,Manteiga 500g,un,9
2026-07-03,Loja 003,SKU-4001,"Batata pre-frita congelada 2,5kg",pct,33
2026-07-03,Loja 003,SKU-4002,Anel de cebola congelado 1kg,pct,6
2026-07-03,Loja 003,SKU-4003,Nuggets congelado 2kg,pct,8
2026-07-03,Loja 003,SKU-5001,Oleo de soja 900ml cx 20un,cx,5
2026-07-03,Loja 003,SKU-5002,"Ketchup galao 3,2kg",gl,5
2026-07-03,Loja 003,SKU-5003,Maionese galao 3kg,gl,6
2026-07-03,Loja 003,SKU-5004,Mostarda galao 3kg,gl,2
2026-07-03,Loja 003,SKU-5005,Sal refinado 1kg,un,3
2026-07-03,Loja 003,SKU-6001,Alface americana un,un,44
2026-07-03,Loja 003,SKU-6002,Tomate salada kg,kg,26.6
2026-07-03,Loja 003,SKU-6003,Cebola kg,kg,28.9
2026-07-03,Loja 003,SKU-6004,Picles fatiado 2kg,pt,5
2026-07-03,Loja 003,SKU-7001,Refrigerante lata cx 24un,cx,15
2026-07-03,Loja 003,SKU-7002,Refrigerante 2L cx 6un,cx,7
2026-07-03,Loja 003,SKU-7003,Suco caixinha cx 12un,cx,6
2026-07-03,Loja 003,SKU-7004,Agua mineral 500ml cx 12un,cx,9
2026-07-03,Loja 003,SKU-8001,Embalagem sanduiche pct 100un,pct,23
2026-07-03,Loja 003,SKU-8002,Copo 400ml pct 50un,pct,13
2026-07-03,Loja 003,SKU-8003,Sacola delivery pct 100un,pct,13
2026-07-03,Loja 003,SKU-8004,Guardanapo pct 1000un,pct,7
2026-07-04,Loja 001,SKU-1001,Hamburguer bovino 180g cx 24un,cx,13
2026-07-04,Loja 001,SKU-1002,File de frango congelado 2kg,pct,20
2026-07-04,Loja 001,SKU-1003,Bacon fatiado 1kg,pct,10
2026-07-04,Loja 001,SKU-1004,Linguica toscana 3kg,pct,7
2026-07-04,Loja 001,SKU-2001,Pao de hamburguer pct 12un,pct,34
2026-07-04,Loja 001,SKU-2002,Pao brioche pct 12un,pct,17
2026-07-04,Loja 001,SKU-3001,Queijo cheddar fatiado 1kg,pct,16
2026-07-04,Loja 001,SKU-3002,Queijo mussarela 5kg,pct,12
2026-07-04,Loja 001,SKU-3003,"Requeijao cremoso 1,5kg",pt,5
2026-07-04,Loja 001,SKU-3004,Manteiga 500g,un,7
2026-07-04,Loja 001,SKU-4001,"Batata pre-frita congelada 2,5kg",pct,30
2026-07-04,Loja 001,SKU-4002,Anel de cebola congelado 1kg,pct,5
2026-07-04,Loja 001,SKU-4003,Nuggets congelado 2kg,pct,7
2026-07-04,Loja 001,SKU-5001,Oleo de soja 900ml cx 20un,cx,5
2026-07-04,Loja 001,SKU-5002,"Ketchup galao 3,2kg",gl,3
2026-07-04,Loja 001,SKU-5003,Maionese galao 3kg,gl,4
2026-07-04,Loja 001,SKU-5004,Mostarda galao 3kg,gl,2
2026-07-04,Loja 001,SKU-5005,Sal refinado 1kg,un,2
2026-07-04,Loja 001,SKU-6001,Alface americana un,un,40
2026-07-04,Loja 001,SKU-6002,Tomate salada kg,kg,27.2
2026-07-04,Loja 001,SKU-6003,Cebola kg,kg,22.7
2026-07-04,Loja 001,SKU-6004,Picles fatiado 2kg,pt,3
2026-07-04,Loja 001,SKU-7001,Refrigerante lata cx 24un,cx,13
2026-07-04,Loja 001,SKU-7002,Refrigerante 2L cx 6un,cx,6
2026-07-04,Loja 001,SKU-7003,Suco caixinha cx 12un,cx,5
2026-07-04,Loja 001,SKU-7004,Agua mineral 500ml cx 12un,cx,10
2026-07-04,Loja 001,SKU-8001,Embalagem sanduiche pct 100un,pct,21
2026-07-04,Loja 001,SKU-8002,Copo 400ml pct 50un,pct,12
2026-07-04,Loja 001,SKU-8003,Sacola delivery pct 100un,pct,12
2026-07-04,Loja 001,SKU-8004,Guardanapo pct 1000un,pct,5
2026-07-04,Loja 002,SKU-1001,Hamburguer bovino 180g cx 24un,cx,12
2026-07-04,Loja 002,SKU-1002,File de frango congelado 2kg,pct,16
2026-07-04,Loja 002,SKU-1003,Bacon fatiado 1kg,pct,6
2026-07-04,Loja 002,SKU-1004,Linguica toscana 3kg,pct,5
2026-07-04,Loja 002,SKU-2001,Pao de hamburguer pct 12un,pct,26
2026-07-04,Loja 002,SKU-2002,Pao brioche pct 12un,pct,8
2026-07-04,Loja 002,SKU-3001,Queijo cheddar fatiado 1kg,pct,11
2026-07-04,Loja 002,SKU-3002,Queijo mussarela 5kg,pct,9
2026-07-04,Loja 002,SKU-3003,"Requeijao cremoso 1,5kg",pt,5
2026-07-04,Loja 002,SKU-3004,Manteiga 500g,un,6
2026-07-04,Loja 002,SKU-4001,"Batata pre-frita congelada 2,5kg",pct,25
2026-07-04,Loja 002,SKU-4002,Anel de cebola congelado 1kg,pct,4
2026-07-04,Loja 002,SKU-4003,Nuggets congelado 2kg,pct,4
2026-07-04,Loja 002,SKU-5001,Oleo de soja 900ml cx 20un,cx,3
2026-07-04,Loja 002,SKU-5002,"Ketchup galao 3,2kg",gl,3
2026-07-04,Loja 002,SKU-5003,Maionese galao 3kg,gl,3
2026-07-04,Loja 002,SKU-5004,Mostarda galao 3kg,gl,1
2026-07-04,Loja 002,SKU-5005,Sal refinado 1kg,un,1
2026-07-04,Loja 002,SKU-6001,Alface americana un,un,34
2026-07-04,Loja 002,SKU-6002,Tomate salada kg,kg,16.9
2026-07-04,Loja 002,SKU-6003,Cebola kg,kg,11.8
2026-07-04,Loja 002,SKU-6004,Picles fatiado 2kg,pt,3
2026-07-04,Loja 002,SKU-7001,Refrigerante lata cx 24un,cx,11
2026-07-04,Loja 002,SKU-7002,Refrigerante 2L cx 6un,cx,5
2026-07-04,Loja 002,SKU-7003,Suco caixinha cx 12un,cx,3
2026-07-04,Loja 002,SKU-7004,Agua mineral 500ml cx 12un,cx,7
2026-07-04,Loja 002,SKU-8001,Embalagem sanduiche pct 100un,pct,13
2026-07-04,Loja 002,SKU-8002,Copo 400ml pct 50un,pct,9
2026-07-04,Loja 002,SKU-8003,Sacola delivery pct 100un,pct,7
2026-07-04,Loja 002,SKU-8004,Guardanapo pct 1000un,pct,5
2026-07-04,Loja 003,SKU-1001,Hamburguer bovino 180g cx 24un,cx,13
2026-07-04,Loja 003,SKU-1002,File de frango congelado 2kg,pct,25
2026-07-04,Loja 003,SKU-1003,Bacon fatiado 1kg,pct,12
2026-07-04,Loja 003,SKU-1004,Linguica toscana 3kg,pct,8
2026-07-04,Loja 003,SKU-2001,Pao de hamburguer pct 12un,pct,51
2026-07-04,Loja 003,SKU-2002,Pao brioche pct 12un,pct,20
2026-07-04,Loja 003,SKU-3001,Queijo cheddar fatiado 1kg,pct,20
2026-07-04,Loja 003,SKU-3002,Queijo mussarela 5kg,pct,12
2026-07-04,Loja 003,SKU-3003,"Requeijao cremoso 1,5kg",pt,7
2026-07-04,Loja 003,SKU-3004,Manteiga 500g,un,13
2026-07-04,Loja 003,SKU-4001,"Batata pre-frita congelada 2,5kg",pct,34
2026-07-04,Loja 003,SKU-4002,Anel de cebola congelado 1kg,pct,6
2026-07-04,Loja 003,SKU-4003,Nuggets congelado 2kg,pct,8
2026-07-04,Loja 003,SKU-5001,Oleo de soja 900ml cx 20un,cx,4
2026-07-04,Loja 003,SKU-5002,"Ketchup galao 3,2kg",gl,3
2026-07-04,Loja 003,SKU-5003,Maionese galao 3kg,gl,5
2026-07-04,Loja 003,SKU-5004,Mostarda galao 3kg,gl,3
2026-07-04,Loja 003,SKU-5005,Sal refinado 1kg,un,3
2026-07-04,Loja 003,SKU-6001,Alface americana un,un,40
2026-07-04,Loja 003,SKU-6002,Tomate salada kg,kg,45.8
2026-07-04,Loja 003,SKU-6003,Cebola kg,kg,14.9
2026-07-04,Loja 003,SKU-6004,Picles fatiado 2kg,pt,4
2026-07-04,Loja 003,SKU-7001,Refrigerante lata cx 24un,cx,23
2026-07-04,Loja 003,SKU-7002,Refrigerante 2L cx 6un,cx,10
2026-07-04,Loja 003,SKU-7003,Suco caixinha cx 12un,cx,7
2026-07-04,Loja 003,SKU-7004,Agua mineral 500ml cx 12un,cx,10
2026-07-04,Loja 003,SKU-8001,Embalagem sanduiche pct 100un,pct,22
2026-07-04,Loja 003,SKU-8002,Copo 400ml pct 50un,pct,14
2026-07-04,Loja 003,SKU-8003,Sacola delivery pct 100un,pct,16
2026-07-04,Loja 003,SKU-8004,Guardanapo pct 1000un,pct,7
2026-07-05,Loja 001,SKU-1001,Hamburguer bovino 180g cx 24un,cx,11
2026-07-05,Loja 001,SKU-1002,File de frango congelado 2kg,pct,14
2026-07-05,Loja 001,SKU-1003,Bacon fatiado 1kg,pct,7
2026-07-05,Loja 001,SKU-1004,Linguica toscana 3kg,pct,7
2026-07-05,Loja 001,SKU-2001,Pao de hamburguer pct 12un,pct,27
2026-07-05,Loja 001,SKU-2002,Pao brioche pct 12un,pct,15
2026-07-05,Loja 001,SKU-3001,Queijo cheddar fatiado 1kg,pct,13
2026-07-05,Loja 001,SKU-3002,Queijo mussarela 5kg,pct,8
2026-07-05,Loja 001,SKU-3003,"Requeijao cremoso 1,5kg",pt,4
2026-07-05,Loja 001,SKU-3004,Manteiga 500g,un,6
2026-07-05,Loja 001,SKU-4001,"Batata pre-frita congelada 2,5kg",pct,19
2026-07-05,Loja 001,SKU-4002,Anel de cebola congelado 1kg,pct,3
2026-07-05,Loja 001,SKU-4003,Nuggets congelado 2kg,pct,6
2026-07-05,Loja 001,SKU-5001,Oleo de soja 900ml cx 20un,cx,4
2026-07-05,Loja 001,SKU-5002,"Ketchup galao 3,2kg",gl,3
2026-07-05,Loja 001,SKU-5003,Maionese galao 3kg,gl,3
2026-07-05,Loja 001,SKU-5004,Mostarda galao 3kg,gl,1
2026-07-05,Loja 001,SKU-5005,Sal refinado 1kg,un,2
2026-07-05,Loja 001,SKU-6001,Alface americana un,un,36
2026-07-05,Loja 001,SKU-6002,Tomate salada kg,kg,20.8
2026-07-05,Loja 001,SKU-6003,Cebola kg,kg,16.5
2026-07-05,Loja 001,SKU-6004,Picles fatiado 2kg,pt,4
2026-07-05,Loja 001,SKU-7001,Refrigerante lata cx 24un,cx,11
2026-07-05,Loja 001,SKU-7002,Refrigerante 2L cx 6un,cx,5
2026-07-05,Loja 001,SKU-7003,Suco caixinha cx 12un,cx,4
2026-07-05,Loja 001,SKU-7004,Agua mineral 500ml cx 12un,cx,6
2026-07-05,Loja 001,SKU-8001,Embalagem sanduiche pct 100un,pct,15
2026-07-05,Loja 001,SKU-8002,Copo 400ml pct 50un,pct,8
2026-07-05,Loja 001,SKU-8003,Sacola delivery pct 100un,pct,8
2026-07-05,Loja 001,SKU-8004,Guardanapo pct 1000un,pct,5
2026-07-05,Loja 002,SKU-1001,Hamburguer bovino 180g cx 24un,cx,8
2026-07-05,Loja 002,SKU-1002,File de frango congelado 2kg,pct,10
2026-07-05,Loja 002,SKU-1003,Bacon fatiado 1kg,pct,5
2026-07-05,Loja 002,SKU-1004,Linguica toscana 3kg,pct,5
2026-07-05,Loja 002,SKU-2001,Pao de hamburguer pct 12un,pct,13
2026-07-05,Loja 002,SKU-2002,Pao brioche pct 12un,pct,6
2026-07-05,Loja 002,SKU-3001,Queijo cheddar fatiado 1kg,pct,8
2026-07-05,Loja 002,SKU-3002,Queijo mussarela 5kg,pct,6
2026-07-05,Loja 002,SKU-3003,"Requeijao cremoso 1,5kg",pt,3
2026-07-05,Loja 002,SKU-3004,Manteiga 500g,un,4
2026-07-05,Loja 002,SKU-4001,"Batata pre-frita congelada 2,5kg",pct,15
2026-07-05,Loja 002,SKU-4002,Anel de cebola congelado 1kg,pct,3
2026-07-05,Loja 002,SKU-4003,Nuggets congelado 2kg,pct,3
2026-07-05,Loja 002,SKU-5001,Oleo de soja 900ml cx 20un,cx,2
2026-07-05,Loja 002,SKU-5002,"Ketchup galao 3,2kg",gl,2
2026-07-05,Loja 002,SKU-5003,Maionese galao 3kg,gl,2
2026-07-05,Loja 002,SKU-5004,Mostarda galao 3kg,gl,1
2026-07-05,Loja 002,SKU-5005,Sal refinado 1kg,un,1
2026-07-05,Loja 002,SKU-6001,Alface americana un,un,28
2026-07-05,Loja 002,SKU-6002,Tomate salada kg,kg,10.7
2026-07-05,Loja 002,SKU-6003,Cebola kg,kg,11.2
2026-07-05,Loja 002,SKU-6004,Picles fatiado 2kg,pt,1
2026-07-05,Loja 002,SKU-7001,Refrigerante lata cx 24un,cx,10
2026-07-05,Loja 002,SKU-7002,Refrigerante 2L cx 6un,cx,3
2026-07-05,Loja 002,SKU-7003,Suco caixinha cx 12un,cx,3
2026-07-05,Loja 002,SKU-7004,Agua mineral 500ml cx 12un,cx,6
2026-07-05,Loja 002,SKU-8001,Embalagem sanduiche pct 100un,pct,13
2026-07-05,Loja 002,SKU-8002,Copo 400ml pct 50un,pct,7
2026-07-05,Loja 002,SKU-8003,Sacola delivery pct 100un,pct,5
2026-07-05,Loja 002,SKU-8004,Guardanapo pct 1000un,pct,4
2026-07-05,Loja 003,SKU-1001,Hamburguer bovino 180g cx 24un,cx,11
2026-07-05,Loja 003,SKU-1002,File de frango congelado 2kg,pct,25
2026-07-05,Loja 003,SKU-1003,Bacon fatiado 1kg,pct,10
2026-07-05,Loja 003,SKU-1004,Linguica toscana 3kg,pct,7
2026-07-05,Loja 003,SKU-2001,Pao de hamburguer pct 12un,pct,28
2026-07-05,Loja 003,SKU-2002,Pao brioche pct 12un,pct,15
2026-07-05,Loja 003,SKU-3001,Queijo cheddar fatiado 1kg,pct,19
2026-07-05,Loja 003,SKU-3002,Queijo mussarela 5kg,pct,11
2026-07-05,Loja 003,SKU-3003,"Requeijao cremoso 1,5kg",pt,6
2026-07-05,Loja 003,SKU-3004,Manteiga 500g,un,7
2026-07-05,Loja 003,SKU-4001,"Batata pre-frita congelada 2,5kg",pct,32
2026-07-05,Loja 003,SKU-4002,Anel de cebola congelado 1kg,pct,4
2026-07-05,Loja 003,SKU-4003,Nuggets congelado 2kg,pct,6
2026-07-05,Loja 003,SKU-5001,Oleo de soja 900ml cx 20un,cx,5
2026-07-05,Loja 003,SKU-5002,"Ketchup galao 3,2kg",gl,3
2026-07-05,Loja 003,SKU-5003,Maionese galao 3kg,gl,4
2026-07-05,Loja 003,SKU-5004,Mostarda galao 3kg,gl,2
2026-07-05,Loja 003,SKU-5005,Sal refinado 1kg,un,3
2026-07-05,Loja 003,SKU-6001,Alface americana un,un,54
2026-07-05,Loja 003,SKU-6002,Tomate salada kg,kg,23.0
2026-07-05,Loja 003,SKU-6003,Cebola kg,kg,18.5
2026-07-05,Loja 003,SKU-6004,Picles fatiado 2kg,pt,4
2026-07-05,Loja 003,SKU-7001,Refrigerante lata cx 24un,cx,18
2026-07-05,Loja 003,SKU-7002,Refrigerante 2L cx 6un,cx,6
2026-07-05,Loja 003,SKU-7003,Suco caixinha cx 12un,cx,4
2026-07-05,Loja 003,SKU-7004,Agua mineral 500ml cx 12un,cx,8
2026-07-05,Loja 003,SKU-8001,Embalagem sanduiche pct 100un,pct,21
2026-07-05,Loja 003,SKU-8002,Copo 400ml pct 50un,pct,14
2026-07-05,Loja 003,SKU-8003,Sacola delivery pct 100un,pct,12
2026-07-05,Loja 003,SKU-8004,Guardanapo pct 1000un,pct,6
2026-07-06,Loja 001,SKU-1001,Hamburguer bovino 180g cx 24un,cx,9
2026-07-06,Loja 001,SKU-1002,File de frango congelado 2kg,pct,11
2026-07-06,Loja 001,SKU-1003,Bacon fatiado 1kg,pct,5
2026-07-06,Loja 001,SKU-1004,Linguica toscana 3kg,pct,5
2026-07-06,Loja 001,SKU-2001,Pao de hamburguer pct 12un,pct,21
2026-07-06,Loja 001,SKU-2002,Pao brioche pct 12un,pct,7
2026-07-06,Loja 001,SKU-3001,Queijo cheddar fatiado 1kg,pct,8
2026-07-06,Loja 001,SKU-3002,Queijo mussarela 5kg,pct,7
2026-07-06,Loja 001,SKU-3003,"Requeijao cremoso 1,5kg",pt,3
2026-07-06,Loja 001,SKU-3004,Manteiga 500g,un,5
2026-07-06,Loja 001,SKU-4001,"Batata pre-frita congelada 2,5kg",pct,18
2026-07-06,Loja 001,SKU-4002,Anel de cebola congelado 1kg,pct,3
2026-07-06,Loja 001,SKU-4003,Nuggets congelado 2kg,pct,4
2026-07-06,Loja 001,SKU-5001,Oleo de soja 900ml cx 20un,cx,2
2026-07-06,Loja 001,SKU-5002,"Ketchup galao 3,2kg",gl,2
2026-07-06,Loja 001,SKU-5003,Maionese galao 3kg,gl,2
2026-07-06,Loja 001,SKU-5004,Mostarda galao 3kg,gl,1
2026-07-06,Loja 001,SKU-5005,Sal refinado 1kg,un,1
2026-07-06,Loja 001,SKU-6001,Alface americana un,un,20
2026-07-06,Loja 001,SKU-6002,Tomate salada kg,kg,21.8
2026-07-06,Loja 001,SKU-6003,Cebola kg,kg,9.3
2026-07-06,Loja 001,SKU-6004,Picles fatiado 2kg,pt,2
2026-07-06,Loja 001,SKU-7001,Refrigerante lata cx 24un,cx,10
2026-07-06,Loja 001,SKU-7002,Refrigerante 2L cx 6un,cx,4
2026-07-06,Loja 001,SKU-7003,Suco caixinha cx 12un,cx,3
2026-07-06,Loja 001,SKU-7004,Agua mineral 500ml cx 12un,cx,5
2026-07-06,Loja 001,SKU-8001,Embalagem sanduiche pct 100un,pct,13
2026-07-06,Loja 001,SKU-8002,Copo 400ml pct 50un,pct,7
2026-07-06,Loja 001,SKU-8003,Sacola delivery pct 100un,pct,7
2026-07-06,Loja 001,SKU-8004,Guardanapo pct 1000un,pct,4
2026-07-06,Loja 002,SKU-1001,Hamburguer bovino 180g cx 24un,cx,5
2026-07-06,Loja 002,SKU-1002,File de frango congelado 2kg,pct,8
2026-07-06,Loja 002,SKU-1003,Bacon fatiado 1kg,pct,5
2026-07-06,Loja 002,SKU-1004,Linguica toscana 3kg,pct,4
2026-07-06,Loja 002,SKU-2001,Pao de hamburguer pct 12un,pct,17
2026-07-06,Loja 002,SKU-2002,Pao brioche pct 12un,pct,8
2026-07-06,Loja 002,SKU-3001,Queijo cheddar fatiado 1kg,pct,8
2026-07-06,Loja 002,SKU-3002,Queijo mussarela 5kg,pct,4
2026-07-06,Loja 002,SKU-3003,"Requeijao cremoso 1,5kg",pt,2
2026-07-06,Loja 002,SKU-3004,Manteiga 500g,un,4
2026-07-06,Loja 002,SKU-4001,"Batata pre-frita congelada 2,5kg",pct,14
2026-07-06,Loja 002,SKU-4002,Anel de cebola congelado 1kg,pct,2
2026-07-06,Loja 002,SKU-4003,Nuggets congelado 2kg,pct,2
2026-07-06,Loja 002,SKU-5001,Oleo de soja 900ml cx 20un,cx,2
2026-07-06,Loja 002,SKU-5002,"Ketchup galao 3,2kg",gl,1
2026-07-06,Loja 002,SKU-5003,Maionese galao 3kg,gl,1
2026-07-06,Loja 002,SKU-5004,Mostarda galao 3kg,gl,1
2026-07-06,Loja 002,SKU-5005,Sal refinado 1kg,un,1
2026-07-06,Loja 002,SKU-6001,Alface americana un,un,16
2026-07-06,Loja 002,SKU-6002,Tomate salada kg,kg,13.1
2026-07-06,Loja 002,SKU-6003,Cebola kg,kg,10.1
2026-07-06,Loja 002,SKU-6004,Picles fatiado 2kg,pt,1
2026-07-06,Loja 002,SKU-7001,Refrigerante lata cx 24un,cx,7
2026-07-06,Loja 002,SKU-7002,Refrigerante 2L cx 6un,cx,2
2026-07-06,Loja 002,SKU-7003,Suco caixinha cx 12un,cx,2
2026-07-06,Loja 002,SKU-7004,Agua mineral 500ml cx 12un,cx,3
2026-07-06,Loja 002,SKU-8001,Embalagem sanduiche pct 100un,pct,7
2026-07-06,Loja 002,SKU-8002,Copo 400ml pct 50un,pct,6
2026-07-06,Loja 002,SKU-8003,Sacola delivery pct 100un,pct,5
2026-07-06,Loja 002,SKU-8004,Guardanapo pct 1000un,pct,3
2026-07-06,Loja 003,SKU-1001,Hamburguer bovino 180g cx 24un,cx,10
2026-07-06,Loja 003,SKU-1002,File de frango congelado 2kg,pct,16
2026-07-06,Loja 003,SKU-1003,Bacon fatiado 1kg,pct,5
2026-07-06,Loja 003,SKU-1004,Linguica toscana 3kg,pct,6
2026-07-06,Loja 003,SKU-2001,Pao de hamburguer pct 12un,pct,17
2026-07-06,Loja 003,SKU-2002,Pao brioche pct 12un,pct,12
2026-07-06,Loja 003,SKU-3001,Queijo cheddar fatiado 1kg,pct,11
2026-07-06,Loja 003,SKU-3002,Queijo mussarela 5kg,pct,8
2026-07-06,Loja 003,SKU-3003,"Requeijao cremoso 1,5kg",pt,4
2026-07-06,Loja 003,SKU-3004,Manteiga 500g,un,7
2026-07-06,Loja 003,SKU-4001,"Batata pre-frita congelada 2,5kg",pct,22
2026-07-06,Loja 003,SKU-4002,Anel de cebola congelado 1kg,pct,3
2026-07-06,Loja 003,SKU-4003,Nuggets congelado 2kg,pct,5
2026-07-06,Loja 003,SKU-5001,Oleo de soja 900ml cx 20un,cx,3
2026-07-06,Loja 003,SKU-5002,"Ketchup galao 3,2kg",gl,2
2026-07-06,Loja 003,SKU-5003,Maionese galao 3kg,gl,3
2026-07-06,Loja 003,SKU-5004,Mostarda galao 3kg,gl,2
2026-07-06,Loja 003,SKU-5005,Sal refinado 1kg,un,1
2026-07-06,Loja 003,SKU-6001,Alface americana un,un,31
2026-07-06,Loja 003,SKU-6002,Tomate salada kg,kg,24.8
2026-07-06,Loja 003,SKU-6003,Cebola kg,kg,10.0
2026-07-06,Loja 003,SKU-6004,Picles fatiado 2kg,pt,2
2026-07-06,Loja 003,SKU-7001,Refrigerante lata cx 24un,cx,14
2026-07-06,Loja 003,SKU-7002,Refrigerante 2L cx 6un,cx,6
2026-07-06,Loja 003,SKU-7003,Suco caixinha cx 12un,cx,4
2026-07-06,Loja 003,SKU-7004,Agua mineral 500ml cx 12un,cx,5
2026-07-06,Loja 003,SKU-8001,Embalagem sanduiche pct 100un,pct,13
2026-07-06,Loja 003,SKU-8002,Copo 400ml pct 50un,pct,9
2026-07-06,Loja 003,SKU-8003,Sacola delivery pct 100un,pct,7
2026-07-06,Loja 003,SKU-8004,Guardanapo pct 1000un,pct,5
2026-07-07,Loja 001,SKU-1001,Hamburguer bovino 180g cx 24un,cx,9
2026-07-07,Loja 001,SKU-1002,File de frango congelado 2kg,pct,16
2026-07-07,Loja 001,SKU-1003,Bacon fatiado 1kg,pct,5
2026-07-07,Loja 001,SKU-1004,Linguica toscana 3kg,pct,4
2026-07-07,Loja 001,SKU-2001,Pao de hamburguer pct 12un,pct,13
2026-07-07,Loja 001,SKU-2002,Pao brioche pct 12un,pct,9
2026-07-07,Loja 001,SKU-3001,Queijo cheddar fatiado 1kg,pct,9
2026-07-07,Loja 001,SKU-3002,Queijo mussarela 5kg,pct,8
2026-07-07,Loja 001,SKU-3003,"Requeijao cremoso 1,5kg",pt,4
2026-07-07,Loja 001,SKU-3004,Manteiga 500g,un,4
2026-07-07,Loja 001,SKU-4001,"Batata pre-frita congelada 2,5kg",pct,20
2026-07-07,Loja 001,SKU-4002,Anel de cebola congelado 1kg,pct,3
2026-07-07,Loja 001,SKU-4003,Nuggets congelado 2kg,pct,4
2026-07-07,Loja 001,SKU-5001,Oleo de soja 900ml cx 20un,cx,3
2026-07-07,Loja 001,SKU-5002,"Ketchup galao 3,2kg",gl,2
2026-07-07,Loja 001,SKU-5003,Maionese galao 3kg,gl,2
2026-07-07,Loja 001,SKU-5004,Mostarda galao 3kg,gl,1
2026-07-07,Loja 001,SKU-5005,Sal refinado 1kg,un,1
2026-07-07,Loja 001,SKU-6001,Alface americana un,un,26
2026-07-07,Loja 001,SKU-6002,Tomate salada kg,kg,12.0
2026-07-07,Loja 001,SKU-6003,Cebola kg,kg,8.0
2026-07-07,Loja 001,SKU-6004,Picles fatiado 2kg,pt,2
2026-07-07,Loja 001,SKU-7001,Refrigerante lata cx 24un,cx,8
2026-07-07,Loja 001,SKU-7002,Refrigerante 2L cx 6un,cx,3
2026-07-07,Loja 001,SKU-7003,Suco caixinha cx 12un,cx,2
2026-07-07,Loja 001,SKU-7004,Agua mineral 500ml cx 12un,cx,6
2026-07-07,Loja 001,SKU-8001,Embalagem sanduiche pct 100un,pct,14
2026-07-07,Loja 001,SKU-8002,Copo 400ml pct 50un,pct,9
2026-07-07,Loja 001,SKU-8003,Sacola delivery pct 100un,pct,7
2026-07-07,Loja 001,SKU-8004,Guardanapo pct 1000un,pct,3
2026-07-07,Loja 002,SKU-1001,Hamburguer bovino 180g cx 24un,cx,6
2026-07-07,Loja 002,SKU-1002,File de frango congelado 2kg,pct,8
2026-07-07,Loja 002,SKU-1003,Bacon fatiado 1kg,pct,5
2026-07-07,Loja 002,SKU-1004,Linguica toscana 3kg,pct,3
2026-07-07,Loja 002,SKU-2001,Pao de hamburguer pct 12un,pct,11
2026-07-07,Loja 002,SKU-2002,Pao brioche pct 12un,pct,5
2026-07-07,Loja 002,SKU-3001,Queijo cheddar fatiado 1kg,pct,9
2026-07-07,Loja 002,SKU-3002,Queijo mussarela 5kg,pct,4
2026-07-07,Loja 002,SKU-3003,"Requeijao cremoso 1,5kg",pt,3
2026-07-07,Loja 002,SKU-3004,Manteiga 500g,un,4
2026-07-07,Loja 002,SKU-4001,"Batata pre-frita congelada 2,5kg",pct,11
2026-07-07,Loja 002,SKU-4002,Anel de cebola congelado 1kg,pct,2
2026-07-07,Loja 002,SKU-4003,Nuggets congelado 2kg,pct,3
2026-07-07,Loja 002,SKU-5001,Oleo de soja 900ml cx 20un,cx,2
2026-07-07,Loja 002,SKU-5002,"Ketchup galao 3,2kg",gl,1
2026-07-07,Loja 002,SKU-5003,Maionese galao 3kg,gl,1
2026-07-07,Loja 002,SKU-5004,Mostarda galao 3kg,gl,1
2026-07-07,Loja 002,SKU-5005,Sal refinado 1kg,un,1
2026-07-07,Loja 002,SKU-6001,Alface americana un,un,12
2026-07-07,Loja 002,SKU-6002,Tomate salada kg,kg,13.9
2026-07-07,Loja 002,SKU-6003,Cebola kg,kg,10.6
2026-07-07,Loja 002,SKU-6004,Picles fatiado 2kg,pt,2
2026-07-07,Loja 002,SKU-7001,Refrigerante lata cx 24un,cx,8
2026-07-07,Loja 002,SKU-7002,Refrigerante 2L cx 6un,cx,3
2026-07-07,Loja 002,SKU-7003,Suco caixinha cx 12un,cx,2
2026-07-07,Loja 002,SKU-7004,Agua mineral 500ml cx 12un,cx,5
2026-07-07,Loja 002,SKU-8001,Embalagem sanduiche pct 100un,pct,7
2026-07-07,Loja 002,SKU-8002,Copo 400ml pct 50un,pct,5
2026-07-07,Loja 002,SKU-8003,Sacola delivery pct 100un,pct,5
2026-07-07,Loja 002,SKU-8004,Guardanapo pct 1000un,pct,2
2026-07-07,Loja 003,SKU-1001,Hamburguer bovino 180g cx 24un,cx,11
2026-07-07,Loja 003,SKU-1002,File de frango congelado 2kg,pct,19
2026-07-07,Loja 003,SKU-1003,Bacon fatiado 1kg,pct,7
2026-07-07,Loja 003,SKU-1004,Linguica toscana 3kg,pct,6
2026-07-07,Loja 003,SKU-2001,Pao de hamburguer pct 12un,pct,26
2026-07-07,Loja 003,SKU-2002,Pao brioche pct 12un,pct,16
2026-07-07,Loja 003,SKU-3001,Queijo cheddar fatiado 1kg,pct,15
2026-07-07,Loja 003,SKU-3002,Queijo mussarela 5kg,pct,8
2026-07-07,Loja 003,SKU-3003,"Requeijao cremoso 1,5kg",pt,4
2026-07-07,Loja 003,SKU-3004,Manteiga 500g,un,6
2026-07-07,Loja 003,SKU-4001,"Batata pre-frita congelada 2,5kg",pct,26
2026-07-07,Loja 003,SKU-4002,Anel de cebola congelado 1kg,pct,4
2026-07-07,Loja 003,SKU-4003,Nuggets congelado 2kg,pct,5
2026-07-07,Loja 003,SKU-5001,Oleo de soja 900ml cx 20un,cx,3
2026-07-07,Loja 003,SKU-5002,"Ketchup galao 3,2kg",gl,2
2026-07-07,Loja 003,SKU-5003,Maionese galao 3kg,gl,2
2026-07-07,Loja 003,SKU-5004,Mostarda galao 3kg,gl,2
2026-07-07,Loja 003,SKU-5005,Sal refinado 1kg,un,2
2026-07-07,Loja 003,SKU-6001,Alface americana un,un,40
2026-07-07,Loja 003,SKU-6002,Tomate salada kg,kg,31.2
2026-07-07,Loja 003,SKU-6003,Cebola kg,kg,14.7
2026-07-07,Loja 003,SKU-6004,Picles fatiado 2kg,pt,3
2026-07-07,Loja 003,SKU-7001,Refrigerante lata cx 24un,cx,12
2026-07-07,Loja 003,SKU-7002,Refrigerante 2L cx 6un,cx,5
2026-07-07,Loja 003,SKU-7003,Suco caixinha cx 12un,cx,4
2026-07-07,Loja 003,SKU-7004,Agua mineral 500ml cx 12un,cx,6
2026-07-07,Loja 003,SKU-8001,Embalagem sanduiche pct 100un,pct,16
2026-07-07,Loja 003,SKU-8002,Copo 400ml pct 50un,pct,9
2026-07-07,Loja 003,SKU-8003,Sacola delivery pct 100un,pct,9
2026-07-07,Loja 003,SKU-8004,Guardanapo pct 1000un,pct,6
2026-07-08,Loja 001,SKU-1001,Hamburguer bovino 180g cx 24un,cx,9
2026-07-08,Loja 001,SKU-1002,File de frango congelado 2kg,pct,12
2026-07-08,Loja 001,SKU-1003,Bacon fatiado 1kg,pct,7
2026-07-08,Loja 001,SKU-1004,Linguica toscana 3kg,pct,5
2026-07-08,Loja 001,SKU-2001,Pao de hamburguer pct 12un,pct,23
2026-07-08,Loja 001,SKU-2002,Pao brioche pct 12un,pct,11
2026-07-08,Loja 001,SKU-3001,Queijo cheddar fatiado 1kg,pct,13
2026-07-08,Loja 001,SKU-3002,Queijo mussarela 5kg,pct,8
2026-07-08,Loja 001,SKU-3003,"Requeijao cremoso 1,5kg",pt,4
2026-07-08,Loja 001,SKU-3004,Manteiga 500g,un,5
2026-07-08,Loja 001,SKU-4001,"Batata pre-frita congelada 2,5kg",pct,22
2026-07-08,Loja 001,SKU-4002,Anel de cebola congelado 1kg,pct,4
2026-07-08,Loja 001,SKU-4003,Nuggets congelado 2kg,pct,4
2026-07-08,Loja 001,SKU-5001,Oleo de soja 900ml cx 20un,cx,2
2026-07-08,Loja 001,SKU-5002,"Ketchup galao 3,2kg",gl,2
2026-07-08,Loja 001,SKU-5003,Maionese galao 3kg,gl,2
2026-07-08,Loja 001,SKU-5004,Mostarda galao 3kg,gl,1
2026-07-08,Loja 001,SKU-5005,Sal refinado 1kg,un,1
2026-07-08,Loja 001,SKU-6001,Alface americana un,un,30
2026-07-08,Loja 001,SKU-6002,Tomate salada kg,kg,26.3
2026-07-08,Loja 001,SKU-6003,Cebola kg,kg,12.1
2026-07-08,Loja 001,SKU-6004,Picles fatiado 2kg,pt,3
2026-07-08,Loja 001,SKU-7001,Refrigerante lata cx 24un,cx,9
2026-07-08,Loja 001,SKU-7002,Refrigerante 2L cx 6un,cx,4
2026-07-08,Loja 001,SKU-7003,Suco caixinha cx 12un,cx,3
2026-07-08,Loja 001,SKU-7004,Agua mineral 500ml cx 12un,cx,6
2026-07-08,Loja 001,SKU-8001,Embalagem sanduiche pct 100un,pct,13
2026-07-08,Loja 001,SKU-8002,Copo 400ml pct 50un,pct,7
2026-07-08,Loja 001,SKU-8003,Sacola delivery pct 100un,pct,6
2026-07-08,Loja 001,SKU-8004,Guardanapo pct 1000un,pct,5
2026-07-08,Loja 002,SKU-1001,Hamburguer bovino 180g cx 24un,cx,7
2026-07-08,Loja 002,SKU-1002,File de frango congelado 2kg,pct,9
2026-07-08,Loja 002,SKU-1003,Bacon fatiado 1kg,pct,5
2026-07-08,Loja 002,SKU-1004,Linguica toscana 3kg,pct,4
2026-07-08,Loja 002,SKU-2001,Pao de hamburguer pct 12un,pct,12
2026-07-08,Loja 002,SKU-2002,Pao brioche pct 12un,pct,7
2026-07-08,Loja 002,SKU-3001,Queijo cheddar fatiado 1kg,pct,6
2026-07-08,Loja 002,SKU-3002,Queijo mussarela 5kg,pct,5
2026-07-08,Loja 002,SKU-3003,"Requeijao cremoso 1,5kg",pt,2
2026-07-08,Loja 002,SKU-3004,Manteiga 500g,un,4
2026-07-08,Loja 002,SKU-4001,"Batata pre-frita congelada 2,5kg",pct,16
2026-07-08,Loja 002,SKU-4002,Anel de cebola congelado 1kg,pct,2
2026-07-08,Loja 002,SKU-4003,Nuggets congelado 2kg,pct,3
2026-07-08,Loja 002,SKU-5001,Oleo de soja 900ml cx 20un,cx,2
2026-07-08,Loja 002,SKU-5002,"Ketchup galao 3,2kg",gl,2
2026-07-08,Loja 002,SKU-5003,Maionese galao 3kg,gl,2
2026-07-08,Loja 002,SKU-5004,Mostarda galao 3kg,gl,1
2026-07-08,Loja 002,SKU-5005,Sal refinado 1kg,un,1
2026-07-08,Loja 002,SKU-6001,Alface americana un,un,15
2026-07-08,Loja 002,SKU-6002,Tomate salada kg,kg,14.6
2026-07-08,Loja 002,SKU-6003,Cebola kg,kg,9.3
2026-07-08,Loja 002,SKU-6004,Picles fatiado 2kg,pt,1
2026-07-08,Loja 002,SKU-7001,Refrigerante lata cx 24un,cx,8
2026-07-08,Loja 002,SKU-7002,Refrigerante 2L cx 6un,cx,2
2026-07-08,Loja 002,SKU-7003,Suco caixinha cx 12un,cx,2
2026-07-08,Loja 002,SKU-7004,Agua mineral 500ml cx 12un,cx,4
2026-07-08,Loja 002,SKU-8001,Embalagem sanduiche pct 100un,pct,8
2026-07-08,Loja 002,SKU-8002,Copo 400ml pct 50un,pct,5
2026-07-08,Loja 002,SKU-8003,Sacola delivery pct 100un,pct,6
2026-07-08,Loja 002,SKU-8004,Guardanapo pct 1000un,pct,3
2026-07-08,Loja 003,SKU-1001,Hamburguer bovino 180g cx 24un,cx,11
2026-07-08,Loja 003,SKU-1002,File de frango congelado 2kg,pct,22
2026-07-08,Loja 003,SKU-1003,Bacon fatiado 1kg,pct,8
2026-07-08,Loja 003,SKU-1004,Linguica toscana 3kg,pct,6
2026-07-08,Loja 003,SKU-2001,Pao de hamburguer pct 12un,pct,20
2026-07-08,Loja 003,SKU-2002,Pao brioche pct 12un,pct,13
2026-07-08,Loja 003,SKU-3001,Queijo cheddar fatiado 1kg,pct,15
2026-07-08,Loja 003,SKU-3002,Queijo mussarela 5kg,pct,8
2026-07-08,Loja 003,SKU-3003,"Requeijao cremoso 1,5kg",pt,5
2026-07-08,Loja 003,SKU-3004,Manteiga 500g,un,7
2026-07-08,Loja 003,SKU-4001,"Batata pre-frita congelada 2,5kg",pct,26
2026-07-08,Loja 003,SKU-4002,Anel de cebola congelado 1kg,pct,4
2026-07-08,Loja 003,SKU-4003,Nuggets congelado 2kg,pct,5
2026-07-08,Loja 003,SKU-5001,Oleo de soja 900ml cx 20un,cx,4
2026-07-08,Loja 003,SKU-5002,"Ketchup galao 3,2kg",gl,2
2026-07-08,Loja 003,SKU-5003,Maionese galao 3kg,gl,4
2026-07-08,Loja 003,SKU-5004,Mostarda galao 3kg,gl,2
2026-07-08,Loja 003,SKU-5005,Sal refinado 1kg,un,2
2026-07-08,Loja 003,SKU-6001,Alface americana un,un,25
2026-07-08,Loja 003,SKU-6002,Tomate salada kg,kg,22.3
2026-07-08,Loja 003,SKU-6003,Cebola kg,kg,12.5
2026-07-08,Loja 003,SKU-6004,Picles fatiado 2kg,pt,2
2026-07-08,Loja 003,SKU-7001,Refrigerante lata cx 24un,cx,13
2026-07-08,Loja 003,SKU-7002,Refrigerante 2L cx 6un,cx,6
2026-07-08,Loja 003,SKU-7003,Suco caixinha cx 12un,cx,4
2026-07-08,Loja 003,SKU-7004,Agua mineral 500ml cx 12un,cx,6
2026-07-08,Loja 003,SKU-8001,Embalagem sanduiche pct 100un,pct,16
2026-07-08,Loja 003,SKU-8002,Copo 400ml pct 50un,pct,13
2026-07-08,Loja 003,SKU-8003,Sacola delivery pct 100un,pct,8
2026-07-08,Loja 003,SKU-8004,Guardanapo pct 1000un,pct,6
2026-07-09,Loja 001,SKU-1001,Hamburguer bovino 180g cx 24un,cx,10
2026-07-09,Loja 001,SKU-1002,File de frango congelado 2kg,pct,17
2026-07-09,Loja 001,SKU-1003,Bacon fatiado 1kg,pct,9
2026-07-09,Loja 001,SKU-1004,Linguica toscana 3kg,pct,5
2026-07-09,Loja 001,SKU-2001,Pao de hamburguer pct 12un,pct,26
2026-07-09,Loja 001,SKU-2002,Pao brioche pct 12un,pct,8
2026-07-09,Loja 001,SKU-3001,Queijo cheddar fatiado 1kg,pct,12
2026-07-09,Loja 001,SKU-3002,Queijo mussarela 5kg,pct,9
2026-07-09,Loja 001,SKU-3003,"Requeijao cremoso 1,5kg",pt,5
2026-07-09,Loja 001,SKU-3004,Manteiga 500g,un,7
2026-07-09,Loja 001,SKU-4001,"Batata pre-frita congelada 2,5kg",pct,25
2026-07-09,Loja 001,SKU-4002,Anel de cebola congelado 1kg,pct,4
2026-07-09,Loja 001,SKU-4003,Nuggets congelado 2kg,pct,4
2026-07-09,Loja 001,SKU-5001,Oleo de soja 900ml cx 20un,cx,3
2026-07-09,Loja 001,SKU-5002,"Ketchup galao 3,2kg",gl,3
2026-07-09,Loja 001,SKU-5003,Maionese galao 3kg,gl,3
2026-07-09,Loja 001,SKU-5004,Mostarda galao 3kg,gl,2
2026-07-09,Loja 001,SKU-5005,Sal refinado 1kg,un,1
2026-07-09,Loja 001,SKU-6001,Alface americana un,un,25
2026-07-09,Loja 001,SKU-6002,Tomate salada kg,kg,28.7
2026-07-09,Loja 001,SKU-6003,Cebola kg,kg,15.8
2026-07-09,Loja 001,SKU-6004,Picles fatiado 2kg,pt,3
2026-07-09,Loja 001,SKU-7001,Refrigerante lata cx 24un,cx,10
2026-07-09,Loja 001,SKU-7002,Refrigerante 2L cx 6un,cx,5
2026-07-09,Loja 001,SKU-7003,Suco caixinha cx 12un,cx,3
2026-07-09,Loja 001,SKU-7004,Agua mineral 500ml cx 12un,cx,6
2026-07-09,Loja 001,SKU-8001,Embalagem sanduiche pct 100un,pct,15
2026-07-09,Loja 001,SKU-8002,Copo 400ml pct 50un,pct,8
2026-07-09,Loja 001,SKU-8003,Sacola delivery pct 100un,pct,9
2026-07-09,Loja 001,SKU-8004,Guardanapo pct 1000un,pct,4
2026-07-09,Loja 002,SKU-1001,Hamburguer bovino 180g cx 24un,cx,9
2026-07-09,Loja 002,SKU-1002,File de frango congelado 2kg,pct,12
2026-07-09,Loja 002,SKU-1003,Bacon fatiado 1kg,pct,5
2026-07-09,Loja 002,SKU-1004,Linguica toscana 3kg,pct,5
2026-07-09,Loja 002,SKU-2001,Pao de hamburguer pct 12un,pct,16
2026-07-09,Loja 002,SKU-2002,Pao brioche pct 12un,pct,7
2026-07-09,Loja 002,SKU-3001,Queijo cheddar fatiado 1kg,pct,9
2026-07-09,Loja 002,SKU-3002,Queijo mussarela 5kg,pct,7
2026-07-09,Loja 002,SKU-3003,"Requeijao cremoso 1,5kg",pt,2
2026-07-09,Loja 002,SKU-3004,Manteiga 500g,un,4
2026-07-09,Loja 002,SKU-4001,"Batata pre-frita congelada 2,5kg",pct,15
2026-07-09,Loja 002,SKU-4002,Anel de cebola congelado 1kg,pct,3
2026-07-09,Loja 002,SKU-4003,Nuggets congelado 2kg,pct,3
2026-07-09,Loja 002,SKU-5001,Oleo de soja 900ml cx 20un,cx,2
2026-07-09,Loja 002,SKU-5002,"Ketchup galao 3,2kg",gl,2
2026-07-09,Loja 002,SKU-5003,Maionese galao 3kg,gl,2
2026-07-09,Loja 002,SKU-5004,Mostarda galao 3kg,gl,1
2026-07-09,Loja 002,SKU-5005,Sal refinado 1kg,un,1
2026-07-09,Loja 002,SKU-6001,Alface americana un,un,17
2026-07-09,Loja 002,SKU-6002,Tomate salada kg,kg,18.8
2026-07-09,Loja 002,SKU-6003,Cebola kg,kg,6.3
2026-07-09,Loja 002,SKU-6004,Picles fatiado 2kg,pt,2
2026-07-09,Loja 002,SKU-7001,Refrigerante lata cx 24un,cx,7
2026-07-09,Loja 002,SKU-7002,Refrigerante 2L cx 6un,cx,3
2026-07-09,Loja 002,SKU-7003,Suco caixinha cx 12un,cx,3
2026-07-09,Loja 002,SKU-7004,Agua mineral 500ml cx 12un,cx,5
2026-07-09,Loja 002,SKU-8001,Embalagem sanduiche pct 100un,pct,9
2026-07-09,Loja 002,SKU-8002,Copo 400ml pct 50un,pct,8
2026-07-09,Loja 002,SKU-8003,Sacola delivery pct 100un,pct,7
2026-07-09,Loja 002,SKU-8004,Guardanapo pct 1000un,pct,4
2026-07-09,Loja 003,SKU-1001,Hamburguer bovino 180g cx 24un,cx,15
2026-07-09,Loja 003,SKU-1002,File de frango congelado 2kg,pct,22
2026-07-09,Loja 003,SKU-1003,Bacon fatiado 1kg,pct,8
2026-07-09,Loja 003,SKU-1004,Linguica toscana 3kg,pct,7
2026-07-09,Loja 003,SKU-2001,Pao de hamburguer pct 12un,pct,39
2026-07-09,Loja 003,SKU-2002,Pao brioche pct 12un,pct,18
2026-07-09,Loja 003,SKU-3001,Queijo cheddar fatiado 1kg,pct,16
2026-07-09,Loja 003,SKU-3002,Queijo mussarela 5kg,pct,12
2026-07-09,Loja 003,SKU-3003,"Requeijao cremoso 1,5kg",pt,5
2026-07-09,Loja 003,SKU-3004,Manteiga 500g,un,6
2026-07-09,Loja 003,SKU-4001,"Batata pre-frita congelada 2,5kg",pct,25
2026-07-09,Loja 003,SKU-4002,Anel de cebola congelado 1kg,pct,5
2026-07-09,Loja 003,SKU-4003,Nuggets congelado 2kg,pct,5
2026-07-09,Loja 003,SKU-5001,Oleo de soja 900ml cx 20un,cx,4
2026-07-09,Loja 003,SKU-5002,"Ketchup galao 3,2kg",gl,3
2026-07-09,Loja 003,SKU-5003,Maionese galao 3kg,gl,4
2026-07-09,Loja 003,SKU-5004,Mostarda galao 3kg,gl,2
2026-07-09,Loja 003,SKU-5005,Sal refinado 1kg,un,2
2026-07-09,Loja 003,SKU-6001,Alface americana un,un,33
2026-07-09,Loja 003,SKU-6002,Tomate salada kg,kg,30.4
2026-07-09,Loja 003,SKU-6003,Cebola kg,kg,15.6
2026-07-09,Loja 003,SKU-6004,Picles fatiado 2kg,pt,2
2026-07-09,Loja 003,SKU-7001,Refrigerante lata cx 24un,cx,12
2026-07-09,Loja 003,SKU-7002,Refrigerante 2L cx 6un,cx,5
2026-07-09,Loja 003,SKU-7003,Suco caixinha cx 12un,cx,4
2026-07-09,Loja 003,SKU-7004,Agua mineral 500ml cx 12un,cx,8
2026-07-09,Loja 003,SKU-8001,Embalagem sanduiche pct 100un,pct,21
2026-07-09,Loja 003,SKU-8002,Copo 400ml pct 50un,pct,12
2026-07-09,Loja 003,SKU-8003,Sacola delivery pct 100un,pct,9
2026-07-09,Loja 003,SKU-8004,Guardanapo pct 1000un,pct,6
2026-07-10,Loja 001,SKU-1001,Hamburguer bovino 180g cx 24un,cx,14
2026-07-10,Loja 001,SKU-1002,File de frango congelado 2kg,pct,17
2026-07-10,Loja 001,SKU-1003,Bacon fatiado 1kg,pct,11
2026-07-10,Loja 001,SKU-1004,Linguica toscana 3kg,pct,6
2026-07-10,Loja 001,SKU-2001,Pao de hamburguer pct 12un,pct,21
2026-07-10,Loja 001,SKU-2002,Pao brioche pct 12un,pct,19
2026-07-10,Loja 001,SKU-3001,Queijo cheddar fatiado 1kg,pct,17
2026-07-10,Loja 001,SKU-3002,Queijo mussarela 5kg,pct,8
2026-07-10,Loja 001,SKU-3003,"Requeijao cremoso 1,5kg",pt,6
2026-07-10,Loja 001,SKU-3004,Manteiga 500g,un,9
2026-07-10,Loja 001,SKU-4001,"Batata pre-frita congelada 2,5kg",pct,28
2026-07-10,Loja 001,SKU-4002,Anel de cebola congelado 1kg,pct,5
2026-07-10,Loja 001,SKU-4003,Nuggets congelado 2kg,pct,6
2026-07-10,Loja 001,SKU-5001,Oleo de soja 900ml cx 20un,cx,3
2026-07-10,Loja 001,SKU-5002,"Ketchup galao 3,2kg",gl,3
2026-07-10,Loja 001,SKU-5003,Maionese galao 3kg,gl,3
2026-07-10,Loja 001,SKU-5004,Mostarda galao 3kg,gl,1
2026-07-10,Loja 001,SKU-5005,Sal refinado 1kg,un,2
2026-07-10,Loja 001,SKU-6001,Alface americana un,un,41
2026-07-10,Loja 001,SKU-6002,Tomate salada kg,kg,32.2
2026-07-10,Loja 001,SKU-6003,Cebola kg,kg,15.4
2026-07-10,Loja 001,SKU-6004,Picles fatiado 2kg,pt,2
2026-07-10,Loja 001,SKU-7001,Refrigerante lata cx 24un,cx,13
2026-07-10,Loja 001,SKU-7002,Refrigerante 2L cx 6un,cx,7
2026-07-10,Loja 001,SKU-7003,Suco caixinha cx 12un,cx,5
2026-07-10,Loja 001,SKU-7004,Agua mineral 500ml cx 12un,cx,7
2026-07-10,Loja 001,SKU-8001,Embalagem sanduiche pct 100un,pct,15
2026-07-10,Loja 001,SKU-8002,Copo 400ml pct 50un,pct,14
2026-07-10,Loja 001,SKU-8003,Sacola delivery pct 100un,pct,9
2026-07-10,Loja 001,SKU-8004,Guardanapo pct 1000un,pct,7
2026-07-10,Loja 002,SKU-1001,Hamburguer bovino 180g cx 24un,cx,10
2026-07-10,Loja 002,SKU-1002,File de frango congelado 2kg,pct,12
2026-07-10,Loja 002,SKU-1003,Bacon fatiado 1kg,pct,6
2026-07-10,Loja 002,SKU-1004,Linguica toscana 3kg,pct,5
2026-07-10,Loja 002,SKU-2001,Pao de hamburguer pct 12un,pct,30
2026-07-10,Loja 002,SKU-2002,Pao brioche pct 12un,pct,9
2026-07-10,Loja 002,SKU-3001,Queijo cheddar fatiado 1kg,pct,11
2026-07-10,Loja 002,SKU-3002,Queijo mussarela 5kg,pct,8
2026-07-10,Loja 002,SKU-3003,"Requeijao cremoso 1,5kg",pt,3
2026-07-10,Loja 002,SKU-3004,Manteiga 500g,un,5
2026-07-10,Loja 002,SKU-4001,"Batata pre-frita congelada 2,5kg",pct,18
2026-07-10,Loja 002,SKU-4002,Anel de cebola congelado 1kg,pct,4
2026-07-10,Loja 002,SKU-4003,Nuggets congelado 2kg,pct,4
2026-07-10,Loja 002,SKU-5001,Oleo de soja 900ml cx 20un,cx,3
2026-07-10,Loja 002,SKU-5002,"Ketchup galao 3,2kg",gl,2
2026-07-10,Loja 002,SKU-5003,Maionese galao 3kg,gl,3
2026-07-10,Loja 002,SKU-5004,Mostarda galao 3kg,gl,1
2026-07-10,Loja 002,SKU-5005,Sal refinado 1kg,un,1
2026-07-10,Loja 002,SKU-6001,Alface americana un,un,20
2026-07-10,Loja 002,SKU-6002,Tomate salada kg,kg,15.0
2026-07-10,Loja 002,SKU-6003,Cebola kg,kg,14.3
2026-07-10,Loja 002,SKU-6004,Picles fatiado 2kg,pt,3
2026-07-10,Loja 002,SKU-7001,Refrigerante lata cx 24un,cx,8
2026-07-10,Loja 002,SKU-7002,Refrigerante 2L cx 6un,cx,4
2026-07-10,Loja 002,SKU-7003,Suco caixinha cx 12un,cx,3
2026-07-10,Loja 002,SKU-7004,Agua mineral 500ml cx 12un,cx,7
2026-07-10,Loja 002,SKU-8001,Embalagem sanduiche pct 100un,pct,13
2026-07-10,Loja 002,SKU-8002,Copo 400ml pct 50un,pct,8
2026-07-10,Loja 002,SKU-8003,Sacola delivery pct 100un,pct,7
2026-07-10,Loja 002,SKU-8004,Guardanapo pct 1000un,pct,3
2026-07-10,Loja 003,SKU-1001,Hamburguer bovino 180g cx 24un,cx,14
2026-07-10,Loja 003,SKU-1002,File de frango congelado 2kg,pct,27
2026-07-10,Loja 003,SKU-1003,Bacon fatiado 1kg,pct,11
2026-07-10,Loja 003,SKU-1004,Linguica toscana 3kg,pct,9
2026-07-10,Loja 003,SKU-2001,Pao de hamburguer pct 12un,pct,41
2026-07-10,Loja 003,SKU-2002,Pao brioche pct 12un,pct,21
2026-07-10,Loja 003,SKU-3001,Queijo cheddar fatiado 1kg,pct,18
2026-07-10,Loja 003,SKU-3002,Queijo mussarela 5kg,pct,13
2026-07-10,Loja 003,SKU-3003,"Requeijao cremoso 1,5kg",pt,8
2026-07-10,Loja 003,SKU-3004,Manteiga 500g,un,11
2026-07-10,Loja 003,SKU-4001,"Batata pre-frita congelada 2,5kg",pct,30
2026-07-10,Loja 003,SKU-4002,Anel de cebola congelado 1kg,pct,6
2026-07-10,Loja 003,SKU-4003,Nuggets congelado 2kg,pct,6
2026-07-10,Loja 003,SKU-5001,Oleo de soja 900ml cx 20un,cx,5
2026-07-10,Loja 003,SKU-5002,"Ketchup galao 3,2kg",gl,4
2026-07-10,Loja 003,SKU-5003,Maionese galao 3kg,gl,6
2026-07-10,Loja 003,SKU-5004,Mostarda galao 3kg,gl,2
2026-07-10,Loja 003,SKU-5005,Sal refinado 1kg,un,3
2026-07-10,Loja 003,SKU-6001,Alface americana un,un,56
2026-07-10,Loja 003,SKU-6002,Tomate salada kg,kg,35.4
2026-07-10,Loja 003,SKU-6003,Cebola kg,kg,26.7
2026-07-10,Loja 003,SKU-6004,Picles fatiado 2kg,pt,3
2026-07-10,Loja 003,SKU-7001,Refrigerante lata cx 24un,cx,19
2026-07-10,Loja 003,SKU-7002,Refrigerante 2L cx 6un,cx,8
2026-07-10,Loja 003,SKU-7003,Suco caixinha cx 12un,cx,6
2026-07-10,Loja 003,SKU-7004,Agua mineral 500ml cx 12un,cx,11
2026-07-10,Loja 003,SKU-8001,Embalagem sanduiche pct 100un,pct,27
2026-07-10,Loja 003,SKU-8002,Copo 400ml pct 50un,pct,19
2026-07-10,Loja 003,SKU-8003,Sacola delivery pct 100un,pct,13
2026-07-10,Loja 003,SKU-8004,Guardanapo pct 1000un,pct,7
2026-07-11,Loja 001,SKU-1001,Hamburguer bovino 180g cx 24un,cx,13
2026-07-11,Loja 001,SKU-1002,File de frango congelado 2kg,pct,26
2026-07-11,Loja 001,SKU-1003,Bacon fatiado 1kg,pct,8
2026-07-11,Loja 001,SKU-1004,Linguica toscana 3kg,pct,6
2026-07-11,Loja 001,SKU-2001,Pao de hamburguer pct 12un,pct,42
2026-07-11,Loja 001,SKU-2002,Pao brioche pct 12un,pct,20
2026-07-11,Loja 001,SKU-3001,Queijo cheddar fatiado 1kg,pct,15
2026-07-11,Loja 001,SKU-3002,Queijo mussarela 5kg,pct,14
2026-07-11,Loja 001,SKU-3003,"Requeijao cremoso 1,5kg",pt,5
2026-07-11,Loja 001,SKU-3004,Manteiga 500g,un,10
2026-07-11,Loja 001,SKU-4001,"Batata pre-frita congelada 2,5kg",pct,33
2026-07-11,Loja 001,SKU-4002,Anel de cebola congelado 1kg,pct,4
2026-07-11,Loja 001,SKU-4003,Nuggets congelado 2kg,pct,8
2026-07-11,Loja 001,SKU-5001,Oleo de soja 900ml cx 20un,cx,4
2026-07-11,Loja 001,SKU-5002,"Ketchup galao 3,2kg",gl,3
2026-07-11,Loja 001,SKU-5003,Maionese galao 3kg,gl,5
2026-07-11,Loja 001,SKU-5004,Mostarda galao 3kg,gl,2
2026-07-11,Loja 001,SKU-5005,Sal refinado 1kg,un,2
2026-07-11,Loja 001,SKU-6001,Alface americana un,un,46
2026-07-11,Loja 001,SKU-6002,Tomate salada kg,kg,26.0
2026-07-11,Loja 001,SKU-6003,Cebola kg,kg,26.7
2026-07-11,Loja 001,SKU-6004,Picles fatiado 2kg,pt,3
2026-07-11,Loja 001,SKU-7001,Refrigerante lata cx 24un,cx,12
2026-07-11,Loja 001,SKU-7002,Refrigerante 2L cx 6un,cx,7
2026-07-11,Loja 001,SKU-7003,Suco caixinha cx 12un,cx,6
2026-07-11,Loja 001,SKU-7004,Agua mineral 500ml cx 12un,cx,7
2026-07-11,Loja 001,SKU-8001,Embalagem sanduiche pct 100un,pct,19
2026-07-11,Loja 001,SKU-8002,Copo 400ml pct 50un,pct,14
2026-07-11,Loja 001,SKU-8003,Sacola delivery pct 100un,pct,9
2026-07-11,Loja 001,SKU-8004,Guardanapo pct 1000un,pct,6
2026-07-11,Loja 002,SKU-1001,Hamburguer bovino 180g cx 24un,cx,10
2026-07-11,Loja 002,SKU-1002,File de frango congelado 2kg,pct,13
2026-07-11,Loja 002,SKU-1003,Bacon fatiado 1kg,pct,6
2026-07-11,Loja 002,SKU-1004,Linguica toscana 3kg,pct,5
2026-07-11,Loja 002,SKU-2001,Pao de hamburguer pct 12un,pct,26
2026-07-11,Loja 002,SKU-2002,Pao brioche pct 12un,pct,8
2026-07-11,Loja 002,SKU-3001,Queijo cheddar fatiado 1kg,pct,11
2026-07-11,Loja 002,SKU-3002,Queijo mussarela 5kg,pct,9
2026-07-11,Loja 002,SKU-3003,"Requeijao cremoso 1,5kg",pt,5
2026-07-11,Loja 002,SKU-3004,Manteiga 500g,un,6
2026-07-11,Loja 002,SKU-4001,"Batata pre-frita congelada 2,5kg",pct,22
2026-07-11,Loja 002,SKU-4002,Anel de cebola congelado 1kg,pct,3
2026-07-11,Loja 002,SKU-4003,Nuggets congelado 2kg,pct,4
2026-07-11,Loja 002,SKU-5001,Oleo de soja 900ml cx 20un,cx,3
2026-07-11,Loja 002,SKU-5002,"Ketchup galao 3,2kg",gl,2
2026-07-11,Loja 002,SKU-5003,Maionese galao 3kg,gl,3
2026-07-11,Loja 002,SKU-5004,Mostarda galao 3kg,gl,2
2026-07-11,Loja 002,SKU-5005,Sal refinado 1kg,un,1
2026-07-11,Loja 002,SKU-6001,Alface americana un,un,38
2026-07-11,Loja 002,SKU-6002,Tomate salada kg,kg,22.4
2026-07-11,Loja 002,SKU-6003,Cebola kg,kg,9.3
2026-07-11,Loja 002,SKU-6004,Picles fatiado 2kg,pt,3
2026-07-11,Loja 002,SKU-7001,Refrigerante lata cx 24un,cx,12
2026-07-11,Loja 002,SKU-7002,Refrigerante 2L cx 6un,cx,5
2026-07-11,Loja 002,SKU-7003,Suco caixinha cx 12un,cx,3
2026-07-11,Loja 002,SKU-7004,Agua mineral 500ml cx 12un,cx,6
2026-07-11,Loja 002,SKU-8001,Embalagem sanduiche pct 100un,pct,17
2026-07-11,Loja 002,SKU-8002,Copo 400ml pct 50un,pct,7
2026-07-11,Loja 002,SKU-8003,Sacola delivery pct 100un,pct,8
2026-07-11,Loja 002,SKU-8004,Guardanapo pct 1000un,pct,4
2026-07-11,Loja 003,SKU-1001,Hamburguer bovino 180g cx 24un,cx,21
2026-07-11,Loja 003,SKU-1002,File de frango congelado 2kg,pct,25
2026-07-11,Loja 003,SKU-1003,Bacon fatiado 1kg,pct,15
2026-07-11,Loja 003,SKU-1004,Linguica toscana 3kg,pct,12
2026-07-11,Loja 003,SKU-2001,Pao de hamburguer pct 12un,pct,46
2026-07-11,Loja 003,SKU-2002,Pao brioche pct 12un,pct,12
2026-07-11,Loja 003,SKU-3001,Queijo cheddar fatiado 1kg,pct,20
2026-07-11,Loja 003,SKU-3002,Queijo mussarela 5kg,pct,13
2026-07-11,Loja 003,SKU-3003,"Requeijao cremoso 1,5kg",pt,6
2026-07-11,Loja 003,SKU-3004,Manteiga 500g,un,11
2026-07-11,Loja 003,SKU-4001,"Batata pre-frita congelada 2,5kg",pct,32
2026-07-11,Loja 003,SKU-4002,Anel de cebola congelado 1kg,pct,7
2026-07-11,Loja 003,SKU-4003,Nuggets congelado 2kg,pct,10
2026-07-11,Loja 003,SKU-5001,Oleo de soja 900ml cx 20un,cx,6
2026-07-11,Loja 003,SKU-5002,"Ketchup galao 3,2kg",gl,5
2026-07-11,Loja 003,SKU-5003,Maionese galao 3kg,gl,5
2026-07-11,Loja 003,SKU-5004,Mostarda galao 3kg,gl,2
2026-07-11,Loja 003,SKU-5005,Sal refinado 1kg,un,3
2026-07-11,Loja 003,SKU-6001,Alface americana un,un,65
2026-07-11,Loja 003,SKU-6002,Tomate salada kg,kg,49.1
2026-07-11,Loja 003,SKU-6003,Cebola kg,kg,16.9
2026-07-11,Loja 003,SKU-6004,Picles fatiado 2kg,pt,3
2026-07-11,Loja 003,SKU-7001,Refrigerante lata cx 24un,cx,20
2026-07-11,Loja 003,SKU-7002,Refrigerante 2L cx 6un,cx,10
2026-07-11,Loja 003,SKU-7003,Suco caixinha cx 12un,cx,7
2026-07-11,Loja 003,SKU-7004,Agua mineral 500ml cx 12un,cx,12
2026-07-11,Loja 003,SKU-8001,Embalagem sanduiche pct 100un,pct,25
2026-07-11,Loja 003,SKU-8002,Copo 400ml pct 50un,pct,16
2026-07-11,Loja 003,SKU-8003,Sacola delivery pct 100un,pct,15
2026-07-11,Loja 003,SKU-8004,Guardanapo pct 1000un,pct,8
2026-07-12,Loja 001,SKU-1001,Hamburguer bovino 180g cx 24un,cx,8
2026-07-12,Loja 001,SKU-1002,File de frango congelado 2kg,pct,20
2026-07-12,Loja 001,SKU-1003,Bacon fatiado 1kg,pct,8
2026-07-12,Loja 001,SKU-1004,Linguica toscana 3kg,pct,5
2026-07-12,Loja 001,SKU-2001,Pao de hamburguer pct 12un,pct,19
2026-07-12,Loja 001,SKU-2002,Pao brioche pct 12un,pct,7
2026-07-12,Loja 001,SKU-3001,Queijo cheddar fatiado 1kg,pct,11
2026-07-12,Loja 001,SKU-3002,Queijo mussarela 5kg,pct,10
2026-07-12,Loja 001,SKU-3003,"Requeijao cremoso 1,5kg",pt,4
2026-07-12,Loja 001,SKU-3004,Manteiga 500g,un,6
2026-07-12,Loja 001,SKU-4001,"Batata pre-frita congelada 2,5kg",pct,23
2026-07-12,Loja 001,SKU-4002,Anel de cebola congelado 1kg,pct,4
2026-07-12,Loja 001,SKU-4003,Nuggets congelado 2kg,pct,5
2026-07-12,Loja 001,SKU-5001,Oleo de soja 900ml cx 20un,cx,3
2026-07-12,Loja 001,SKU-5002,"Ketchup galao 3,2kg",gl,3
2026-07-12,Loja 001,SKU-5003,Maionese galao 3kg,gl,4
2026-07-12,Loja 001,SKU-5004,Mostarda galao 3kg,gl,2
2026-07-12,Loja 001,SKU-5005,Sal refinado 1kg,un,1
2026-07-12,Loja 001,SKU-6001,Alface americana un,un,24
2026-07-12,Loja 001,SKU-6002,Tomate salada kg,kg,21.3
2026-07-12,Loja 001,SKU-6003,Cebola kg,kg,15.7
2026-07-12,Loja 001,SKU-6004,Picles fatiado 2kg,pt,2
2026-07-12,Loja 001,SKU-7001,Refrigerante lata cx 24un,cx,10
2026-07-12,Loja 001,SKU-7002,Refrigerante 2L cx 6un,cx,4
2026-07-12,Loja 001,SKU-7003,Suco caixinha cx 12un,cx,4
2026-07-12,Loja 001,SKU-7004,Agua mineral 500ml cx 12un,cx,7
2026-07-12,Loja 001,SKU-8001,Embalagem sanduiche pct 100un,pct,17
2026-07-12,Loja 001,SKU-8002,Copo 400ml pct 50un,pct,11
2026-07-12,Loja 001,SKU-8003,Sacola delivery pct 100un,pct,7
2026-07-12,Loja 001,SKU-8004,Guardanapo pct 1000un,pct,6
2026-07-12,Loja 002,SKU-1001,Hamburguer bovino 180g cx 24un,cx,6
2026-07-12,Loja 002,SKU-1002,File de frango congelado 2kg,pct,13
2026-07-12,Loja 002,SKU-1003,Bacon fatiado 1kg,pct,6
2026-07-12,Loja 002,SKU-1004,Linguica toscana 3kg,pct,4
2026-07-12,Loja 002,SKU-2001,Pao de hamburguer pct 12un,pct,23
2026-07-12,Loja 002,SKU-2002,Pao brioche pct 12un,pct,8
2026-07-12,Loja 002,SKU-3001,Queijo cheddar fatiado 1kg,pct,9
2026-07-12,Loja 002,SKU-3002,Queijo mussarela 5kg,pct,7
2026-07-12,Loja 002,SKU-3003,"Requeijao cremoso 1,5kg",pt,3
2026-07-12,Loja 002,SKU-3004,Manteiga 500g,un,4
2026-07-12,Loja 002,SKU-4001,"Batata pre-frita congelada 2,5kg",pct,13
2026-07-12,Loja 002,SKU-4002,Anel de cebola congelado 1kg,pct,3
2026-07-12,Loja 002,SKU-4003,Nuggets congelado 2kg,pct,4
2026-07-12,Loja 002,SKU-5001,Oleo de soja 900ml cx 20un,cx,3
2026-07-12,Loja 002,SKU-5002,"Ketchup galao 3,2kg",gl,2
2026-07-12,Loja 002,SKU-5003,Maionese galao 3kg,gl,2
2026-07-12,Loja 002,SKU-5004,Mostarda galao 3kg,gl,1
2026-07-12,Loja 002,SKU-5005,Sal refinado 1kg,un,1
2026-07-12,Loja 002,SKU-6001,Alface americana un,un,24
2026-07-12,Loja 002,SKU-6002,Tomate salada kg,kg,11.7
2026-07-12,Loja 002,SKU-6003,Cebola kg,kg,12.8
2026-07-12,Loja 002,SKU-6004,Picles fatiado 2kg,pt,2
2026-07-12,Loja 002,SKU-7001,Refrigerante lata cx 24un,cx,10
2026-07-12,Loja 002,SKU-7002,Refrigerante 2L cx 6un,cx,4
2026-07-12,Loja 002,SKU-7003,Suco caixinha cx 12un,cx,3
2026-07-12,Loja 002,SKU-7004,Agua mineral 500ml cx 12un,cx,4
2026-07-12,Loja 002,SKU-8001,Embalagem sanduiche pct 100un,pct,11
2026-07-12,Loja 002,SKU-8002,Copo 400ml pct 50un,pct,6
2026-07-12,Loja 002,SKU-8003,Sacola delivery pct 100un,pct,5
2026-07-12,Loja 002,SKU-8004,Guardanapo pct 1000un,pct,3
2026-07-12,Loja 003,SKU-1001,Hamburguer bovino 180g cx 24un,cx,14
2026-07-12,Loja 003,SKU-1002,File de frango congelado 2kg,pct,20
2026-07-12,Loja 003,SKU-1003,Bacon fatiado 1kg,pct,11
2026-07-12,Loja 003,SKU-1004,Linguica toscana 3kg,pct,8
2026-07-12,Loja 003,SKU-2001,Pao de hamburguer pct 12un,pct,26
2026-07-12,Loja 003,SKU-2002,Pao brioche pct 12un,pct,12
2026-07-12,Loja 003,SKU-3001,Queijo cheddar fatiado 1kg,pct,14
2026-07-12,Loja 003,SKU-3002,Queijo mussarela 5kg,pct,9
2026-07-12,Loja 003,SKU-3003,"Requeijao cremoso 1,5kg",pt,6
2026-07-12,Loja 003,SKU-3004,Manteiga 500g,un,7
2026-07-12,Loja 003,SKU-4001,"Batata pre-frita congelada 2,5kg",pct,32
2026-07-12,Loja 003,SKU-4002,Anel de cebola congelado 1kg,pct,6
2026-07-12,Loja 003,SKU-4003,Nuggets congelado 2kg,pct,6
2026-07-12,Loja 003,SKU-5001,Oleo de soja 900ml cx 20un,cx,5
2026-07-12,Loja 003,SKU-5002,"Ketchup galao 3,2kg",gl,3
2026-07-12,Loja 003,SKU-5003,Maionese galao 3kg,gl,5
2026-07-12,Loja 003,SKU-5004,Mostarda galao 3kg,gl,2
2026-07-12,Loja 003,SKU-5005,Sal refinado 1kg,un,3
2026-07-12,Loja 003,SKU-6001,Alface americana un,un,44
2026-07-12,Loja 003,SKU-6002,Tomate salada kg,kg,39.1
2026-07-12,Loja 003,SKU-6003,Cebola kg,kg,20.2
2026-07-12,Loja 003,SKU-6004,Picles fatiado 2kg,pt,4
2026-07-12,Loja 003,SKU-7001,Refrigerante lata cx 24un,cx,15
2026-07-12,Loja 003,SKU-7002,Refrigerante 2L cx 6un,cx,7
2026-07-12,Loja 003,SKU-7003,Suco caixinha cx 12un,cx,5
2026-07-12,Loja 003,SKU-7004,Agua mineral 500ml cx 12un,cx,9
2026-07-12,Loja 003,SKU-8001,Embalagem sanduiche pct 100un,pct,19
2026-07-12,Loja 003,SKU-8002,Copo 400ml pct 50un,pct,12
2026-07-12,Loja 003,SKU-8003,Sacola delivery pct 100un,pct,13
2026-07-12,Loja 003,SKU-8004,Guardanapo pct 1000un,pct,6
2026-07-13,Loja 001,SKU-1001,Hamburguer bovino 180g cx 24un,cx,7
2026-07-13,Loja 001,SKU-1002,File de frango congelado 2kg,pct,10
2026-07-13,Loja 001,SKU-1003,Bacon fatiado 1kg,pct,6
2026-07-13,Loja 001,SKU-1004,Linguica toscana 3kg,pct,5
2026-07-13,Loja 001,SKU-2001,Pao de hamburguer pct 12un,pct,15
2026-07-13,Loja 001,SKU-2002,Pao brioche pct 12un,pct,7
2026-07-13,Loja 001,SKU-3001,Queijo cheddar fatiado 1kg,pct,8
2026-07-13,Loja 001,SKU-3002,Queijo mussarela 5kg,pct,8
2026-07-13,Loja 001,SKU-3003,"Requeijao cremoso 1,5kg",pt,3
2026-07-13,Loja 001,SKU-3004,Manteiga 500g,un,5
2026-07-13,Loja 001,SKU-4001,"Batata pre-frita congelada 2,5kg",pct,16
2026-07-13,Loja 001,SKU-4002,Anel de cebola congelado 1kg,pct,3
2026-07-13,Loja 001,SKU-4003,Nuggets congelado 2kg,pct,4
2026-07-13,Loja 001,SKU-5001,Oleo de soja 900ml cx 20un,cx,2
2026-07-13,Loja 001,SKU-5002,"Ketchup galao 3,2kg",gl,2
2026-07-13,Loja 001,SKU-5003,Maionese galao 3kg,gl,3
2026-07-13,Loja 001,SKU-5004,Mostarda galao 3kg,gl,1
2026-07-13,Loja 001,SKU-5005,Sal refinado 1kg,un,1
2026-07-13,Loja 001,SKU-6001,Alface americana un,un,29
2026-07-13,Loja 001,SKU-6002,Tomate salada kg,kg,17.8
2026-07-13,Loja 001,SKU-6003,Cebola kg,kg,9.7
2026-07-13,Loja 001,SKU-6004,Picles fatiado 2kg,pt,2
2026-07-13,Loja 001,SKU-7001,Refrigerante lata cx 24un,cx,7
2026-07-13,Loja 001,SKU-7002,Refrigerante 2L cx 6un,cx,4
2026-07-13,Loja 001,SKU-7003,Suco caixinha cx 12un,cx,3
2026-07-13,Loja 001,SKU-7004,Agua mineral 500ml cx 12un,cx,5
2026-07-13,Loja 001,SKU-8001,Embalagem sanduiche pct 100un,pct,11
2026-07-13,Loja 001,SKU-8002,Copo 400ml pct 50un,pct,7
2026-07-13,Loja 001,SKU-8003,Sacola delivery pct 100un,pct,6
2026-07-13,Loja 001,SKU-8004,Guardanapo pct 1000un,pct,4
2026-07-13,Loja 002,SKU-1001,Hamburguer bovino 180g cx 24un,cx,6
2026-07-13,Loja 002,SKU-1002,File de frango congelado 2kg,pct,8
2026-07-13,Loja 002,SKU-1003,Bacon fatiado 1kg,pct,5
2026-07-13,Loja 002,SKU-1004,Linguica toscana 3kg,pct,3
2026-07-13,Loja 002,SKU-2001,Pao de hamburguer pct 12un,pct,17
2026-07-13,Loja 002,SKU-2002,Pao brioche pct 12un,pct,4
2026-07-13,Loja 002,SKU-3001,Queijo cheddar fatiado 1kg,pct,8
2026-07-13,Loja 002,SKU-3002,Queijo mussarela 5kg,pct,5
2026-07-13,Loja 002,SKU-3003,"Requeijao cremoso 1,5kg",pt,3
2026-07-13,Loja 002,SKU-3004,Manteiga 500g,un,3
2026-07-13,Loja 002,SKU-4001,"Batata pre-frita congelada 2,5kg",pct,10
2026-07-13,Loja 002,SKU-4002,Anel de cebola congelado 1kg,pct,2
2026-07-13,Loja 002,SKU-4003,Nuggets congelado 2kg,pct,3
2026-07-13,Loja 002,SKU-5001,Oleo de soja 900ml cx 20un,cx,2
2026-07-13,Loja 002,SKU-5002,"Ketchup galao 3,2kg",gl,1
2026-07-13,Loja 002,SKU-5003,Maionese galao 3kg,gl,2
2026-07-13,Loja 002,SKU-5004,Mostarda galao 3kg,gl,1
2026-07-13,Loja 002,SKU-5005,Sal refinado 1kg,un,1
2026-07-13,Loja 002,SKU-6001,Alface americana un,un,19
2026-07-13,Loja 002,SKU-6002,Tomate salada kg,kg,14.2
2026-07-13,Loja 002,SKU-6003,Cebola kg,kg,8.9
2026-07-13,Loja 002,SKU-6004,Picles fatiado 2kg,pt,1
2026-07-13,Loja 002,SKU-7001,Refrigerante lata cx 24un,cx,6
2026-07-13,Loja 002,SKU-7002,Refrigerante 2L cx 6un,cx,2
2026-07-13,Loja 002,SKU-7003,Suco caixinha cx 12un,cx,2
2026-07-13,Loja 002,SKU-7004,Agua mineral 500ml cx 12un,cx,3
2026-07-13,Loja 002,SKU-8001,Embalagem sanduiche pct 100un,pct,9
2026-07-13,Loja 002,SKU-8002,Copo 400ml pct 50un,pct,4
2026-07-13,Loja 002,SKU-8003,Sacola delivery pct 100un,pct,5
2026-07-13,Loja 002,SKU-8004,Guardanapo pct 1000un,pct,3
2026-07-13,Loja 003,SKU-1001,Hamburguer bovino 180g cx 24un,cx,12
2026-07-13,Loja 003,SKU-1002,File de frango congelado 2kg,pct,15
2026-07-13,Loja 003,SKU-1003,Bacon fatiado 1kg,pct,8
2026-07-13,Loja 003,SKU-1004,Linguica toscana 3kg,pct,4
2026-07-13,Loja 003,SKU-2001,Pao de hamburguer pct 12un,pct,22
2026-07-13,Loja 003,SKU-2002,Pao brioche pct 12un,pct,10
2026-07-13,Loja 003,SKU-3001,Queijo cheddar fatiado 1kg,pct,11
2026-07-13,Loja 003,SKU-3002,Queijo mussarela 5kg,pct,7
2026-07-13,Loja 003,SKU-3003,"Requeijao cremoso 1,5kg",pt,5
2026-07-13,Loja 003,SKU-3004,Manteiga 500g,un,5
2026-07-13,Loja 003,SKU-4001,"Batata pre-frita congelada 2,5kg",pct,18
2026-07-13,Loja 003,SKU-4002,Anel de cebola congelado 1kg,pct,4
2026-07-13,Loja 003,SKU-4003,Nuggets congelado 2kg,pct,6
2026-07-13,Loja 003,SKU-5001,Oleo de soja 900ml cx 20un,cx,3
2026-07-13,Loja 003,SKU-5002,"Ketchup galao 3,2kg",gl,2
2026-07-13,Loja 003,SKU-5003,Maionese galao 3kg,gl,3
2026-07-13,Loja 003,SKU-5004,Mostarda galao 3kg,gl,1
2026-07-13,Loja 003,SKU-5005,Sal refinado 1kg,un,2
2026-07-13,Loja 003,SKU-6001,Alface americana un,un,24
2026-07-13,Loja 003,SKU-6002,Tomate salada kg,kg,27.0
2026-07-13,Loja 003,SKU-6003,Cebola kg,kg,9.4
2026-07-13,Loja 003,SKU-6004,Picles fatiado 2kg,pt,3
2026-07-13,Loja 003,SKU-7001,Refrigerante lata cx 24un,cx,10
2026-07-13,Loja 003,SKU-7002,Refrigerante 2L cx 6un,cx,4
2026-07-13,Loja 003,SKU-7003,Suco caixinha cx 12un,cx,4
2026-07-13,Loja 003,SKU-7004,Agua mineral 500ml cx 12un,cx,6
2026-07-13,Loja 003,SKU-8001,Embalagem sanduiche pct 100un,pct,18
2026-07-13,Loja 003,SKU-8002,Copo 400ml pct 50un,pct,8
2026-07-13,Loja 003,SKU-8003,Sacola delivery pct 100un,pct,8
2026-07-13,Loja 003,SKU-8004,Guardanapo pct 1000un,pct,5
2026-07-14,Loja 001,SKU-1001,Hamburguer bovino 180g cx 24un,cx,8
2026-07-14,Loja 001,SKU-1002,File de frango congelado 2kg,pct,12
2026-07-14,Loja 001,SKU-1003,Bacon fatiado 1kg,pct,5
2026-07-14,Loja 001,SKU-1004,Linguica toscana 3kg,pct,4
2026-07-14,Loja 001,SKU-2001,Pao de hamburguer pct 12un,pct,27
2026-07-14,Loja 001,SKU-2002,Pao brioche pct 12un,pct,8
2026-07-14,Loja 001,SKU-3001,Queijo cheddar fatiado 1kg,pct,11
2026-07-14,Loja 001,SKU-3002,Queijo mussarela 5kg,pct,6
2026-07-14,Loja 001,SKU-3003,"Requeijao cremoso 1,5kg",pt,4
2026-07-14,Loja 001,SKU-3004,Manteiga 500g,un,5
2026-07-14,Loja 001,SKU-4001,"Batata pre-frita congelada 2,5kg",pct,16
2026-07-14,Loja 001,SKU-4002,Anel de cebola congelado 1kg,pct,3
2026-07-14,Loja 001,SKU-4003,Nuggets congelado 2kg,pct,5
2026-07-14,Loja 001,SKU-5001,Oleo de soja 900ml cx 20un,cx,3
2026-07-14,Loja 001,SKU-5002,"Ketchup galao 3,2kg",gl,2
2026-07-14,Loja 001,SKU-5003,Maionese galao 3kg,gl,3
2026-07-14,Loja 001,SKU-5004,Mostarda galao 3kg,gl,1
2026-07-14,Loja 001,SKU-5005,Sal refinado 1kg,un,1
2026-07-14,Loja 001,SKU-6001,Alface americana un,un,22
2026-07-14,Loja 001,SKU-6002,Tomate salada kg,kg,20.6
2026-07-14,Loja 001,SKU-6003,Cebola kg,kg,10.4
2026-07-14,Loja 001,SKU-6004,Picles fatiado 2kg,pt,2
2026-07-14,Loja 001,SKU-7001,Refrigerante lata cx 24un,cx,8
2026-07-14,Loja 001,SKU-7002,Refrigerante 2L cx 6un,cx,5
2026-07-14,Loja 001,SKU-7003,Suco caixinha cx 12un,cx,3
2026-07-14,Loja 001,SKU-7004,Agua mineral 500ml cx 12un,cx,5
2026-07-14,Loja 001,SKU-8001,Embalagem sanduiche pct 100un,pct,15
2026-07-14,Loja 001,SKU-8002,Copo 400ml pct 50un,pct,7
2026-07-14,Loja 001,SKU-8003,Sacola delivery pct 100un,pct,7
2026-07-14,Loja 001,SKU-8004,Guardanapo pct 1000un,pct,4
2026-07-14,Loja 002,SKU-1001,Hamburguer bovino 180g cx 24un,cx,6
2026-07-14,Loja 002,SKU-1002,File de frango congelado 2kg,pct,11
2026-07-14,Loja 002,SKU-1003,Bacon fatiado 1kg,pct,3
2026-07-14,Loja 002,SKU-1004,Linguica toscana 3kg,pct,4
2026-07-14,Loja 002,SKU-2001,Pao de hamburguer pct 12un,pct,10
2026-07-14,Loja 002,SKU-2002,Pao brioche pct 12un,pct,8
2026-07-14,Loja 002,SKU-3001,Queijo cheddar fatiado 1kg,pct,7
2026-07-14,Loja 002,SKU-3002,Queijo mussarela 5kg,pct,4
2026-07-14,Loja 002,SKU-3003,"Requeijao cremoso 1,5kg",pt,3
2026-07-14,Loja 002,SKU-3004,Manteiga 500g,un,4
2026-07-14,Loja 002,SKU-4001,"Batata pre-frita congelada 2,5kg",pct,11
2026-07-14,Loja 002,SKU-4002,Anel de cebola congelado 1kg,pct,2
2026-07-14,Loja 002,SKU-4003,Nuggets congelado 2kg,pct,3
2026-07-14,Loja 002,SKU-5001,Oleo de soja 900ml cx 20un,cx,2
2026-07-14,Loja 002,SKU-5002,"Ketchup galao 3,2kg",gl,1
2026-07-14,Loja 002,SKU-5003,Maionese galao 3kg,gl,2
2026-07-14,Loja 002,SKU-5004,Mostarda galao 3kg,gl,1
2026-07-14,Loja 002,SKU-5005,Sal refinado 1kg,un,1
2026-07-14,Loja 002,SKU-6001,Alface americana un,un,12
2026-07-14,Loja 002,SKU-6002,Tomate salada kg,kg,17.2
2026-07-14,Loja 002,SKU-6003,Cebola kg,kg,5.4
2026-07-14,Loja 002,SKU-6004,Picles fatiado 2kg,pt,2
2026-07-14,Loja 002,SKU-7001,Refrigerante lata cx 24un,cx,5
2026-07-14,Loja 002,SKU-7002,Refrigerante 2L cx 6un,cx,3
2026-07-14,Loja 002,SKU-7003,Suco caixinha cx 12un,cx,3
2026-07-14,Loja 002,SKU-7004,Agua mineral 500ml cx 12un,cx,3
2026-07-14,Loja 002,SKU-8001,Embalagem sanduiche pct 100un,pct,10
2026-07-14,Loja 002,SKU-8002,Copo 400ml pct 50un,pct,6
2026-07-14,Loja 002,SKU-8003,Sacola delivery pct 100un,pct,4
2026-07-14,Loja 002,SKU-8004,Guardanapo pct 1000un,pct,2
2026-07-14,Loja 003,SKU-1001,Hamburguer bovino 180g cx 24un,cx,10
2026-07-14,Loja 003,SKU-1002,File de frango congelado 2kg,pct,15
2026-07-14,Loja 003,SKU-1003,Bacon fatiado 1kg,pct,6
2026-07-14,Loja 003,SKU-1004,Linguica toscana 3kg,pct,6
2026-07-14,Loja 003,SKU-2001,Pao de hamburguer pct 12un,pct,17
2026-07-14,Loja 003,SKU-2002,Pao brioche pct 12un,pct,8
2026-07-14,Loja 003,SKU-3001,Queijo cheddar fatiado 1kg,pct,12
2026-07-14,Loja 003,SKU-3002,Queijo mussarela 5kg,pct,9
2026-07-14,Loja 003,SKU-3003,"Requeijao cremoso 1,5kg",pt,4
2026-07-14,Loja 003,SKU-3004,Manteiga 500g,un,7
2026-07-14,Loja 003,SKU-4001,"Batata pre-frita congelada 2,5kg",pct,25
2026-07-14,Loja 003,SKU-4002,Anel de cebola congelado 1kg,pct,4
2026-07-14,Loja 003,SKU-4003,Nuggets congelado 2kg,pct,7
2026-07-14,Loja 003,SKU-5001,Oleo de soja 900ml cx 20un,cx,3
2026-07-14,Loja 003,SKU-5002,"Ketchup galao 3,2kg",gl,2
2026-07-14,Loja 003,SKU-5003,Maionese galao 3kg,gl,3
2026-07-14,Loja 003,SKU-5004,Mostarda galao 3kg,gl,1
2026-07-14,Loja 003,SKU-5005,Sal refinado 1kg,un,2
2026-07-14,Loja 003,SKU-6001,Alface americana un,un,39
2026-07-14,Loja 003,SKU-6002,Tomate salada kg,kg,20.6
2026-07-14,Loja 003,SKU-6003,Cebola kg,kg,19.9
2026-07-14,Loja 003,SKU-6004,Picles fatiado 2kg,pt,2
2026-07-14,Loja 003,SKU-7001,Refrigerante lata cx 24un,cx,14
2026-07-14,Loja 003,SKU-7002,Refrigerante 2L cx 6un,cx,5
2026-07-14,Loja 003,SKU-7003,Suco caixinha cx 12un,cx,4
2026-07-14,Loja 003,SKU-7004,Agua mineral 500ml cx 12un,cx,7
2026-07-14,Loja 003,SKU-8001,Embalagem sanduiche pct 100un,pct,16
2026-07-14,Loja 003,SKU-8002,Copo 400ml pct 50un,pct,10
2026-07-14,Loja 003,SKU-8003,Sacola delivery pct 100un,pct,7
2026-07-14,Loja 003,SKU-8004,Guardanapo pct 1000un,pct,4
2026-07-15,Loja 001,SKU-1001,Hamburguer bovino 180g cx 24un,cx,10
2026-07-15,Loja 001,SKU-1002,File de frango congelado 2kg,pct,17
2026-07-15,Loja 001,SKU-1003,Bacon fatiado 1kg,pct,7
2026-07-15,Loja 001,SKU-1004,Linguica toscana 3kg,pct,6
2026-07-15,Loja 001,SKU-2001,Pao de hamburguer pct 12un,pct,27
2026-07-15,Loja 001,SKU-2002,Pao brioche pct 12un,pct,12
2026-07-15,Loja 001,SKU-3001,Queijo cheddar fatiado 1kg,pct,9
2026-07-15,Loja 001,SKU-3002,Queijo mussarela 5kg,pct,7
2026-07-15,Loja 001,SKU-3003,"Requeijao cremoso 1,5kg",pt,4
2026-07-15,Loja 001,SKU-3004,Manteiga 500g,un,5
2026-07-15,Loja 001,SKU-4001,"Batata pre-frita congelada 2,5kg",pct,23
2026-07-15,Loja 001,SKU-4002,Anel de cebola congelado 1kg,pct,3
2026-07-15,Loja 001,SKU-4003,Nuggets congelado 2kg,pct,4
2026-07-15,Loja 001,SKU-5001,Oleo de soja 900ml cx 20un,cx,3
2026-07-15,Loja 001,SKU-5002,"Ketchup galao 3,2kg",gl,2
2026-07-15,Loja 001,SKU-5003,Maionese galao 3kg,gl,2
2026-07-15,Loja 001,SKU-5004,Mostarda galao 3kg,gl,1
2026-07-15,Loja 001,SKU-5005,Sal refinado 1kg,un,2
2026-07-15,Loja 001,SKU-6001,Alface americana un,un,24
2026-07-15,Loja 001,SKU-6002,Tomate salada kg,kg,25.2
2026-07-15,Loja 001,SKU-6003,Cebola kg,kg,14.3
2026-07-15,Loja 001,SKU-6004,Picles fatiado 2kg,pt,3
2026-07-15,Loja 001,SKU-7001,Refrigerante lata cx 24un,cx,10
2026-07-15,Loja 001,SKU-7002,Refrigerante 2L cx 6un,cx,4
2026-07-15,Loja 001,SKU-7003,Suco caixinha cx 12un,cx,3
2026-07-15,Loja 001,SKU-7004,Agua mineral 500ml cx 12un,cx,6
2026-07-15,Loja 001,SKU-8001,Embalagem sanduiche pct 100un,pct,11
2026-07-15,Loja 001,SKU-8002,Copo 400ml pct 50un,pct,9
2026-07-15,Loja 001,SKU-8003,Sacola delivery pct 100un,pct,7
2026-07-15,Loja 001,SKU-8004,Guardanapo pct 1000un,pct,5
2026-07-15,Loja 002,SKU-1001,Hamburguer bovino 180g cx 24un,cx,5
2026-07-15,Loja 002,SKU-1002,File de frango congelado 2kg,pct,9
2026-07-15,Loja 002,SKU-1003,Bacon fatiado 1kg,pct,5
2026-07-15,Loja 002,SKU-1004,Linguica toscana 3kg,pct,3
2026-07-15,Loja 002,SKU-2001,Pao de hamburguer pct 12un,pct,20
2026-07-15,Loja 002,SKU-2002,Pao brioche pct 12un,pct,9
2026-07-15,Loja 002,SKU-3001,Queijo cheddar fatiado 1kg,pct,8
2026-07-15,Loja 002,SKU-3002,Queijo mussarela 5kg,pct,6
2026-07-15,Loja 002,SKU-3003,"Requeijao cremoso 1,5kg",pt,3
2026-07-15,Loja 002,SKU-3004,Manteiga 500g,un,4
2026-07-15,Loja 002,SKU-4001,"Batata pre-frita congelada 2,5kg",pct,14
2026-07-15,Loja 002,SKU-4002,Anel de cebola congelado 1kg,pct,2
2026-07-15,Loja 002,SKU-4003,Nuggets congelado 2kg,pct,4
2026-07-15,Loja 002,SKU-5001,Oleo de soja 900ml cx 20un,cx,2
2026-07-15,Loja 002,SKU-5002,"Ketchup galao 3,2kg",gl,1
2026-07-15,Loja 002,SKU-5003,Maionese galao 3kg,gl,2
2026-07-15,Loja 002,SKU-5004,Mostarda galao 3kg,gl,1
2026-07-15,Loja 002,SKU-5005,Sal refinado 1kg,un,1
2026-07-15,Loja 002,SKU-6001,Alface americana un,un,17
2026-07-15,Loja 002,SKU-6002,Tomate salada kg,kg,15.1
2026-07-15,Loja 002,SKU-6003,Cebola kg,kg,6.2
2026-07-15,Loja 002,SKU-6004,Picles fatiado 2kg,pt,1
2026-07-15,Loja 002,SKU-7001,Refrigerante lata cx 24un,cx,6
2026-07-15,Loja 002,SKU-7002,Refrigerante 2L cx 6un,cx,3
2026-07-15,Loja 002,SKU-7003,Suco caixinha cx 12un,cx,2
2026-07-15,Loja 002,SKU-7004,Agua mineral 500ml cx 12un,cx,3
2026-07-15,Loja 002,SKU-8001,Embalagem sanduiche pct 100un,pct,10
2026-07-15,Loja 002,SKU-8002,Copo 400ml pct 50un,pct,6
2026-07-15,Loja 002,SKU-8003,Sacola delivery pct 100un,pct,6
2026-07-15,Loja 002,SKU-8004,Guardanapo pct 1000un,pct,3
2026-07-15,Loja 003,SKU-1001,Hamburguer bovino 180g cx 24un,cx,9
2026-07-15,Loja 003,SKU-1002,File de frango congelado 2kg,pct,19
2026-07-15,Loja 003,SKU-1003,Bacon fatiado 1kg,pct,10
2026-07-15,Loja 003,SKU-1004,Linguica toscana 3kg,pct,7
2026-07-15,Loja 003,SKU-2001,Pao de hamburguer pct 12un,pct,34
2026-07-15,Loja 003,SKU-2002,Pao brioche pct 12un,pct,10
2026-07-15,Loja 003,SKU-3001,Queijo cheddar fatiado 1kg,pct,15
2026-07-15,Loja 003,SKU-3002,Queijo mussarela 5kg,pct,8
2026-07-15,Loja 003,SKU-3003,"Requeijao cremoso 1,5kg",pt,5
2026-07-15,Loja 003,SKU-3004,Manteiga 500g,un,6
2026-07-15,Loja 003,SKU-4001,"Batata pre-frita congelada 2,5kg",pct,19
2026-07-15,Loja 003,SKU-4002,Anel de cebola congelado 1kg,pct,4
2026-07-15,Loja 003,SKU-4003,Nuggets congelado 2kg,pct,6
2026-07-15,Loja 003,SKU-5001,Oleo de soja 900ml cx 20un,cx,4
2026-07-15,Loja 003,SKU-5002,"Ketchup galao 3,2kg",gl,3
2026-07-15,Loja 003,SKU-5003,Maionese galao 3kg,gl,3
2026-07-15,Loja 003,SKU-5004,Mostarda galao 3kg,gl,2
2026-07-15,Loja 003,SKU-5005,Sal refinado 1kg,un,2
2026-07-15,Loja 003,SKU-6001,Alface americana un,un,35
2026-07-15,Loja 003,SKU-6002,Tomate salada kg,kg,19.2
2026-07-15,Loja 003,SKU-6003,Cebola kg,kg,14.9
2026-07-15,Loja 003,SKU-6004,Picles fatiado 2kg,pt,2
2026-07-15,Loja 003,SKU-7001,Refrigerante lata cx 24un,cx,14
2026-07-15,Loja 003,SKU-7002,Refrigerante 2L cx 6un,cx,7
2026-07-15,Loja 003,SKU-7003,Suco caixinha cx 12un,cx,4
2026-07-15,Loja 003,SKU-7004,Agua mineral 500ml cx 12un,cx,7
2026-07-15,Loja 003,SKU-8001,Embalagem sanduiche pct 100un,pct,15
2026-07-15,Loja 003,SKU-8002,Copo 400ml pct 50un,pct,10
2026-07-15,Loja 003,SKU-8003,Sacola delivery pct 100un,pct,9
2026-07-15,Loja 003,SKU-8004,Guardanapo pct 1000un,pct,6
2026-07-16,Loja 001,SKU-1001,Hamburguer bovino 180g cx 24un,cx,8
2026-07-16,Loja 001,SKU-1002,File de frango congelado 2kg,pct,18
2026-07-16,Loja 001,SKU-1003,Bacon fatiado 1kg,pct,8
2026-07-16,Loja 001,SKU-1004,Linguica toscana 3kg,pct,4
2026-07-16,Loja 001,SKU-2001,Pao de hamburguer pct 12un,pct,24
2026-07-16,Loja 001,SKU-2002,Pao brioche pct 12un,pct,12
2026-07-16,Loja 001,SKU-3001,Queijo cheddar fatiado 1kg,pct,14
2026-07-16,Loja 001,SKU-3002,Queijo mussarela 5kg,pct,9
2026-07-16,Loja 001,SKU-3003,"Requeijao cremoso 1,5kg",pt,4
2026-07-16,Loja 001,SKU-3004,Manteiga 500g,un,7
2026-07-16,Loja 001,SKU-4001,"Batata pre-frita congelada 2,5kg",pct,21
2026-07-16,Loja 001,SKU-4002,Anel de cebola congelado 1kg,pct,3
2026-07-16,Loja 001,SKU-4003,Nuggets congelado 2kg,pct,5
2026-07-16,Loja 001,SKU-5001,Oleo de soja 900ml cx 20un,cx,3
2026-07-16,Loja 001,SKU-5002,"Ketchup galao 3,2kg",gl,2
2026-07-16,Loja 001,SKU-5003,Maionese galao 3kg,gl,3
2026-07-16,Loja 001,SKU-5004,Mostarda galao 3kg,gl,1
2026-07-16,Loja 001,SKU-5005,Sal refinado 1kg,un,1
2026-07-16,Loja 001,SKU-6001,Alface americana un,un,23
2026-07-16,Loja 001,SKU-6002,Tomate salada kg,kg,27.3
2026-07-16,Loja 001,SKU-6003,Cebola kg,kg,15.3
2026-07-16,Loja 001,SKU-6004,Picles fatiado 2kg,pt,3
2026-07-16,Loja 001,SKU-7001,Refrigerante lata cx 24un,cx,13
2026-07-16,Loja 001,SKU-7002,Refrigerante 2L cx 6un,cx,5
2026-07-16,Loja 001,SKU-7003,Suco caixinha cx 12un,cx,3
2026-07-16,Loja 001,SKU-7004,Agua mineral 500ml cx 12un,cx,7
2026-07-16,Loja 001,SKU-8001,Embalagem sanduiche pct 100un,pct,17
2026-07-16,Loja 001,SKU-8002,Copo 400ml pct 50un,pct,9
2026-07-16,Loja 001,SKU-8003,Sacola delivery pct 100un,pct,9
2026-07-16,Loja 001,SKU-8004,Guardanapo pct 1000un,pct,5
2026-07-16,Loja 002,SKU-1001,Hamburguer bovino 180g cx 24un,cx,6
2026-07-16,Loja 002,SKU-1002,File de frango congelado 2kg,pct,13
2026-07-16,Loja 002,SKU-1003,Bacon fatiado 1kg,pct,4
2026-07-16,Loja 002,SKU-1004,Linguica toscana 3kg,pct,3
2026-07-16,Loja 002,SKU-2001,Pao de hamburguer pct 12un,pct,25
2026-07-16,Loja 002,SKU-2002,Pao brioche pct 12un,pct,7
2026-07-16,Loja 002,SKU-3001,Queijo cheddar fatiado 1kg,pct,8
2026-07-16,Loja 002,SKU-3002,Queijo mussarela 5kg,pct,5
2026-07-16,Loja 002,SKU-3003,"Requeijao cremoso 1,5kg",pt,3
2026-07-16,Loja 002,SKU-3004,Manteiga 500g,un,5
2026-07-16,Loja 002,SKU-4001,"Batata pre-frita congelada 2,5kg",pct,15
2026-07-16,Loja 002,SKU-4002,Anel de cebola congelado 1kg,pct,3
2026-07-16,Loja 002,SKU-4003,Nuggets congelado 2kg,pct,4
2026-07-16,Loja 002,SKU-5001,Oleo de soja 900ml cx 20un,cx,2
2026-07-16,Loja 002,SKU-5002,"Ketchup galao 3,2kg",gl,1
2026-07-16,Loja 002,SKU-5003,Maionese galao 3kg,gl,2
2026-07-16,Loja 002,SKU-5004,Mostarda galao 3kg,gl,1
2026-07-16,Loja 002,SKU-5005,Sal refinado 1kg,un,1
2026-07-16,Loja 002,SKU-6001,Alface americana un,un,20
2026-07-16,Loja 002,SKU-6002,Tomate salada kg,kg,11.5
2026-07-16,Loja 002,SKU-6003,Cebola kg,kg,11.6
2026-07-16,Loja 002,SKU-6004,Picles fatiado 2kg,pt,2
2026-07-16,Loja 002,SKU-7001,Refrigerante lata cx 24un,cx,9
2026-07-16,Loja 002,SKU-7002,Refrigerante 2L cx 6un,cx,3
2026-07-16,Loja 002,SKU-7003,Suco caixinha cx 12un,cx,2
2026-07-16,Loja 002,SKU-7004,Agua mineral 500ml cx 12un,cx,5
2026-07-16,Loja 002,SKU-8001,Embalagem sanduiche pct 100un,pct,10
2026-07-16,Loja 002,SKU-8002,Copo 400ml pct 50un,pct,7
2026-07-16,Loja 002,SKU-8003,Sacola delivery pct 100un,pct,6
2026-07-16,Loja 002,SKU-8004,Guardanapo pct 1000un,pct,3
2026-07-16,Loja 003,SKU-1001,Hamburguer bovino 180g cx 24un,cx,12
2026-07-16,Loja 003,SKU-1002,File de frango congelado 2kg,pct,25
2026-07-16,Loja 003,SKU-1003,Bacon fatiado 1kg,pct,8
2026-07-16,Loja 003,SKU-1004,Linguica toscana 3kg,pct,5
2026-07-16,Loja 003,SKU-2001,Pao de hamburguer pct 12un,pct,39
2026-07-16,Loja 003,SKU-2002,Pao brioche pct 12un,pct,11
2026-07-16,Loja 003,SKU-3001,Queijo cheddar fatiado 1kg,pct,19
2026-07-16,Loja 003,SKU-3002,Queijo mussarela 5kg,pct,10
2026-07-16,Loja 003,SKU-3003,"Requeijao cremoso 1,5kg",pt,5
2026-07-16,Loja 003,SKU-3004,Manteiga 500g,un,7
2026-07-16,Loja 003,SKU-4001,"Batata pre-frita congelada 2,5kg",pct,29
2026-07-16,Loja 003,SKU-4002,Anel de cebola congelado 1kg,pct,4
2026-07-16,Loja 003,SKU-4003,Nuggets congelado 2kg,pct,5
2026-07-16,Loja 003,SKU-5001,Oleo de soja 900ml cx 20un,cx,4
2026-07-16,Loja 003,SKU-5002,"Ketchup galao 3,2kg",gl,3
2026-07-16,Loja 003,SKU-5003,Maionese galao 3kg,gl,4
2026-07-16,Loja 003,SKU-5004,Mostarda galao 3kg,gl,2
2026-07-16,Loja 003,SKU-5005,Sal refinado 1kg,un,2
2026-07-16,Loja 003,SKU-6001,Alface americana un,un,27
2026-07-16,Loja 003,SKU-6002,Tomate salada kg,kg,22.9
2026-07-16,Loja 003,SKU-6003,Cebola kg,kg,19.0
2026-07-16,Loja 003,SKU-6004,Picles fatiado 2kg,pt,3
2026-07-16,Loja 003,SKU-7001,Refrigerante lata cx 24un,cx,17
2026-07-16,Loja 003,SKU-7002,Refrigerante 2L cx 6un,cx,5
2026-07-16,Loja 003,SKU-7003,Suco caixinha cx 12un,cx,5
2026-07-16,Loja 003,SKU-7004,Agua mineral 500ml cx 12un,cx,8
2026-07-16,Loja 003,SKU-8001,Embalagem sanduiche pct 100un,pct,17
2026-07-16,Loja 003,SKU-8002,Copo 400ml pct 50un,pct,11
2026-07-16,Loja 003,SKU-8003,Sacola delivery pct 100un,pct,8
2026-07-16,Loja 003,SKU-8004,Guardanapo pct 1000un,pct,7
2026-07-17,Loja 001,SKU-1001,Hamburguer bovino 180g cx 24un,cx,14
2026-07-17,Loja 001,SKU-1002,File de frango congelado 2kg,pct,19
2026-07-17,Loja 001,SKU-1003,Bacon fatiado 1kg,pct,9
2026-07-17,Loja 001,SKU-1004,Linguica toscana 3kg,pct,7
2026-07-17,Loja 001,SKU-2001,Pao de hamburguer pct 12un,pct,43
2026-07-17,Loja 001,SKU-2002,Pao brioche pct 12un,pct,13
2026-07-17,Loja 001,SKU-3001,Queijo cheddar fatiado 1kg,pct,17
2026-07-17,Loja 001,SKU-3002,Queijo mussarela 5kg,pct,11
2026-07-17,Loja 001,SKU-3003,"Requeijao cremoso 1,5kg",pt,6
2026-07-17,Loja 001,SKU-3004,Manteiga 500g,un,7
2026-07-17,Loja 001,SKU-4001,"Batata pre-frita congelada 2,5kg",pct,26
2026-07-17,Loja 001,SKU-4002,Anel de cebola congelado 1kg,pct,4
2026-07-17,Loja 001,SKU-4003,Nuggets congelado 2kg,pct,6
2026-07-17,Loja 001,SKU-5001,Oleo de soja 900ml cx 20un,cx,4
2026-07-17,Loja 001,SKU-5002,"Ketchup galao 3,2kg",gl,3
2026-07-17,Loja 001,SKU-5003,Maionese galao 3kg,gl,3
2026-07-17,Loja 001,SKU-5004,Mostarda galao 3kg,gl,1
2026-07-17,Loja 001,SKU-5005,Sal refinado 1kg,un,2
2026-07-17,Loja 001,SKU-6001,Alface americana un,un,32
2026-07-17,Loja 001,SKU-6002,Tomate salada kg,kg,30.6
2026-07-17,Loja 001,SKU-6003,Cebola kg,kg,12.1
2026-07-17,Loja 001,SKU-6004,Picles fatiado 2kg,pt,3
2026-07-17,Loja 001,SKU-7001,Refrigerante lata cx 24un,cx,11
2026-07-17,Loja 001,SKU-7002,Refrigerante 2L cx 6un,cx,6
2026-07-17,Loja 001,SKU-7003,Suco caixinha cx 12un,cx,4
2026-07-17,Loja 001,SKU-7004,Agua mineral 500ml cx 12un,cx,6
2026-07-17,Loja 001,SKU-8001,Embalagem sanduiche pct 100un,pct,19
2026-07-17,Loja 001,SKU-8002,Copo 400ml pct 50un,pct,14
2026-07-17,Loja 001,SKU-8003,Sacola delivery pct 100un,pct,10
2026-07-17,Loja 001,SKU-8004,Guardanapo pct 1000un,pct,5
2026-07-17,Loja 002,SKU-1001,Hamburguer bovino 180g cx 24un,cx,9
2026-07-17,Loja 002,SKU-1002,File de frango congelado 2kg,pct,15
2026-07-17,Loja 002,SKU-1003,Bacon fatiado 1kg,pct,8
2026-07-17,Loja 002,SKU-1004,Linguica toscana 3kg,pct,6
2026-07-17,Loja 002,SKU-2001,Pao de hamburguer pct 12un,pct,23
2026-07-17,Loja 002,SKU-2002,Pao brioche pct 12un,pct,11
2026-07-17,Loja 002,SKU-3001,Queijo cheddar fatiado 1kg,pct,10
2026-07-17,Loja 002,SKU-3002,Queijo mussarela 5kg,pct,6
2026-07-17,Loja 002,SKU-3003,"Requeijao cremoso 1,5kg",pt,5
2026-07-17,Loja 002,SKU-3004,Manteiga 500g,un,4
2026-07-17,Loja 002,SKU-4001,"Batata pre-frita congelada 2,5kg",pct,20
2026-07-17,Loja 002,SKU-4002,Anel de cebola congelado 1kg,pct,4
2026-07-17,Loja 002,SKU-4003,Nuggets congelado 2kg,pct,4
2026-07-17,Loja 002,SKU-5001,Oleo de soja 900ml cx 20un,cx,3
2026-07-17,Loja 002,SKU-5002,"Ketchup galao 3,2kg",gl,2
2026-07-17,Loja 002,SKU-5003,Maionese galao 3kg,gl,3
2026-07-17,Loja 002,SKU-5004,Mostarda galao 3kg,gl,1
2026-07-17,Loja 002,SKU-5005,Sal refinado 1kg,un,1
2026-07-17,Loja 002,SKU-6001,Alface americana un,un,38
2026-07-17,Loja 002,SKU-6002,Tomate salada kg,kg,13.9
2026-07-17,Loja 002,SKU-6003,Cebola kg,kg,10.8
2026-07-17,Loja 002,SKU-6004,Picles fatiado 2kg,pt,2
2026-07-17,Loja 002,SKU-7001,Refrigerante lata cx 24un,cx,10
2026-07-17,Loja 002,SKU-7002,Refrigerante 2L cx 6un,cx,4
2026-07-17,Loja 002,SKU-7003,Suco caixinha cx 12un,cx,3
2026-07-17,Loja 002,SKU-7004,Agua mineral 500ml cx 12un,cx,5
2026-07-17,Loja 002,SKU-8001,Embalagem sanduiche pct 100un,pct,15
2026-07-17,Loja 002,SKU-8002,Copo 400ml pct 50un,pct,10
2026-07-17,Loja 002,SKU-8003,Sacola delivery pct 100un,pct,8
2026-07-17,Loja 002,SKU-8004,Guardanapo pct 1000un,pct,4
2026-07-17,Loja 003,SKU-1001,Hamburguer bovino 180g cx 24un,cx,16
2026-07-17,Loja 003,SKU-1002,File de frango congelado 2kg,pct,25
2026-07-17,Loja 003,SKU-1003,Bacon fatiado 1kg,pct,13
2026-07-17,Loja 003,SKU-1004,Linguica toscana 3kg,pct,7
2026-07-17,Loja 003,SKU-2001,Pao de hamburguer pct 12un,pct,50
2026-07-17,Loja 003,SKU-2002,Pao brioche pct 12un,pct,12
2026-07-17,Loja 003,SKU-3001,Queijo cheddar fatiado 1kg,pct,22
2026-07-17,Loja 003,SKU-3002,Queijo mussarela 5kg,pct,13
2026-07-17,Loja 003,SKU-3003,"Requeijao cremoso 1,5kg",pt,6
2026-07-17,Loja 003,SKU-3004,Manteiga 500g,un,8
2026-07-17,Loja 003,SKU-4001,"Batata pre-frita congelada 2,5kg",pct,29
2026-07-17,Loja 003,SKU-4002,Anel de cebola congelado 1kg,pct,5
2026-07-17,Loja 003,SKU-4003,Nuggets congelado 2kg,pct,8
2026-07-17,Loja 003,SKU-5001,Oleo de soja 900ml cx 20un,cx,4
2026-07-17,Loja 003,SKU-5002,"Ketchup galao 3,2kg",gl,3
2026-07-17,Loja 003,SKU-5003,Maionese galao 3kg,gl,4
2026-07-17,Loja 003,SKU-5004,Mostarda galao 3kg,gl,2
2026-07-17,Loja 003,SKU-5005,Sal refinado 1kg,un,2
2026-07-17,Loja 003,SKU-6001,Alface americana un,un,33
2026-07-17,Loja 003,SKU-6002,Tomate salada kg,kg,31.2
2026-07-17,Loja 003,SKU-6003,Cebola kg,kg,27.9
2026-07-17,Loja 003,SKU-6004,Picles fatiado 2kg,pt,3
2026-07-17,Loja 003,SKU-7001,Refrigerante lata cx 24un,cx,14
2026-07-17,Loja 003,SKU-7002,Refrigerante 2L cx 6un,cx,7
2026-07-17,Loja 003,SKU-7003,Suco caixinha cx 12un,cx,5
2026-07-17,Loja 003,SKU-7004,Agua mineral 500ml cx 12un,cx,11
2026-07-17,Loja 003,SKU-8001,Embalagem sanduiche pct 100un,pct,27
2026-07-17,Loja 003,SKU-8002,Copo 400ml pct 50un,pct,16
2026-07-17,Loja 003,SKU-8003,Sacola delivery pct 100un,pct,15
2026-07-17,Loja 003,SKU-8004,Guardanapo pct 1000un,pct,7
2026-07-18,Loja 001,SKU-1001,Hamburguer bovino 180g cx 24un,cx,14
2026-07-18,Loja 001,SKU-1002,File de frango congelado 2kg,pct,27
2026-07-18,Loja 001,SKU-1003,Bacon fatiado 1kg,pct,11
2026-07-18,Loja 001,SKU-1004,Linguica toscana 3kg,pct,9
2026-07-18,Loja 001,SKU-2001,Pao de hamburguer pct 12un,pct,47
2026-07-18,Loja 001,SKU-2002,Pao brioche pct 12un,pct,18
2026-07-18,Loja 001,SKU-3001,Queijo cheddar fatiado 1kg,pct,14
2026-07-18,Loja 001,SKU-3002,Queijo mussarela 5kg,pct,13
2026-07-18,Loja 001,SKU-3003,"Requeijao cremoso 1,5kg",pt,6
2026-07-18,Loja 001,SKU-3004,Manteiga 500g,un,9
2026-07-18,Loja 001,SKU-4001,"Batata pre-frita congelada 2,5kg",pct,35
2026-07-18,Loja 001,SKU-4002,Anel de cebola congelado 1kg,pct,5
2026-07-18,Loja 001,SKU-4003,Nuggets congelado 2kg,pct,6
2026-07-18,Loja 001,SKU-5001,Oleo de soja 900ml cx 20un,cx,5
2026-07-18,Loja 001,SKU-5002,"Ketchup galao 3,2kg",gl,3
2026-07-18,Loja 001,SKU-5003,Maionese galao 3kg,gl,3
2026-07-18,Loja 001,SKU-5004,Mostarda galao 3kg,gl,2
2026-07-18,Loja 001,SKU-5005,Sal refinado 1kg,un,2
2026-07-18,Loja 001,SKU-6001,Alface americana un,un,27
2026-07-18,Loja 001,SKU-6002,Tomate salada kg,kg,26.3
2026-07-18,Loja 001,SKU-6003,Cebola kg,kg,16.5
2026-07-18,Loja 001,SKU-6004,Picles fatiado 2kg,pt,4
2026-07-18,Loja 001,SKU-7001,Refrigerante lata cx 24un,cx,18
2026-07-18,Loja 001,SKU-7002,Refrigerante 2L cx 6un,cx,6
2026-07-18,Loja 001,SKU-7003,Suco caixinha cx 12un,cx,6
2026-07-18,Loja 001,SKU-7004,Agua mineral 500ml cx 12un,cx,10
2026-07-18,Loja 001,SKU-8001,Embalagem sanduiche pct 100un,pct,24
2026-07-18,Loja 001,SKU-8002,Copo 400ml pct 50un,pct,15
2026-07-18,Loja 001,SKU-8003,Sacola delivery pct 100un,pct,13
2026-07-18,Loja 001,SKU-8004,Guardanapo pct 1000un,pct,6
2026-07-18,Loja 002,SKU-1001,Hamburguer bovino 180g cx 24un,cx,9
2026-07-18,Loja 002,SKU-1002,File de frango congelado 2kg,pct,18
2026-07-18,Loja 002,SKU-1003,Bacon fatiado 1kg,pct,8
2026-07-18,Loja 002,SKU-1004,Linguica toscana 3kg,pct,6
2026-07-18,Loja 002,SKU-2001,Pao de hamburguer pct 12un,pct,30
2026-07-18,Loja 002,SKU-2002,Pao brioche pct 12un,pct,15
2026-07-18,Loja 002,SKU-3001,Queijo cheddar fatiado 1kg,pct,12
2026-07-18,Loja 002,SKU-3002,Queijo mussarela 5kg,pct,7
2026-07-18,Loja 002,SKU-3003,"Requeijao cremoso 1,5kg",pt,3
2026-07-18,Loja 002,SKU-3004,Manteiga 500g,un,6
2026-07-18,Loja 002,SKU-4001,"Batata pre-frita congelada 2,5kg",pct,26
2026-07-18,Loja 002,SKU-4002,Anel de cebola congelado 1kg,pct,4
2026-07-18,Loja 002,SKU-4003,Nuggets congelado 2kg,pct,5
2026-07-18,Loja 002,SKU-5001,Oleo de soja 900ml cx 20un,cx,3
2026-07-18,Loja 002,SKU-5002,"Ketchup galao 3,2kg",gl,3
2026-07-18,Loja 002,SKU-5003,Maionese galao 3kg,gl,3
2026-07-18,Loja 002,SKU-5004,Mostarda galao 3kg,gl,1
2026-07-18,Loja 002,SKU-5005,Sal refinado 1kg,un,1
2026-07-18,Loja 002,SKU-6001,Alface americana un,un,25
2026-07-18,Loja 002,SKU-6002,Tomate salada kg,kg,23.0
2026-07-18,Loja 002,SKU-6003,Cebola kg,kg,15.7
2026-07-18,Loja 002,SKU-6004,Picles fatiado 2kg,pt,3
2026-07-18,Loja 002,SKU-7001,Refrigerante lata cx 24un,cx,11
2026-07-18,Loja 002,SKU-7002,Refrigerante 2L cx 6un,cx,4
2026-07-18,Loja 002,SKU-7003,Suco caixinha cx 12un,cx,4
2026-07-18,Loja 002,SKU-7004,Agua mineral 500ml cx 12un,cx,5
2026-07-18,Loja 002,SKU-8001,Embalagem sanduiche pct 100un,pct,15
2026-07-18,Loja 002,SKU-8002,Copo 400ml pct 50un,pct,9
2026-07-18,Loja 002,SKU-8003,Sacola delivery pct 100un,pct,9
2026-07-18,Loja 002,SKU-8004,Guardanapo pct 1000un,pct,6
2026-07-18,Loja 003,SKU-1001,Hamburguer bovino 180g cx 24un,cx,15
2026-07-18,Loja 003,SKU-1002,File de frango congelado 2kg,pct,34
2026-07-18,Loja 003,SKU-1003,Bacon fatiado 1kg,pct,14
2026-07-18,Loja 003,SKU-1004,Linguica toscana 3kg,pct,11
2026-07-18,Loja 003,SKU-2001,Pao de hamburguer pct 12un,pct,37
2026-07-18,Loja 003,SKU-2002,Pao brioche pct 12un,pct,12
2026-07-18,Loja 003,SKU-3001,Queijo cheddar fatiado 1kg,pct,20
2026-07-18,Loja 003,SKU-3002,Queijo mussarela 5kg,pct,17
2026-07-18,Loja 003,SKU-3003,"Requeijao cremoso 1,5kg",pt,7
2026-07-18,Loja 003,SKU-3004,Manteiga 500g,un,10
2026-07-18,Loja 003,SKU-4001,"Batata pre-frita congelada 2,5kg",pct,35
2026-07-18,Loja 003,SKU-4002,Anel de cebola congelado 1kg,pct,6
2026-07-18,Loja 003,SKU-4003,Nuggets congelado 2kg,pct,9
2026-07-18,Loja 003,SKU-5001,Oleo de soja 900ml cx 20un,cx,6
2026-07-18,Loja 003,SKU-5002,"Ketchup galao 3,2kg",gl,5
2026-07-18,Loja 003,SKU-5003,Maionese galao 3kg,gl,6
2026-07-18,Loja 003,SKU-5004,Mostarda galao 3kg,gl,2
2026-07-18,Loja 003,SKU-5005,Sal refinado 1kg,un,3
2026-07-18,Loja 003,SKU-6001,Alface americana un,un,54
2026-07-18,Loja 003,SKU-6002,Tomate salada kg,kg,51.4
2026-07-18,Loja 003,SKU-6003,Cebola kg,kg,24.5
2026-07-18,Loja 003,SKU-6004,Picles fatiado 2kg,pt,3
2026-07-18,Loja 003,SKU-7001,Refrigerante lata cx 24un,cx,17
2026-07-18,Loja 003,SKU-7002,Refrigerante 2L cx 6un,cx,9
2026-07-18,Loja 003,SKU-7003,Suco caixinha cx 12un,cx,7
2026-07-18,Loja 003,SKU-7004,Agua mineral 500ml cx 12un,cx,9
2026-07-18,Loja 003,SKU-8001,Embalagem sanduiche pct 100un,pct,24
2026-07-18,Loja 003,SKU-8002,Copo 400ml pct 50un,pct,17
2026-07-18,Loja 003,SKU-8003,Sacola delivery pct 100un,pct,12
2026-07-18,Loja 003,SKU-8004,Guardanapo pct 1000un,pct,10
2026-07-19,Loja 001,SKU-1001,Hamburguer bovino 180g cx 24un,cx,9
2026-07-19,Loja 001,SKU-1002,File de frango congelado 2kg,pct,16
2026-07-19,Loja 001,SKU-1003,Bacon fatiado 1kg,pct,8
2026-07-19,Loja 001,SKU-1004,Linguica toscana 3kg,pct,7
2026-07-19,Loja 001,SKU-2001,Pao de hamburguer pct 12un,pct,22
2026-07-19,Loja 001,SKU-2002,Pao brioche pct 12un,pct,14
2026-07-19,Loja 001,SKU-3001,Queijo cheddar fatiado 1kg,pct,12
2026-07-19,Loja 001,SKU-3002,Queijo mussarela 5kg,pct,8
2026-07-19,Loja 001,SKU-3003,"Requeijao cremoso 1,5kg",pt,4
2026-07-19,Loja 001,SKU-3004,Manteiga 500g,un,6
2026-07-19,Loja 001,SKU-4001,"Batata pre-frita congelada 2,5kg",pct,22
2026-07-19,Loja 001,SKU-4002,Anel de cebola congelado 1kg,pct,3
2026-07-19,Loja 001,SKU-4003,Nuggets congelado 2kg,pct,6
2026-07-19,Loja 001,SKU-5001,Oleo de soja 900ml cx 20un,cx,3
2026-07-19,Loja 001,SKU-5002,"Ketchup galao 3,2kg",gl,3
2026-07-19,Loja 001,SKU-5003,Maionese galao 3kg,gl,4
2026-07-19,Loja 001,SKU-5004,Mostarda galao 3kg,gl,1
2026-07-19,Loja 001,SKU-5005,Sal refinado 1kg,un,2
2026-07-19,Loja 001,SKU-6001,Alface americana un,un,38
2026-07-19,Loja 001,SKU-6002,Tomate salada kg,kg,26.2
2026-07-19,Loja 001,SKU-6003,Cebola kg,kg,12.1
2026-07-19,Loja 001,SKU-6004,Picles fatiado 2kg,pt,3
2026-07-19,Loja 001,SKU-7001,Refrigerante lata cx 24un,cx,9
2026-07-19,Loja 001,SKU-7002,Refrigerante 2L cx 6un,cx,4
2026-07-19,Loja 001,SKU-7003,Suco caixinha cx 12un,cx,3
2026-07-19,Loja 001,SKU-7004,Agua mineral 500ml cx 12un,cx,6
2026-07-19,Loja 001,SKU-8001,Embalagem sanduiche pct 100un,pct,17
2026-07-19,Loja 001,SKU-8002,Copo 400ml pct 50un,pct,10
2026-07-19,Loja 001,SKU-8003,Sacola delivery pct 100un,pct,8
2026-07-19,Loja 001,SKU-8004,Guardanapo pct 1000un,pct,6
2026-07-19,Loja 002,SKU-1001,Hamburguer bovino 180g cx 24un,cx,8
2026-07-19,Loja 002,SKU-1002,File de frango congelado 2kg,pct,14
2026-07-19,Loja 002,SKU-1003,Bacon fatiado 1kg,pct,6
2026-07-19,Loja 002,SKU-1004,Linguica toscana 3kg,pct,4
2026-07-19,Loja 002,SKU-2001,Pao de hamburguer pct 12un,pct,21
2026-07-19,Loja 002,SKU-2002,Pao brioche pct 12un,pct,6
2026-07-19,Loja 002,SKU-3001,Queijo cheddar fatiado 1kg,pct,8
2026-07-19,Loja 002,SKU-3002,Queijo mussarela 5kg,pct,5
2026-07-19,Loja 002,SKU-3003,"Requeijao cremoso 1,5kg",pt,3
2026-07-19,Loja 002,SKU-3004,Manteiga 500g,un,4
2026-07-19,Loja 002,SKU-4001,"Batata pre-frita congelada 2,5kg",pct,15
2026-07-19,Loja 002,SKU-4002,Anel de cebola congelado 1kg,pct,3
2026-07-19,Loja 002,SKU-4003,Nuggets congelado 2kg,pct,3
2026-07-19,Loja 002,SKU-5001,Oleo de soja 900ml cx 20un,cx,3
2026-07-19,Loja 002,SKU-5002,"Ketchup galao 3,2kg",gl,2
2026-07-19,Loja 002,SKU-5003,Maionese galao 3kg,gl,3
2026-07-19,Loja 002,SKU-5004,Mostarda galao 3kg,gl,1
2026-07-19,Loja 002,SKU-5005,Sal refinado 1kg,un,1
2026-07-19,Loja 002,SKU-6001,Alface americana un,un,29
2026-07-19,Loja 002,SKU-6002,Tomate salada kg,kg,18.9
2026-07-19,Loja 002,SKU-6003,Cebola kg,kg,13.0
2026-07-19,Loja 002,SKU-6004,Picles fatiado 2kg,pt,3
2026-07-19,Loja 002,SKU-7001,Refrigerante lata cx 24un,cx,9
2026-07-19,Loja 002,SKU-7002,Refrigerante 2L cx 6un,cx,3
2026-07-19,Loja 002,SKU-7003,Suco caixinha cx 12un,cx,3
2026-07-19,Loja 002,SKU-7004,Agua mineral 500ml cx 12un,cx,5
2026-07-19,Loja 002,SKU-8001,Embalagem sanduiche pct 100un,pct,12
2026-07-19,Loja 002,SKU-8002,Copo 400ml pct 50un,pct,6
2026-07-19,Loja 002,SKU-8003,Sacola delivery pct 100un,pct,7
2026-07-19,Loja 002,SKU-8004,Guardanapo pct 1000un,pct,3
2026-07-19,Loja 003,SKU-1001,Hamburguer bovino 180g cx 24un,cx,14
2026-07-19,Loja 003,SKU-1002,File de frango congelado 2kg,pct,22
2026-07-19,Loja 003,SKU-1003,Bacon fatiado 1kg,pct,9
2026-07-19,Loja 003,SKU-1004,Linguica toscana 3kg,pct,8
2026-07-19,Loja 003,SKU-2001,Pao de hamburguer pct 12un,pct,24
2026-07-19,Loja 003,SKU-2002,Pao brioche pct 12un,pct,11
2026-07-19,Loja 003,SKU-3001,Queijo cheddar fatiado 1kg,pct,17
2026-07-19,Loja 003,SKU-3002,Queijo mussarela 5kg,pct,11
2026-07-19,Loja 003,SKU-3003,"Requeijao cremoso 1,5kg",pt,5
2026-07-19,Loja 003,SKU-3004,Manteiga 500g,un,6
2026-07-19,Loja 003,SKU-4001,"Batata pre-frita congelada 2,5kg",pct,25
2026-07-19,Loja 003,SKU-4002,Anel de cebola congelado 1kg,pct,5
2026-07-19,Loja 003,SKU-4003,Nuggets congelado 2kg,pct,7
2026-07-19,Loja 003,SKU-5001,Oleo de soja 900ml cx 20un,cx,5
2026-07-19,Loja 003,SKU-5002,"Ketchup galao 3,2kg",gl,4
2026-07-19,Loja 003,SKU-5003,Maionese galao 3kg,gl,4
2026-07-19,Loja 003,SKU-5004,Mostarda galao 3kg,gl,1
2026-07-19,Loja 003,SKU-5005,Sal refinado 1kg,un,2
2026-07-19,Loja 003,SKU-6001,Alface americana un,un,31
2026-07-19,Loja 003,SKU-6002,Tomate salada kg,kg,41.9
2026-07-19,Loja 003,SKU-6003,Cebola kg,kg,23.4
2026-07-19,Loja 003,SKU-6004,Picles fatiado 2kg,pt,3
2026-07-19,Loja 003,SKU-7001,Refrigerante lata cx 24un,cx,17
2026-07-19,Loja 003,SKU-7002,Refrigerante 2L cx 6un,cx,6
2026-07-19,Loja 003,SKU-7003,Suco caixinha cx 12un,cx,5
2026-07-19,Loja 003,SKU-7004,Agua mineral 500ml cx 12un,cx,9
2026-07-19,Loja 003,SKU-8001,Embalagem sanduiche pct 100un,pct,22
2026-07-19,Loja 003,SKU-8002,Copo 400ml pct 50un,pct,13
2026-07-19,Loja 003,SKU-8003,Sacola delivery pct 100un,pct,12
2026-07-19,Loja 003,SKU-8004,Guardanapo pct 1000un,pct,7
2026-07-20,Loja 001,SKU-1001,Hamburguer bovino 180g cx 24un,cx,8
2026-07-20,Loja 001,SKU-1002,File de frango congelado 2kg,pct,13
2026-07-20,Loja 001,SKU-1003,Bacon fatiado 1kg,pct,4
2026-07-20,Loja 001,SKU-1004,Linguica toscana 3kg,pct,5
2026-07-20,Loja 001,SKU-2001,Pao de hamburguer pct 12un,pct,18
2026-07-20,Loja 001,SKU-2002,Pao brioche pct 12un,pct,5
2026-07-20,Loja 001,SKU-3001,Queijo cheddar fatiado 1kg,pct,12
2026-07-20,Loja 001,SKU-3002,Queijo mussarela 5kg,pct,6
2026-07-20,Loja 001,SKU-3003,"Requeijao cremoso 1,5kg",pt,3
2026-07-20,Loja 001,SKU-3004,Manteiga 500g,un,5
2026-07-20,Loja 001,SKU-4001,"Batata pre-frita congelada 2,5kg",pct,15
2026-07-20,Loja 001,SKU-4002,Anel de cebola congelado 1kg,pct,3
2026-07-20,Loja 001,SKU-4003,Nuggets congelado 2kg,pct,4
2026-07-20,Loja 001,SKU-5001,Oleo de soja 900ml cx 20un,cx,2
2026-07-20,Loja 001,SKU-5002,"Ketchup galao 3,2kg",gl,2
2026-07-20,Loja 001,SKU-5003,Maionese galao 3kg,gl,3
2026-07-20,Loja 001,SKU-5004,Mostarda galao 3kg,gl,1
2026-07-20,Loja 001,SKU-5005,Sal refinado 1kg,un,1
2026-07-20,Loja 001,SKU-6001,Alface americana un,un,29
2026-07-20,Loja 001,SKU-6002,Tomate salada kg,kg,12.1
2026-07-20,Loja 001,SKU-6003,Cebola kg,kg,8.2
2026-07-20,Loja 001,SKU-6004,Picles fatiado 2kg,pt,2
2026-07-20,Loja 001,SKU-7001,Refrigerante lata cx 24un,cx,8
2026-07-20,Loja 001,SKU-7002,Refrigerante 2L cx 6un,cx,3
2026-07-20,Loja 001,SKU-7003,Suco caixinha cx 12un,cx,3
2026-07-20,Loja 001,SKU-7004,Agua mineral 500ml cx 12un,cx,5
2026-07-20,Loja 001,SKU-8001,Embalagem sanduiche pct 100un,pct,14
2026-07-20,Loja 001,SKU-8002,Copo 400ml pct 50un,pct,8
2026-07-20,Loja 001,SKU-8003,Sacola delivery pct 100un,pct,6
2026-07-20,Loja 001,SKU-8004,Guardanapo pct 1000un,pct,3
2026-07-20,Loja 002,SKU-1001,Hamburguer bovino 180g cx 24un,cx,5
2026-07-20,Loja 002,SKU-1002,File de frango congelado 2kg,pct,10
2026-07-20,Loja 002,SKU-1003,Bacon fatiado 1kg,pct,3
2026-07-20,Loja 002,SKU-1004,Linguica toscana 3kg,pct,3
2026-07-20,Loja 002,SKU-2001,Pao de hamburguer pct 12un,pct,9
2026-07-20,Loja 002,SKU-2002,Pao brioche pct 12un,pct,5
2026-07-20,Loja 002,SKU-3001,Queijo cheddar fatiado 1kg,pct,8
2026-07-20,Loja 002,SKU-3002,Queijo mussarela 5kg,pct,5
2026-07-20,Loja 002,SKU-3003,"Requeijao cremoso 1,5kg",pt,2
2026-07-20,Loja 002,SKU-3004,Manteiga 500g,un,4
2026-07-20,Loja 002,SKU-4001,"Batata pre-frita congelada 2,5kg",pct,15
2026-07-20,Loja 002,SKU-4002,Anel de cebola congelado 1kg,pct,2
2026-07-20,Loja 002,SKU-4003,Nuggets congelado 2kg,pct,3
2026-07-20,Loja 002,SKU-5001,Oleo de soja 900ml cx 20un,cx,2
2026-07-20,Loja 002,SKU-5002,"Ketchup galao 3,2kg",gl,1
2026-07-20,Loja 002,SKU-5003,Maionese galao 3kg,gl,2
2026-07-20,Loja 002,SKU-5004,Mostarda galao 3kg,gl,1
2026-07-20,Loja 002,SKU-5005,Sal refinado 1kg,un,1
2026-07-20,Loja 002,SKU-6001,Alface americana un,un,12
2026-07-20,Loja 002,SKU-6002,Tomate salada kg,kg,12.7
2026-07-20,Loja 002,SKU-6003,Cebola kg,kg,6.4
2026-07-20,Loja 002,SKU-6004,Picles fatiado 2kg,pt,1
2026-07-20,Loja 002,SKU-7001,Refrigerante lata cx 24un,cx,6
2026-07-20,Loja 002,SKU-7002,Refrigerante 2L cx 6un,cx,3
2026-07-20,Loja 002,SKU-7003,Suco caixinha cx 12un,cx,2
2026-07-20,Loja 002,SKU-7004,Agua mineral 500ml cx 12un,cx,3
2026-07-20,Loja 002,SKU-8001,Embalagem sanduiche pct 100un,pct,8
2026-07-20,Loja 002,SKU-8002,Copo 400ml pct 50un,pct,6
2026-07-20,Loja 002,SKU-8003,Sacola delivery pct 100un,pct,5
2026-07-20,Loja 002,SKU-8004,Guardanapo pct 1000un,pct,3
2026-07-20,Loja 003,SKU-1001,Hamburguer bovino 180g cx 24un,cx,11
2026-07-20,Loja 003,SKU-1002,File de frango congelado 2kg,pct,18
2026-07-20,Loja 003,SKU-1003,Bacon fatiado 1kg,pct,7
2026-07-20,Loja 003,SKU-1004,Linguica toscana 3kg,pct,7
2026-07-20,Loja 003,SKU-2001,Pao de hamburguer pct 12un,pct,16
2026-07-20,Loja 003,SKU-2002,Pao brioche pct 12un,pct,14
2026-07-20,Loja 003,SKU-3001,Queijo cheddar fatiado 1kg,pct,13
2026-07-20,Loja 003,SKU-3002,Queijo mussarela 5kg,pct,10
2026-07-20,Loja 003,SKU-3003,"Requeijao cremoso 1,5kg",pt,4
2026-07-20,Loja 003,SKU-3004,Manteiga 500g,un,6
2026-07-20,Loja 003,SKU-4001,"Batata pre-frita congelada 2,5kg",pct,26
2026-07-20,Loja 003,SKU-4002,Anel de cebola congelado 1kg,pct,4
2026-07-20,Loja 003,SKU-4003,Nuggets congelado 2kg,pct,4
2026-07-20,Loja 003,SKU-5001,Oleo de soja 900ml cx 20un,cx,3
2026-07-20,Loja 003,SKU-5002,"Ketchup galao 3,2kg",gl,2
2026-07-20,Loja 003,SKU-5003,Maionese galao 3kg,gl,4
2026-07-20,Loja 003,SKU-5004,Mostarda galao 3kg,gl,1
2026-07-20,Loja 003,SKU-5005,Sal refinado 1kg,un,2
2026-07-20,Loja 003,SKU-6001,Alface americana un,un,30
2026-07-20,Loja 003,SKU-6002,Tomate salada kg,kg,24.6
2026-07-20,Loja 003,SKU-6003,Cebola kg,kg,10.6
2026-07-20,Loja 003,SKU-6004,Picles fatiado 2kg,pt,3
2026-07-20,Loja 003,SKU-7001,Refrigerante lata cx 24un,cx,14
2026-07-20,Loja 003,SKU-7002,Refrigerante 2L cx 6un,cx,5
2026-07-20,Loja 003,SKU-7003,Suco caixinha cx 12un,cx,4
2026-07-20,Loja 003,SKU-7004,Agua mineral 500ml cx 12un,cx,7
2026-07-20,Loja 003,SKU-8001,Embalagem sanduiche pct 100un,pct,12
2026-07-20,Loja 003,SKU-8002,Copo 400ml pct 50un,pct,10
2026-07-20,Loja 003,SKU-8003,Sacola delivery pct 100un,pct,9
2026-07-20,Loja 003,SKU-8004,Guardanapo pct 1000un,pct,5
2026-07-21,Loja 001,SKU-1001,Hamburguer bovino 180g cx 24un,cx,9
2026-07-21,Loja 001,SKU-1002,File de frango congelado 2kg,pct,16
2026-07-21,Loja 001,SKU-1003,Bacon fatiado 1kg,pct,5
2026-07-21,Loja 001,SKU-1004,Linguica toscana 3kg,pct,5
2026-07-21,Loja 001,SKU-2001,Pao de hamburguer pct 12un,pct,15
2026-07-21,Loja 001,SKU-2002,Pao brioche pct 12un,pct,9
2026-07-21,Loja 001,SKU-3001,Queijo cheddar fatiado 1kg,pct,10
2026-07-21,Loja 001,SKU-3002,Queijo mussarela 5kg,pct,7
2026-07-21,Loja 001,SKU-3003,"Requeijao cremoso 1,5kg",pt,3
2026-07-21,Loja 001,SKU-3004,Manteiga 500g,un,6
2026-07-21,Loja 001,SKU-4001,"Batata pre-frita congelada 2,5kg",pct,14
2026-07-21,Loja 001,SKU-4002,Anel de cebola congelado 1kg,pct,3
2026-07-21,Loja 001,SKU-4003,Nuggets congelado 2kg,pct,4
2026-07-21,Loja 001,SKU-5001,Oleo de soja 900ml cx 20un,cx,2
2026-07-21,Loja 001,SKU-5002,"Ketchup galao 3,2kg",gl,2
2026-07-21,Loja 001,SKU-5003,Maionese galao 3kg,gl,2
2026-07-21,Loja 001,SKU-5004,Mostarda galao 3kg,gl,1
2026-07-21,Loja 001,SKU-5005,Sal refinado 1kg,un,1
2026-07-21,Loja 001,SKU-6001,Alface americana un,un,17
2026-07-21,Loja 001,SKU-6002,Tomate salada kg,kg,21.1
2026-07-21,Loja 001,SKU-6003,Cebola kg,kg,12.4
2026-07-21,Loja 001,SKU-6004,Picles fatiado 2kg,pt,3
2026-07-21,Loja 001,SKU-7001,Refrigerante lata cx 24un,cx,11
2026-07-21,Loja 001,SKU-7002,Refrigerante 2L cx 6un,cx,5
2026-07-21,Loja 001,SKU-7003,Suco caixinha cx 12un,cx,3
2026-07-21,Loja 001,SKU-7004,Agua mineral 500ml cx 12un,cx,6
2026-07-21,Loja 001,SKU-8001,Embalagem sanduiche pct 100un,pct,13
2026-07-21,Loja 001,SKU-8002,Copo 400ml pct 50un,pct,7
2026-07-21,Loja 001,SKU-8003,Sacola delivery pct 100un,pct,6
2026-07-21,Loja 001,SKU-8004,Guardanapo pct 1000un,pct,4
2026-07-21,Loja 002,SKU-1001,Hamburguer bovino 180g cx 24un,cx,6
2026-07-21,Loja 002,SKU-1002,File de frango congelado 2kg,pct,12
2026-07-21,Loja 002,SKU-1003,Bacon fatiado 1kg,pct,4
2026-07-21,Loja 002,SKU-1004,Linguica toscana 3kg,pct,3
2026-07-21,Loja 002,SKU-2001,Pao de hamburguer pct 12un,pct,10
2026-07-21,Loja 002,SKU-2002,Pao brioche pct 12un,pct,6
2026-07-21,Loja 002,SKU-3001,Queijo cheddar fatiado 1kg,pct,6
2026-07-21,Loja 002,SKU-3002,Queijo mussarela 5kg,pct,4
2026-07-21,Loja 002,SKU-3003,"Requeijao cremoso 1,5kg",pt,3
2026-07-21,Loja 002,SKU-3004,Manteiga 500g,un,3
2026-07-21,Loja 002,SKU-4001,"Batata pre-frita congelada 2,5kg",pct,15
2026-07-21,Loja 002,SKU-4002,Anel de cebola congelado 1kg,pct,2
2026-07-21,Loja 002,SKU-4003,Nuggets congelado 2kg,pct,2
2026-07-21,Loja 002,SKU-5001,Oleo de soja 900ml cx 20un,cx,2
2026-07-21,Loja 002,SKU-5002,"Ketchup galao 3,2kg",gl,1
2026-07-21,Loja 002,SKU-5003,Maionese galao 3kg,gl,2
2026-07-21,Loja 002,SKU-5004,Mostarda galao 3kg,gl,1
2026-07-21,Loja 002,SKU-5005,Sal refinado 1kg,un,1
2026-07-21,Loja 002,SKU-6001,Alface americana un,un,13
2026-07-21,Loja 002,SKU-6002,Tomate salada kg,kg,11.9
2026-07-21,Loja 002,SKU-6003,Cebola kg,kg,6.4
2026-07-21,Loja 002,SKU-6004,Picles fatiado 2kg,pt,2
2026-07-21,Loja 002,SKU-7001,Refrigerante lata cx 24un,cx,5
2026-07-21,Loja 002,SKU-7002,Refrigerante 2L cx 6un,cx,3
2026-07-21,Loja 002,SKU-7003,Suco caixinha cx 12un,cx,2
2026-07-21,Loja 002,SKU-7004,Agua mineral 500ml cx 12un,cx,5
2026-07-21,Loja 002,SKU-8001,Embalagem sanduiche pct 100un,pct,9
2026-07-21,Loja 002,SKU-8002,Copo 400ml pct 50un,pct,7
2026-07-21,Loja 002,SKU-8003,Sacola delivery pct 100un,pct,5
2026-07-21,Loja 002,SKU-8004,Guardanapo pct 1000un,pct,3
2026-07-21,Loja 003,SKU-1001,Hamburguer bovino 180g cx 24un,cx,12
2026-07-21,Loja 003,SKU-1002,File de frango congelado 2kg,pct,20
2026-07-21,Loja 003,SKU-1003,Bacon fatiado 1kg,pct,6
2026-07-21,Loja 003,SKU-1004,Linguica toscana 3kg,pct,7
2026-07-21,Loja 003,SKU-2001,Pao de hamburguer pct 12un,pct,29
2026-07-21,Loja 003,SKU-2002,Pao brioche pct 12un,pct,9
2026-07-21,Loja 003,SKU-3001,Queijo cheddar fatiado 1kg,pct,12
2026-07-21,Loja 003,SKU-3002,Queijo mussarela 5kg,pct,9
2026-07-21,Loja 003,SKU-3003,"Requeijao cremoso 1,5kg",pt,5
2026-07-21,Loja 003,SKU-3004,Manteiga 500g,un,7
2026-07-21,Loja 003,SKU-4001,"Batata pre-frita congelada 2,5kg",pct,22
2026-07-21,Loja 003,SKU-4002,Anel de cebola congelado 1kg,pct,4
2026-07-21,Loja 003,SKU-4003,Nuggets congelado 2kg,pct,4
2026-07-21,Loja 003,SKU-5001,Oleo de soja 900ml cx 20un,cx,3
2026-07-21,Loja 003,SKU-5002,"Ketchup galao 3,2kg",gl,3
2026-07-21,Loja 003,SKU-5003,Maionese galao 3kg,gl,3
2026-07-21,Loja 003,SKU-5004,Mostarda galao 3kg,gl,1
2026-07-21,Loja 003,SKU-5005,Sal refinado 1kg,un,2
2026-07-21,Loja 003,SKU-6001,Alface americana un,un,35
2026-07-21,Loja 003,SKU-6002,Tomate salada kg,kg,26.9
2026-07-21,Loja 003,SKU-6003,Cebola kg,kg,14.3
2026-07-21,Loja 003,SKU-6004,Picles fatiado 2kg,pt,2
2026-07-21,Loja 003,SKU-7001,Refrigerante lata cx 24un,cx,14
2026-07-21,Loja 003,SKU-7002,Refrigerante 2L cx 6un,cx,5
2026-07-21,Loja 003,SKU-7003,Suco caixinha cx 12un,cx,3
2026-07-21,Loja 003,SKU-7004,Agua mineral 500ml cx 12un,cx,6
2026-07-21,Loja 003,SKU-8001,Embalagem sanduiche pct 100un,pct,12
2026-07-21,Loja 003,SKU-8002,Copo 400ml pct 50un,pct,11
2026-07-21,Loja 003,SKU-8003,Sacola delivery pct 100un,pct,9
2026-07-21,Loja 003,SKU-8004,Guardanapo pct 1000un,pct,5
2026-07-22,Loja 001,SKU-1001,Hamburguer bovino 180g cx 24un,cx,8
2026-07-22,Loja 001,SKU-1002,File de frango congelado 2kg,pct,13
2026-07-22,Loja 001,SKU-1003,Bacon fatiado 1kg,pct,6
2026-07-22,Loja 001,SKU-1004,Linguica toscana 3kg,pct,4
2026-07-22,Loja 001,SKU-2001,Pao de hamburguer pct 12un,pct,26
2026-07-22,Loja 001,SKU-2002,Pao brioche pct 12un,pct,11
2026-07-22,Loja 001,SKU-3001,Queijo cheddar fatiado 1kg,pct,12
2026-07-22,Loja 001,SKU-3002,Queijo mussarela 5kg,pct,6
2026-07-22,Loja 001,SKU-3003,"Requeijao cremoso 1,5kg",pt,3
2026-07-22,Loja 001,SKU-3004,Manteiga 500g,un,6
2026-07-22,Loja 001,SKU-4001,"Batata pre-frita congelada 2,5kg",pct,20
2026-07-22,Loja 001,SKU-4002,Anel de cebola congelado 1kg,pct,3
2026-07-22,Loja 001,SKU-4003,Nuggets congelado 2kg,pct,5
2026-07-22,Loja 001,SKU-5001,Oleo de soja 900ml cx 20un,cx,2
2026-07-22,Loja 001,SKU-5002,"Ketchup galao 3,2kg",gl,2
2026-07-22,Loja 001,SKU-5003,Maionese galao 3kg,gl,3
2026-07-22,Loja 001,SKU-5004,Mostarda galao 3kg,gl,1
2026-07-22,Loja 001,SKU-5005,Sal refinado 1kg,un,1
2026-07-22,Loja 001,SKU-6001,Alface americana un,un,25
2026-07-22,Loja 001,SKU-6002,Tomate salada kg,kg,17.8
2026-07-22,Loja 001,SKU-6003,Cebola kg,kg,10.3
2026-07-22,Loja 001,SKU-6004,Picles fatiado 2kg,pt,3
2026-07-22,Loja 001,SKU-7001,Refrigerante lata cx 24un,cx,12
2026-07-22,Loja 001,SKU-7002,Refrigerante 2L cx 6un,cx,4
2026-07-22,Loja 001,SKU-7003,Suco caixinha cx 12un,cx,2
2026-07-22,Loja 001,SKU-7004,Agua mineral 500ml cx 12un,cx,6
2026-07-22,Loja 001,SKU-8001,Embalagem sanduiche pct 100un,pct,16
2026-07-22,Loja 001,SKU-8002,Copo 400ml pct 50un,pct,9
2026-07-22,Loja 001,SKU-8003,Sacola delivery pct 100un,pct,8
2026-07-22,Loja 001,SKU-8004,Guardanapo pct 1000un,pct,4
2026-07-22,Loja 002,SKU-1001,Hamburguer bovino 180g cx 24un,cx,6
2026-07-22,Loja 002,SKU-1002,File de frango congelado 2kg,pct,11
2026-07-22,Loja 002,SKU-1003,Bacon fatiado 1kg,pct,5
2026-07-22,Loja 002,SKU-1004,Linguica toscana 3kg,pct,3
2026-07-22,Loja 002,SKU-2001,Pao de hamburguer pct 12un,pct,16
2026-07-22,Loja 002,SKU-2002,Pao brioche pct 12un,pct,9
2026-07-22,Loja 002,SKU-3001,Queijo cheddar fatiado 1kg,pct,7
2026-07-22,Loja 002,SKU-3002,Queijo mussarela 5kg,pct,6
2026-07-22,Loja 002,SKU-3003,"Requeijao cremoso 1,5kg",pt,3
2026-07-22,Loja 002,SKU-3004,Manteiga 500g,un,3
2026-07-22,Loja 002,SKU-4001,"Batata pre-frita congelada 2,5kg",pct,14
2026-07-22,Loja 002,SKU-4002,Anel de cebola congelado 1kg,pct,2
2026-07-22,Loja 002,SKU-4003,Nuggets congelado 2kg,pct,3
2026-07-22,Loja 002,SKU-5001,Oleo de soja 900ml cx 20un,cx,2
2026-07-22,Loja 002,SKU-5002,"Ketchup galao 3,2kg",gl,2
2026-07-22,Loja 002,SKU-5003,Maionese galao 3kg,gl,2
2026-07-22,Loja 002,SKU-5004,Mostarda galao 3kg,gl,1
2026-07-22,Loja 002,SKU-5005,Sal refinado 1kg,un,1
2026-07-22,Loja 002,SKU-6001,Alface americana un,un,17
2026-07-22,Loja 002,SKU-6002,Tomate salada kg,kg,10.4
2026-07-22,Loja 002,SKU-6003,Cebola kg,kg,10.5
2026-07-22,Loja 002,SKU-6004,Picles fatiado 2kg,pt,2
2026-07-22,Loja 002,SKU-7001,Refrigerante lata cx 24un,cx,8
2026-07-22,Loja 002,SKU-7002,Refrigerante 2L cx 6un,cx,3
2026-07-22,Loja 002,SKU-7003,Suco caixinha cx 12un,cx,3
2026-07-22,Loja 002,SKU-7004,Agua mineral 500ml cx 12un,cx,3
2026-07-22,Loja 002,SKU-8001,Embalagem sanduiche pct 100un,pct,8
2026-07-22,Loja 002,SKU-8002,Copo 400ml pct 50un,pct,5
2026-07-22,Loja 002,SKU-8003,Sacola delivery pct 100un,pct,6
2026-07-22,Loja 002,SKU-8004,Guardanapo pct 1000un,pct,3
2026-07-22,Loja 003,SKU-1001,Hamburguer bovino 180g cx 24un,cx,9
2026-07-22,Loja 003,SKU-1002,File de frango congelado 2kg,pct,16
2026-07-22,Loja 003,SKU-1003,Bacon fatiado 1kg,pct,7
2026-07-22,Loja 003,SKU-1004,Linguica toscana 3kg,pct,5
2026-07-22,Loja 003,SKU-2001,Pao de hamburguer pct 12un,pct,20
2026-07-22,Loja 003,SKU-2002,Pao brioche pct 12un,pct,12
2026-07-22,Loja 003,SKU-3001,Queijo cheddar fatiado 1kg,pct,13
2026-07-22,Loja 003,SKU-3002,Queijo mussarela 5kg,pct,9
2026-07-22,Loja 003,SKU-3003,"Requeijao cremoso 1,5kg",pt,6
2026-07-22,Loja 003,SKU-3004,Manteiga 500g,un,5
2026-07-22,Loja 003,SKU-4001,"Batata pre-frita congelada 2,5kg",pct,24
2026-07-22,Loja 003,SKU-4002,Anel de cebola congelado 1kg,pct,5
2026-07-22,Loja 003,SKU-4003,Nuggets congelado 2kg,pct,7
2026-07-22,Loja 003,SKU-5001,Oleo de soja 900ml cx 20un,cx,4
2026-07-22,Loja 003,SKU-5002,"Ketchup galao 3,2kg",gl,3
2026-07-22,Loja 003,SKU-5003,Maionese galao 3kg,gl,3
2026-07-22,Loja 003,SKU-5004,Mostarda galao 3kg,gl,2
2026-07-22,Loja 003,SKU-5005,Sal refinado 1kg,un,2
2026-07-22,Loja 003,SKU-6001,Alface americana un,un,46
2026-07-22,Loja 003,SKU-6002,Tomate salada kg,kg,33.5
2026-07-22,Loja 003,SKU-6003,Cebola kg,kg,11.5
2026-07-22,Loja 003,SKU-6004,Picles fatiado 2kg,pt,2
2026-07-22,Loja 003,SKU-7001,Refrigerante lata cx 24un,cx,15
2026-07-22,Loja 003,SKU-7002,Refrigerante 2L cx 6un,cx,6
2026-07-22,Loja 003,SKU-7003,Suco caixinha cx 12un,cx,4
2026-07-22,Loja 003,SKU-7004,Agua mineral 500ml cx 12un,cx,8
2026-07-22,Loja 003,SKU-8001,Embalagem sanduiche pct 100un,pct,20
2026-07-22,Loja 003,SKU-8002,Copo 400ml pct 50un,pct,13
2026-07-22,Loja 003,SKU-8003,Sacola delivery pct 100un,pct,7
2026-07-22,Loja 003,SKU-8004,Guardanapo pct 1000un,pct,5
2026-07-23,Loja 001,SKU-1001,Hamburguer bovino 180g cx 24un,cx,11
2026-07-23,Loja 001,SKU-1002,File de frango congelado 2kg,pct,16
2026-07-23,Loja 001,SKU-1003,Bacon fatiado 1kg,pct,8
2026-07-23,Loja 001,SKU-1004,Linguica toscana 3kg,pct,6
2026-07-23,Loja 001,SKU-2001,Pao de hamburguer pct 12un,pct,27
2026-07-23,Loja 001,SKU-2002,Pao brioche pct 12un,pct,11
2026-07-23,Loja 001,SKU-3001,Queijo cheddar fatiado 1kg,pct,15
2026-07-23,Loja 001,SKU-3002,Queijo mussarela 5kg,pct,7
2026-07-23,Loja 001,SKU-3003,"Requeijao cremoso 1,5kg",pt,5
2026-07-23,Loja 001,SKU-3004,Manteiga 500g,un,7
2026-07-23,Loja 001,SKU-4001,"Batata pre-frita congelada 2,5kg",pct,21
2026-07-23,Loja 001,SKU-4002,Anel de cebola congelado 1kg,pct,3
2026-07-23,Loja 001,SKU-4003,Nuggets congelado 2kg,pct,5
2026-07-23,Loja 001,SKU-5001,Oleo de soja 900ml cx 20un,cx,3
2026-07-23,Loja 001,SKU-5002,"Ketchup galao 3,2kg",gl,2
2026-07-23,Loja 001,SKU-5003,Maionese galao 3kg,gl,4
2026-07-23,Loja 001,SKU-5004,Mostarda galao 3kg,gl,1
2026-07-23,Loja 001,SKU-5005,Sal refinado 1kg,un,2
2026-07-23,Loja 001,SKU-6001,Alface americana un,un,22
2026-07-23,Loja 001,SKU-6002,Tomate salada kg,kg,18.8
2026-07-23,Loja 001,SKU-6003,Cebola kg,kg,12.8
2026-07-23,Loja 001,SKU-6004,Picles fatiado 2kg,pt,2
2026-07-23,Loja 001,SKU-7001,Refrigerante lata cx 24un,cx,12
2026-07-23,Loja 001,SKU-7002,Refrigerante 2L cx 6un,cx,6
2026-07-23,Loja 001,SKU-7003,Suco caixinha cx 12un,cx,3
2026-07-23,Loja 001,SKU-7004,Agua mineral 500ml cx 12un,cx,7
2026-07-23,Loja 001,SKU-8001,Embalagem sanduiche pct 100un,pct,14
2026-07-23,Loja 001,SKU-8002,Copo 400ml pct 50un,pct,9
2026-07-23,Loja 001,SKU-8003,Sacola delivery pct 100un,pct,8
2026-07-23,Loja 001,SKU-8004,Guardanapo pct 1000un,pct,5
2026-07-23,Loja 002,SKU-1001,Hamburguer bovino 180g cx 24un,cx,7
2026-07-23,Loja 002,SKU-1002,File de frango congelado 2kg,pct,14
2026-07-23,Loja 002,SKU-1003,Bacon fatiado 1kg,pct,6
2026-07-23,Loja 002,SKU-1004,Linguica toscana 3kg,pct,4
2026-07-23,Loja 002,SKU-2001,Pao de hamburguer pct 12un,pct,22
2026-07-23,Loja 002,SKU-2002,Pao brioche pct 12un,pct,10
2026-07-23,Loja 002,SKU-3001,Queijo cheddar fatiado 1kg,pct,9
2026-07-23,Loja 002,SKU-3002,Queijo mussarela 5kg,pct,7
2026-07-23,Loja 002,SKU-3003,"Requeijao cremoso 1,5kg",pt,3
2026-07-23,Loja 002,SKU-3004,Manteiga 500g,un,3
2026-07-23,Loja 002,SKU-4001,"Batata pre-frita congelada 2,5kg",pct,17
2026-07-23,Loja 002,SKU-4002,Anel de cebola congelado 1kg,pct,3
2026-07-23,Loja 002,SKU-4003,Nuggets congelado 2kg,pct,3
2026-07-23,Loja 002,SKU-5001,Oleo de soja 900ml cx 20un,cx,2
2026-07-23,Loja 002,SKU-5002,"Ketchup galao 3,2kg",gl,2
2026-07-23,Loja 002,SKU-5003,Maionese galao 3kg,gl,2
2026-07-23,Loja 002,SKU-5004,Mostarda galao 3kg,gl,1
2026-07-23,Loja 002,SKU-5005,Sal refinado 1kg,un,1
2026-07-23,Loja 002,SKU-6001,Alface americana un,un,29
2026-07-23,Loja 002,SKU-6002,Tomate salada kg,kg,19.5
2026-07-23,Loja 002,SKU-6003,Cebola kg,kg,13.0
2026-07-23,Loja 002,SKU-6004,Picles fatiado 2kg,pt,2
2026-07-23,Loja 002,SKU-7001,Refrigerante lata cx 24un,cx,8
2026-07-23,Loja 002,SKU-7002,Refrigerante 2L cx 6un,cx,4
2026-07-23,Loja 002,SKU-7003,Suco caixinha cx 12un,cx,3
2026-07-23,Loja 002,SKU-7004,Agua mineral 500ml cx 12un,cx,4
2026-07-23,Loja 002,SKU-8001,Embalagem sanduiche pct 100un,pct,12
2026-07-23,Loja 002,SKU-8002,Copo 400ml pct 50un,pct,6
2026-07-23,Loja 002,SKU-8003,Sacola delivery pct 100un,pct,5
2026-07-23,Loja 002,SKU-8004,Guardanapo pct 1000un,pct,4
2026-07-23,Loja 003,SKU-1001,Hamburguer bovino 180g cx 24un,cx,15
2026-07-23,Loja 003,SKU-1002,File de frango congelado 2kg,pct,23
2026-07-23,Loja 003,SKU-1003,Bacon fatiado 1kg,pct,10
2026-07-23,Loja 003,SKU-1004,Linguica toscana 3kg,pct,6
2026-07-23,Loja 003,SKU-2001,Pao de hamburguer pct 12un,pct,37
2026-07-23,Loja 003,SKU-2002,Pao brioche pct 12un,pct,12
2026-07-23,Loja 003,SKU-3001,Queijo cheddar fatiado 1kg,pct,20
2026-07-23,Loja 003,SKU-3002,Queijo mussarela 5kg,pct,11
2026-07-23,Loja 003,SKU-3003,"Requeijao cremoso 1,5kg",pt,5
2026-07-23,Loja 003,SKU-3004,Manteiga 500g,un,8
2026-07-23,Loja 003,SKU-4001,"Batata pre-frita congelada 2,5kg",pct,33
2026-07-23,Loja 003,SKU-4002,Anel de cebola congelado 1kg,pct,4
2026-07-23,Loja 003,SKU-4003,Nuggets congelado 2kg,pct,6
2026-07-23,Loja 003,SKU-5001,Oleo de soja 900ml cx 20un,cx,4
2026-07-23,Loja 003,SKU-5002,"Ketchup galao 3,2kg",gl,2
2026-07-23,Loja 003,SKU-5003,Maionese galao 3kg,gl,4
2026-07-23,Loja 003,SKU-5004,Mostarda galao 3kg,gl,2
2026-07-23,Loja 003,SKU-5005,Sal refinado 1kg,un,2
2026-07-23,Loja 003,SKU-6001,Alface americana un,un,44
2026-07-23,Loja 003,SKU-6002,Tomate salada kg,kg,36.5
2026-07-23,Loja 003,SKU-6003,Cebola kg,kg,21.9
2026-07-23,Loja 003,SKU-6004,Picles fatiado 2kg,pt,2
2026-07-23,Loja 003,SKU-7001,Refrigerante lata cx 24un,cx,13
2026-07-23,Loja 003,SKU-7002,Refrigerante 2L cx 6un,cx,5
2026-07-23,Loja 003,SKU-7003,Suco caixinha cx 12un,cx,5
2026-07-23,Loja 003,SKU-7004,Agua mineral 500ml cx 12un,cx,8
2026-07-23,Loja 003,SKU-8001,Embalagem sanduiche pct 100un,pct,19
2026-07-23,Loja 003,SKU-8002,Copo 400ml pct 50un,pct,15
2026-07-23,Loja 003,SKU-8003,Sacola delivery pct 100un,pct,10
2026-07-23,Loja 003,SKU-8004,Guardanapo pct 1000un,pct,5
2026-07-24,Loja 001,SKU-1001,Hamburguer bovino 180g cx 24un,cx,14
2026-07-24,Loja 001,SKU-1002,File de frango congelado 2kg,pct,19
2026-07-24,Loja 001,SKU-1003,Bacon fatiado 1kg,pct,9
2026-07-24,Loja 001,SKU-1004,Linguica toscana 3kg,pct,7
2026-07-24,Loja 001,SKU-2001,Pao de hamburguer pct 12un,pct,21
2026-07-24,Loja 001,SKU-2002,Pao brioche pct 12un,pct,15
2026-07-24,Loja 001,SKU-3001,Queijo cheddar fatiado 1kg,pct,17
2026-07-24,Loja 001,SKU-3002,Queijo mussarela 5kg,pct,13
2026-07-24,Loja 001,SKU-3003,"Requeijao cremoso 1,5kg",pt,6
2026-07-24,Loja 001,SKU-3004,Manteiga 500g,un,8
2026-07-24,Loja 001,SKU-4001,"Batata pre-frita congelada 2,5kg",pct,28
2026-07-24,Loja 001,SKU-4002,Anel de cebola congelado 1kg,pct,5
2026-07-24,Loja 001,SKU-4003,Nuggets congelado 2kg,pct,7
2026-07-24,Loja 001,SKU-5001,Oleo de soja 900ml cx 20un,cx,4
2026-07-24,Loja 001,SKU-5002,"Ketchup galao 3,2kg",gl,3
2026-07-24,Loja 001,SKU-5003,Maionese galao 3kg,gl,4
2026-07-24,Loja 001,SKU-5004,Mostarda galao 3kg,gl,2
2026-07-24,Loja 001,SKU-5005,Sal refinado 1kg,un,2
2026-07-24,Loja 001,SKU-6001,Alface americana un,un,39
2026-07-24,Loja 001,SKU-6002,Tomate salada kg,kg,31.9
2026-07-24,Loja 001,SKU-6003,Cebola kg,kg,22.1
2026-07-24,Loja 001,SKU-6004,Picles fatiado 2kg,pt,4
2026-07-24,Loja 001,SKU-7001,Refrigerante lata cx 24un,cx,17
2026-07-24,Loja 001,SKU-7002,Refrigerante 2L cx 6un,cx,7
2026-07-24,Loja 001,SKU-7003,Suco caixinha cx 12un,cx,5
2026-07-24,Loja 001,SKU-7004,Agua mineral 500ml cx 12un,cx,10
2026-07-24,Loja 001,SKU-8001,Embalagem sanduiche pct 100un,pct,22
2026-07-24,Loja 001,SKU-8002,Copo 400ml pct 50un,pct,12
2026-07-24,Loja 001,SKU-8003,Sacola delivery pct 100un,pct,12
2026-07-24,Loja 001,SKU-8004,Guardanapo pct 1000un,pct,6
2026-07-24,Loja 002,SKU-1001,Hamburguer bovino 180g cx 24un,cx,8
2026-07-24,Loja 002,SKU-1002,File de frango congelado 2kg,pct,15
2026-07-24,Loja 002,SKU-1003,Bacon fatiado 1kg,pct,7
2026-07-24,Loja 002,SKU-1004,Linguica toscana 3kg,pct,4
2026-07-24,Loja 002,SKU-2001,Pao de hamburguer pct 12un,pct,25
2026-07-24,Loja 002,SKU-2002,Pao brioche pct 12un,pct,13
2026-07-24,Loja 002,SKU-3001,Queijo cheddar fatiado 1kg,pct,10
2026-07-24,Loja 002,SKU-3002,Queijo mussarela 5kg,pct,8
2026-07-24,Loja 002,SKU-3003,"Requeijao cremoso 1,5kg",pt,4
2026-07-24,Loja 002,SKU-3004,Manteiga 500g,un,5
2026-07-24,Loja 002,SKU-4001,"Batata pre-frita congelada 2,5kg",pct,18
2026-07-24,Loja 002,SKU-4002,Anel de cebola congelado 1kg,pct,4
2026-07-24,Loja 002,SKU-4003,Nuggets congelado 2kg,pct,4
2026-07-24,Loja 002,SKU-5001,Oleo de soja 900ml cx 20un,cx,3
2026-07-24,Loja 002,SKU-5002,"Ketchup galao 3,2kg",gl,2
2026-07-24,Loja 002,SKU-5003,Maionese galao 3kg,gl,3
2026-07-24,Loja 002,SKU-5004,Mostarda galao 3kg,gl,1
2026-07-24,Loja 002,SKU-5005,Sal refinado 1kg,un,2
2026-07-24,Loja 002,SKU-6001,Alface americana un,un,33
2026-07-24,Loja 002,SKU-6002,Tomate salada kg,kg,28.6
2026-07-24,Loja 002,SKU-6003,Cebola kg,kg,11.3
2026-07-24,Loja 002,SKU-6004,Picles fatiado 2kg,pt,3
2026-07-24,Loja 002,SKU-7001,Refrigerante lata cx 24un,cx,12
2026-07-24,Loja 002,SKU-7002,Refrigerante 2L cx 6un,cx,4
2026-07-24,Loja 002,SKU-7003,Suco caixinha cx 12un,cx,4
2026-07-24,Loja 002,SKU-7004,Agua mineral 500ml cx 12un,cx,5
2026-07-24,Loja 002,SKU-8001,Embalagem sanduiche pct 100un,pct,12
2026-07-24,Loja 002,SKU-8002,Copo 400ml pct 50un,pct,8
2026-07-24,Loja 002,SKU-8003,Sacola delivery pct 100un,pct,6
2026-07-24,Loja 002,SKU-8004,Guardanapo pct 1000un,pct,4
2026-07-24,Loja 003,SKU-1001,Hamburguer bovino 180g cx 24un,cx,13
2026-07-24,Loja 003,SKU-1002,File de frango congelado 2kg,pct,22
2026-07-24,Loja 003,SKU-1003,Bacon fatiado 1kg,pct,13
2026-07-24,Loja 003,SKU-1004,Linguica toscana 3kg,pct,7
2026-07-24,Loja 003,SKU-2001,Pao de hamburguer pct 12un,pct,45
2026-07-24,Loja 003,SKU-2002,Pao brioche pct 12un,pct,25
2026-07-24,Loja 003,SKU-3001,Queijo cheddar fatiado 1kg,pct,20
2026-07-24,Loja 003,SKU-3002,Queijo mussarela 5kg,pct,16
2026-07-24,Loja 003,SKU-3003,"Requeijao cremoso 1,5kg",pt,6
2026-07-24,Loja 003,SKU-3004,Manteiga 500g,un,11
2026-07-24,Loja 003,SKU-4001,"Batata pre-frita congelada 2,5kg",pct,28
2026-07-24,Loja 003,SKU-4002,Anel de cebola congelado 1kg,pct,5
2026-07-24,Loja 003,SKU-4003,Nuggets congelado 2kg,pct,10
2026-07-24,Loja 003,SKU-5001,Oleo de soja 900ml cx 20un,cx,6
2026-07-24,Loja 003,SKU-5002,"Ketchup galao 3,2kg",gl,4
2026-07-24,Loja 003,SKU-5003,Maionese galao 3kg,gl,4
2026-07-24,Loja 003,SKU-5004,Mostarda galao 3kg,gl,2
2026-07-24,Loja 003,SKU-5005,Sal refinado 1kg,un,3
2026-07-24,Loja 003,SKU-6001,Alface americana un,un,60
2026-07-24,Loja 003,SKU-6002,Tomate salada kg,kg,43.0
2026-07-24,Loja 003,SKU-6003,Cebola kg,kg,18.3
2026-07-24,Loja 003,SKU-6004,Picles fatiado 2kg,pt,4
2026-07-24,Loja 003,SKU-7001,Refrigerante lata cx 24un,cx,19
2026-07-24,Loja 003,SKU-7002,Refrigerante 2L cx 6un,cx,8
2026-07-24,Loja 003,SKU-7003,Suco caixinha cx 12un,cx,7
2026-07-24,Loja 003,SKU-7004,Agua mineral 500ml cx 12un,cx,9
2026-07-24,Loja 003,SKU-8001,Embalagem sanduiche pct 100un,pct,26
2026-07-24,Loja 003,SKU-8002,Copo 400ml pct 50un,pct,19
2026-07-24,Loja 003,SKU-8003,Sacola delivery pct 100un,pct,14
2026-07-24,Loja 003,SKU-8004,Guardanapo pct 1000un,pct,9
2026-07-25,Loja 001,SKU-1001,Hamburguer bovino 180g cx 24un,cx,15
2026-07-25,Loja 001,SKU-1002,File de frango congelado 2kg,pct,26
2026-07-25,Loja 001,SKU-1003,Bacon fatiado 1kg,pct,12
2026-07-25,Loja 001,SKU-1004,Linguica toscana 3kg,pct,8
2026-07-25,Loja 001,SKU-2001,Pao de hamburguer pct 12un,pct,34
2026-07-25,Loja 001,SKU-2002,Pao brioche pct 12un,pct,19
2026-07-25,Loja 001,SKU-3001,Queijo cheddar fatiado 1kg,pct,20
2026-07-25,Loja 001,SKU-3002,Queijo mussarela 5kg,pct,14
2026-07-25,Loja 001,SKU-3003,"Requeijao cremoso 1,5kg",pt,5
2026-07-25,Loja 001,SKU-3004,Manteiga 500g,un,9
2026-07-25,Loja 001,SKU-4001,"Batata pre-frita congelada 2,5kg",pct,27
2026-07-25,Loja 001,SKU-4002,Anel de cebola congelado 1kg,pct,5
2026-07-25,Loja 001,SKU-4003,Nuggets congelado 2kg,pct,9
2026-07-25,Loja 001,SKU-5001,Oleo de soja 900ml cx 20un,cx,4
2026-07-25,Loja 001,SKU-5002,"Ketchup galao 3,2kg",gl,3
2026-07-25,Loja 001,SKU-5003,Maionese galao 3kg,gl,5
2026-07-25,Loja 001,SKU-5004,Mostarda galao 3kg,gl,2
2026-07-25,Loja 001,SKU-5005,Sal refinado 1kg,un,2
2026-07-25,Loja 001,SKU-6001,Alface americana un,un,44
2026-07-25,Loja 001,SKU-6002,Tomate salada kg,kg,35.4
2026-07-25,Loja 001,SKU-6003,Cebola kg,kg,18.9
2026-07-25,Loja 001,SKU-6004,Picles fatiado 2kg,pt,3
2026-07-25,Loja 001,SKU-7001,Refrigerante lata cx 24un,cx,18
2026-07-25,Loja 001,SKU-7002,Refrigerante 2L cx 6un,cx,6
2026-07-25,Loja 001,SKU-7003,Suco caixinha cx 12un,cx,5
2026-07-25,Loja 001,SKU-7004,Agua mineral 500ml cx 12un,cx,11
2026-07-25,Loja 001,SKU-8001,Embalagem sanduiche pct 100un,pct,24
2026-07-25,Loja 001,SKU-8002,Copo 400ml pct 50un,pct,13
2026-07-25,Loja 001,SKU-8003,Sacola delivery pct 100un,pct,9
2026-07-25,Loja 001,SKU-8004,Guardanapo pct 1000un,pct,7
2026-07-25,Loja 002,SKU-1001,Hamburguer bovino 180g cx 24un,cx,8
2026-07-25,Loja 002,SKU-1002,File de frango congelado 2kg,pct,16
2026-07-25,Loja 002,SKU-1003,Bacon fatiado 1kg,pct,6
2026-07-25,Loja 002,SKU-1004,Linguica toscana 3kg,pct,6
2026-07-25,Loja 002,SKU-2001,Pao de hamburguer pct 12un,pct,26
2026-07-25,Loja 002,SKU-2002,Pao brioche pct 12un,pct,7
2026-07-25,Loja 002,SKU-3001,Queijo cheddar fatiado 1kg,pct,15
2026-07-25,Loja 002,SKU-3002,Queijo mussarela 5kg,pct,9
2026-07-25,Loja 002,SKU-3003,"Requeijao cremoso 1,5kg",pt,3
2026-07-25,Loja 002,SKU-3004,Manteiga 500g,un,6
2026-07-25,Loja 002,SKU-4001,"Batata pre-frita congelada 2,5kg",pct,23
2026-07-25,Loja 002,SKU-4002,Anel de cebola congelado 1kg,pct,4
2026-07-25,Loja 002,SKU-4003,Nuggets congelado 2kg,pct,4
2026-07-25,Loja 002,SKU-5001,Oleo de soja 900ml cx 20un,cx,4
2026-07-25,Loja 002,SKU-5002,"Ketchup galao 3,2kg",gl,3
2026-07-25,Loja 002,SKU-5003,Maionese galao 3kg,gl,2
2026-07-25,Loja 002,SKU-5004,Mostarda galao 3kg,gl,1
2026-07-25,Loja 002,SKU-5005,Sal refinado 1kg,un,1
2026-07-25,Loja 002,SKU-6001,Alface americana un,un,37
2026-07-25,Loja 002,SKU-6002,Tomate salada kg,kg,31.6
2026-07-25,Loja 002,SKU-6003,Cebola kg,kg,14.0
2026-07-25,Loja 002,SKU-6004,Picles fatiado 2kg,pt,3
2026-07-25,Loja 002,SKU-7001,Refrigerante lata cx 24un,cx,11
2026-07-25,Loja 002,SKU-7002,Refrigerante 2L cx 6un,cx,5
2026-07-25,Loja 002,SKU-7003,Suco caixinha cx 12un,cx,3
2026-07-25,Loja 002,SKU-7004,Agua mineral 500ml cx 12un,cx,8
2026-07-25,Loja 002,SKU-8001,Embalagem sanduiche pct 100un,pct,17
2026-07-25,Loja 002,SKU-8002,Copo 400ml pct 50un,pct,8
2026-07-25,Loja 002,SKU-8003,Sacola delivery pct 100un,pct,8
2026-07-25,Loja 002,SKU-8004,Guardanapo pct 1000un,pct,4
2026-07-25,Loja 003,SKU-1001,Hamburguer bovino 180g cx 24un,cx,21
2026-07-25,Loja 003,SKU-1002,File de frango congelado 2kg,pct,33
2026-07-25,Loja 003,SKU-1003,Bacon fatiado 1kg,pct,11
2026-07-25,Loja 003,SKU-1004,Linguica toscana 3kg,pct,9
2026-07-25,Loja 003,SKU-2001,Pao de hamburguer pct 12un,pct,52
2026-07-25,Loja 003,SKU-2002,Pao brioche pct 12un,pct,24
2026-07-25,Loja 003,SKU-3001,Queijo cheddar fatiado 1kg,pct,24
2026-07-25,Loja 003,SKU-3002,Queijo mussarela 5kg,pct,12
2026-07-25,Loja 003,SKU-3003,"Requeijao cremoso 1,5kg",pt,9
2026-07-25,Loja 003,SKU-3004,Manteiga 500g,un,9
2026-07-25,Loja 003,SKU-4001,"Batata pre-frita congelada 2,5kg",pct,35
2026-07-25,Loja 003,SKU-4002,Anel de cebola congelado 1kg,pct,6
2026-07-25,Loja 003,SKU-4003,Nuggets congelado 2kg,pct,11
2026-07-25,Loja 003,SKU-5001,Oleo de soja 900ml cx 20un,cx,7
2026-07-25,Loja 003,SKU-5002,"Ketchup galao 3,2kg",gl,4
2026-07-25,Loja 003,SKU-5003,Maionese galao 3kg,gl,5
2026-07-25,Loja 003,SKU-5004,Mostarda galao 3kg,gl,3
2026-07-25,Loja 003,SKU-5005,Sal refinado 1kg,un,3
2026-07-25,Loja 003,SKU-6001,Alface americana un,un,70
2026-07-25,Loja 003,SKU-6002,Tomate salada kg,kg,47.9
2026-07-25,Loja 003,SKU-6003,Cebola kg,kg,22.1
2026-07-25,Loja 003,SKU-6004,Picles fatiado 2kg,pt,4
2026-07-25,Loja 003,SKU-7001,Refrigerante lata cx 24un,cx,23
2026-07-25,Loja 003,SKU-7002,Refrigerante 2L cx 6un,cx,8
2026-07-25,Loja 003,SKU-7003,Suco caixinha cx 12un,cx,5
2026-07-25,Loja 003,SKU-7004,Agua mineral 500ml cx 12un,cx,13
2026-07-25,Loja 003,SKU-8001,Embalagem sanduiche pct 100un,pct,29
2026-07-25,Loja 003,SKU-8002,Copo 400ml pct 50un,pct,21
2026-07-25,Loja 003,SKU-8003,Sacola delivery pct 100un,pct,14
2026-07-25,Loja 003,SKU-8004,Guardanapo pct 1000un,pct,7
2026-07-26,Loja 001,SKU-1001,Hamburguer bovino 180g cx 24un,cx,9
2026-07-26,Loja 001,SKU-1002,File de frango congelado 2kg,pct,20
2026-07-26,Loja 001,SKU-1003,Bacon fatiado 1kg,pct,9
2026-07-26,Loja 001,SKU-1004,Linguica toscana 3kg,pct,5
2026-07-26,Loja 001,SKU-2001,Pao de hamburguer pct 12un,pct,25
2026-07-26,Loja 001,SKU-2002,Pao brioche pct 12un,pct,8
2026-07-26,Loja 001,SKU-3001,Queijo cheddar fatiado 1kg,pct,14
2026-07-26,Loja 001,SKU-3002,Queijo mussarela 5kg,pct,11
2026-07-26,Loja 001,SKU-3003,"Requeijao cremoso 1,5kg",pt,3
2026-07-26,Loja 001,SKU-3004,Manteiga 500g,un,6
2026-07-26,Loja 001,SKU-4001,"Batata pre-frita congelada 2,5kg",pct,24
2026-07-26,Loja 001,SKU-4002,Anel de cebola congelado 1kg,pct,3
2026-07-26,Loja 001,SKU-4003,Nuggets congelado 2kg,pct,4
2026-07-26,Loja 001,SKU-5001,Oleo de soja 900ml cx 20un,cx,3
2026-07-26,Loja 001,SKU-5002,"Ketchup galao 3,2kg",gl,3
2026-07-26,Loja 001,SKU-5003,Maionese galao 3kg,gl,3
2026-07-26,Loja 001,SKU-5004,Mostarda galao 3kg,gl,1
2026-07-26,Loja 001,SKU-5005,Sal refinado 1kg,un,2
2026-07-26,Loja 001,SKU-6001,Alface americana un,un,41
2026-07-26,Loja 001,SKU-6002,Tomate salada kg,kg,29.5
2026-07-26,Loja 001,SKU-6003,Cebola kg,kg,15.3
2026-07-26,Loja 001,SKU-6004,Picles fatiado 2kg,pt,3
2026-07-26,Loja 001,SKU-7001,Refrigerante lata cx 24un,cx,13
2026-07-26,Loja 001,SKU-7002,Refrigerante 2L cx 6un,cx,6
2026-07-26,Loja 001,SKU-7003,Suco caixinha cx 12un,cx,3
2026-07-26,Loja 001,SKU-7004,Agua mineral 500ml cx 12un,cx,7
2026-07-26,Loja 001,SKU-8001,Embalagem sanduiche pct 100un,pct,12
2026-07-26,Loja 001,SKU-8002,Copo 400ml pct 50un,pct,10
2026-07-26,Loja 001,SKU-8003,Sacola delivery pct 100un,pct,9
2026-07-26,Loja 001,SKU-8004,Guardanapo pct 1000un,pct,4
2026-07-26,Loja 002,SKU-1001,Hamburguer bovino 180g cx 24un,cx,9
2026-07-26,Loja 002,SKU-1002,File de frango congelado 2kg,pct,10
2026-07-26,Loja 002,SKU-1003,Bacon fatiado 1kg,pct,6
2026-07-26,Loja 002,SKU-1004,Linguica toscana 3kg,pct,3
2026-07-26,Loja 002,SKU-2001,Pao de hamburguer pct 12un,pct,18
2026-07-26,Loja 002,SKU-2002,Pao brioche pct 12un,pct,9
2026-07-26,Loja 002,SKU-3001,Queijo cheddar fatiado 1kg,pct,9
2026-07-26,Loja 002,SKU-3002,Queijo mussarela 5kg,pct,7
2026-07-26,Loja 002,SKU-3003,"Requeijao cremoso 1,5kg",pt,3
2026-07-26,Loja 002,SKU-3004,Manteiga 500g,un,5
2026-07-26,Loja 002,SKU-4001,"Batata pre-frita congelada 2,5kg",pct,13
2026-07-26,Loja 002,SKU-4002,Anel de cebola congelado 1kg,pct,3
2026-07-26,Loja 002,SKU-4003,Nuggets congelado 2kg,pct,3
2026-07-26,Loja 002,SKU-5001,Oleo de soja 900ml cx 20un,cx,3
2026-07-26,Loja 002,SKU-5002,"Ketchup galao 3,2kg",gl,2
2026-07-26,Loja 002,SKU-5003,Maionese galao 3kg,gl,2
2026-07-26,Loja 002,SKU-5004,Mostarda galao 3kg,gl,1
2026-07-26,Loja 002,SKU-5005,Sal refinado 1kg,un,1
2026-07-26,Loja 002,SKU-6001,Alface americana un,un,18
2026-07-26,Loja 002,SKU-6002,Tomate salada kg,kg,13.4
2026-07-26,Loja 002,SKU-6003,Cebola kg,kg,7.7
2026-07-26,Loja 002,SKU-6004,Picles fatiado 2kg,pt,1
2026-07-26,Loja 002,SKU-7001,Refrigerante lata cx 24un,cx,10
2026-07-26,Loja 002,SKU-7002,Refrigerante 2L cx 6un,cx,3
2026-07-26,Loja 002,SKU-7003,Suco caixinha cx 12un,cx,3
2026-07-26,Loja 002,SKU-7004,Agua mineral 500ml cx 12un,cx,5
2026-07-26,Loja 002,SKU-8001,Embalagem sanduiche pct 100un,pct,10
2026-07-26,Loja 002,SKU-8002,Copo 400ml pct 50un,pct,8
2026-07-26,Loja 002,SKU-8003,Sacola delivery pct 100un,pct,7
2026-07-26,Loja 002,SKU-8004,Guardanapo pct 1000un,pct,4
2026-07-26,Loja 003,SKU-1001,Hamburguer bovino 180g cx 24un,cx,16
2026-07-26,Loja 003,SKU-1002,File de frango congelado 2kg,pct,21
2026-07-26,Loja 003,SKU-1003,Bacon fatiado 1kg,pct,10
2026-07-26,Loja 003,SKU-1004,Linguica toscana 3kg,pct,7
2026-07-26,Loja 003,SKU-2001,Pao de hamburguer pct 12un,pct,22
2026-07-26,Loja 003,SKU-2002,Pao brioche pct 12un,pct,20
2026-07-26,Loja 003,SKU-3001,Queijo cheddar fatiado 1kg,pct,21
2026-07-26,Loja 003,SKU-3002,Queijo mussarela 5kg,pct,14
2026-07-26,Loja 003,SKU-3003,"Requeijao cremoso 1,5kg",pt,5
2026-07-26,Loja 003,SKU-3004,Manteiga 500g,un,10
2026-07-26,Loja 003,SKU-4001,"Batata pre-frita congelada 2,5kg",pct,23
2026-07-26,Loja 003,SKU-4002,Anel de cebola congelado 1kg,pct,4
2026-07-26,Loja 003,SKU-4003,Nuggets congelado 2kg,pct,8
2026-07-26,Loja 003,SKU-5001,Oleo de soja 900ml cx 20un,cx,4
2026-07-26,Loja 003,SKU-5002,"Ketchup galao 3,2kg",gl,3
2026-07-26,Loja 003,SKU-5003,Maionese galao 3kg,gl,4
2026-07-26,Loja 003,SKU-5004,Mostarda galao 3kg,gl,2
2026-07-26,Loja 003,SKU-5005,Sal refinado 1kg,un,2
2026-07-26,Loja 003,SKU-6001,Alface americana un,un,35
2026-07-26,Loja 003,SKU-6002,Tomate salada kg,kg,42.0
2026-07-26,Loja 003,SKU-6003,Cebola kg,kg,19.8
2026-07-26,Loja 003,SKU-6004,Picles fatiado 2kg,pt,4
2026-07-26,Loja 003,SKU-7001,Refrigerante lata cx 24un,cx,15
2026-07-26,Loja 003,SKU-7002,Refrigerante 2L cx 6un,cx,5
2026-07-26,Loja 003,SKU-7003,Suco caixinha cx 12un,cx,6
2026-07-26,Loja 003,SKU-7004,Agua mineral 500ml cx 12un,cx,7
2026-07-26,Loja 003,SKU-8001,Embalagem sanduiche pct 100un,pct,25
2026-07-26,Loja 003,SKU-8002,Copo 400ml pct 50un,pct,11
2026-07-26,Loja 003,SKU-8003,Sacola delivery pct 100un,pct,8
2026-07-26,Loja 003,SKU-8004,Guardanapo pct 1000un,pct,6
2026-07-27,Loja 001,SKU-1001,Hamburguer bovino 180g cx 24un,cx,7
2026-07-27,Loja 001,SKU-1002,File de frango congelado 2kg,pct,14
2026-07-27,Loja 001,SKU-1003,Bacon fatiado 1kg,pct,6
2026-07-27,Loja 001,SKU-1004,Linguica toscana 3kg,pct,5
2026-07-27,Loja 001,SKU-2001,Pao de hamburguer pct 12un,pct,21
2026-07-27,Loja 001,SKU-2002,Pao brioche pct 12un,pct,10
2026-07-27,Loja 001,SKU-3001,Queijo cheddar fatiado 1kg,pct,8
2026-07-27,Loja 001,SKU-3002,Queijo mussarela 5kg,pct,8
2026-07-27,Loja 001,SKU-3003,"Requeijao cremoso 1,5kg",pt,3
2026-07-27,Loja 001,SKU-3004,Manteiga 500g,un,5
2026-07-27,Loja 001,SKU-4001,"Batata pre-frita congelada 2,5kg",pct,18
2026-07-27,Loja 001,SKU-4002,Anel de cebola congelado 1kg,pct,3
2026-07-27,Loja 001,SKU-4003,Nuggets congelado 2kg,pct,4
2026-07-27,Loja 001,SKU-5001,Oleo de soja 900ml cx 20un,cx,3
2026-07-27,Loja 001,SKU-5002,"Ketchup galao 3,2kg",gl,2
2026-07-27,Loja 001,SKU-5003,Maionese galao 3kg,gl,3
2026-07-27,Loja 001,SKU-5004,Mostarda galao 3kg,gl,1
2026-07-27,Loja 001,SKU-5005,Sal refinado 1kg,un,1
2026-07-27,Loja 001,SKU-6001,Alface americana un,un,30
2026-07-27,Loja 001,SKU-6002,Tomate salada kg,kg,15.9
2026-07-27,Loja 001,SKU-6003,Cebola kg,kg,9.0
2026-07-27,Loja 001,SKU-6004,Picles fatiado 2kg,pt,2
2026-07-27,Loja 001,SKU-7001,Refrigerante lata cx 24un,cx,11
2026-07-27,Loja 001,SKU-7002,Refrigerante 2L cx 6un,cx,3
2026-07-27,Loja 001,SKU-7003,Suco caixinha cx 12un,cx,2
2026-07-27,Loja 001,SKU-7004,Agua mineral 500ml cx 12un,cx,5
2026-07-27,Loja 001,SKU-8001,Embalagem sanduiche pct 100un,pct,13
2026-07-27,Loja 001,SKU-8002,Copo 400ml pct 50un,pct,6
2026-07-27,Loja 001,SKU-8003,Sacola delivery pct 100un,pct,7
2026-07-27,Loja 001,SKU-8004,Guardanapo pct 1000un,pct,3
2026-07-27,Loja 002,SKU-1001,Hamburguer bovino 180g cx 24un,cx,6
2026-07-27,Loja 002,SKU-1002,File de frango congelado 2kg,pct,10
2026-07-27,Loja 002,SKU-1003,Bacon fatiado 1kg,pct,5
2026-07-27,Loja 002,SKU-1004,Linguica toscana 3kg,pct,4
2026-07-27,Loja 002,SKU-2001,Pao de hamburguer pct 12un,pct,20
2026-07-27,Loja 002,SKU-2002,Pao brioche pct 12un,pct,6
2026-07-27,Loja 002,SKU-3001,Queijo cheddar fatiado 1kg,pct,6
2026-07-27,Loja 002,SKU-3002,Queijo mussarela 5kg,pct,5
2026-07-27,Loja 002,SKU-3003,"Requeijao cremoso 1,5kg",pt,3
2026-07-27,Loja 002,SKU-3004,Manteiga 500g,un,3
2026-07-27,Loja 002,SKU-4001,"Batata pre-frita congelada 2,5kg",pct,11
2026-07-27,Loja 002,SKU-4002,Anel de cebola congelado 1kg,pct,2
2026-07-27,Loja 002,SKU-4003,Nuggets congelado 2kg,pct,2
2026-07-27,Loja 002,SKU-5001,Oleo de soja 900ml cx 20un,cx,2
2026-07-27,Loja 002,SKU-5002,"Ketchup galao 3,2kg",gl,1
2026-07-27,Loja 002,SKU-5003,Maionese galao 3kg,gl,2
2026-07-27,Loja 002,SKU-5004,Mostarda galao 3kg,gl,1
2026-07-27,Loja 002,SKU-5005,Sal refinado 1kg,un,1
2026-07-27,Loja 002,SKU-6001,Alface americana un,un,12
2026-07-27,Loja 002,SKU-6002,Tomate salada kg,kg,16.3
2026-07-27,Loja 002,SKU-6003,Cebola kg,kg,8.6
2026-07-27,Loja 002,SKU-6004,Picles fatiado 2kg,pt,1
2026-07-27,Loja 002,SKU-7001,Refrigerante lata cx 24un,cx,6
2026-07-27,Loja 002,SKU-7002,Refrigerante 2L cx 6un,cx,2
2026-07-27,Loja 002,SKU-7003,Suco caixinha cx 12un,cx,2
2026-07-27,Loja 002,SKU-7004,Agua mineral 500ml cx 12un,cx,3
2026-07-27,Loja 002,SKU-8001,Embalagem sanduiche pct 100un,pct,8
2026-07-27,Loja 002,SKU-8002,Copo 400ml pct 50un,pct,6
2026-07-27,Loja 002,SKU-8003,Sacola delivery pct 100un,pct,5
2026-07-27,Loja 002,SKU-8004,Guardanapo pct 1000un,pct,3
2026-07-27,Loja 003,SKU-1001,Hamburguer bovino 180g cx 24un,cx,10
2026-07-27,Loja 003,SKU-1002,File de frango congelado 2kg,pct,16
2026-07-27,Loja 003,SKU-1003,Bacon fatiado 1kg,pct,8
2026-07-27,Loja 003,SKU-1004,Linguica toscana 3kg,pct,5
2026-07-27,Loja 003,SKU-2001,Pao de hamburguer pct 12un,pct,21
2026-07-27,Loja 003,SKU-2002,Pao brioche pct 12un,pct,11
2026-07-27,Loja 003,SKU-3001,Queijo cheddar fatiado 1kg,pct,15
2026-07-27,Loja 003,SKU-3002,Queijo mussarela 5kg,pct,8
2026-07-27,Loja 003,SKU-3003,"Requeijao cremoso 1,5kg",pt,5
2026-07-27,Loja 003,SKU-3004,Manteiga 500g,un,5
2026-07-27,Loja 003,SKU-4001,"Batata pre-frita congelada 2,5kg",pct,22
2026-07-27,Loja 003,SKU-4002,Anel de cebola congelado 1kg,pct,4
2026-07-27,Loja 003,SKU-4003,Nuggets congelado 2kg,pct,6
2026-07-27,Loja 003,SKU-5001,Oleo de soja 900ml cx 20un,cx,3
2026-07-27,Loja 003,SKU-5002,"Ketchup galao 3,2kg",gl,2
2026-07-27,Loja 003,SKU-5003,Maionese galao 3kg,gl,3
2026-07-27,Loja 003,SKU-5004,Mostarda galao 3kg,gl,1
2026-07-27,Loja 003,SKU-5005,Sal refinado 1kg,un,2
2026-07-27,Loja 003,SKU-6001,Alface americana un,un,24
2026-07-27,Loja 003,SKU-6002,Tomate salada kg,kg,30.2
2026-07-27,Loja 003,SKU-6003,Cebola kg,kg,15.4
2026-07-27,Loja 003,SKU-6004,Picles fatiado 2kg,pt,3
2026-07-27,Loja 003,SKU-7001,Refrigerante lata cx 24un,cx,13
2026-07-27,Loja 003,SKU-7002,Refrigerante 2L cx 6un,cx,4
2026-07-27,Loja 003,SKU-7003,Suco caixinha cx 12un,cx,3
2026-07-27,Loja 003,SKU-7004,Agua mineral 500ml cx 12un,cx,6
2026-07-27,Loja 003,SKU-8001,Embalagem sanduiche pct 100un,pct,13
2026-07-27,Loja 003,SKU-8002,Copo 400ml pct 50un,pct,9
2026-07-27,Loja 003,SKU-8003,Sacola delivery pct 100un,pct,7
2026-07-27,Loja 003,SKU-8004,Guardanapo pct 1000un,pct,4
2026-07-28,Loja 001,SKU-1001,Hamburguer bovino 180g cx 24un,cx,7
2026-07-28,Loja 001,SKU-1002,File de frango congelado 2kg,pct,12
2026-07-28,Loja 001,SKU-1003,Bacon fatiado 1kg,pct,7
2026-07-28,Loja 001,SKU-1004,Linguica toscana 3kg,pct,4
2026-07-28,Loja 001,SKU-2001,Pao de hamburguer pct 12un,pct,16
2026-07-28,Loja 001,SKU-2002,Pao brioche pct 12un,pct,6
2026-07-28,Loja 001,SKU-3001,Queijo cheddar fatiado 1kg,pct,8
2026-07-28,Loja 001,SKU-3002,Queijo mussarela 5kg,pct,8
2026-07-28,Loja 001,SKU-3003,"Requeijao cremoso 1,5kg",pt,4
2026-07-28,Loja 001,SKU-3004,Manteiga 500g,un,5
2026-07-28,Loja 001,SKU-4001,"Batata pre-frita congelada 2,5kg",pct,21
2026-07-28,Loja 001,SKU-4002,Anel de cebola congelado 1kg,pct,3
2026-07-28,Loja 001,SKU-4003,Nuggets congelado 2kg,pct,5
2026-07-28,Loja 001,SKU-5001,Oleo de soja 900ml cx 20un,cx,3
2026-07-28,Loja 001,SKU-5002,"Ketchup galao 3,2kg",gl,2
2026-07-28,Loja 001,SKU-5003,Maionese galao 3kg,gl,2
2026-07-28,Loja 001,SKU-5004,Mostarda galao 3kg,gl,1
2026-07-28,Loja 001,SKU-5005,Sal refinado 1kg,un,1
2026-07-28,Loja 001,SKU-6001,Alface americana un,un,29
2026-07-28,Loja 001,SKU-6002,Tomate salada kg,kg,20.4
2026-07-28,Loja 001,SKU-6003,Cebola kg,kg,11.2
2026-07-28,Loja 001,SKU-6004,Picles fatiado 2kg,pt,2
2026-07-28,Loja 001,SKU-7001,Refrigerante lata cx 24un,cx,11
2026-07-28,Loja 001,SKU-7002,Refrigerante 2L cx 6un,cx,4
2026-07-28,Loja 001,SKU-7003,Suco caixinha cx 12un,cx,4
2026-07-28,Loja 001,SKU-7004,Agua mineral 500ml cx 12un,cx,6
2026-07-28,Loja 001,SKU-8001,Embalagem sanduiche pct 100un,pct,13
2026-07-28,Loja 001,SKU-8002,Copo 400ml pct 50un,pct,9
2026-07-28,Loja 001,SKU-8003,Sacola delivery pct 100un,pct,8
2026-07-28,Loja 001,SKU-8004,Guardanapo pct 1000un,pct,4
2026-07-28,Loja 002,SKU-1001,Hamburguer bovino 180g cx 24un,cx,7
2026-07-28,Loja 002,SKU-1002,File de frango congelado 2kg,pct,11
2026-07-28,Loja 002,SKU-1003,Bacon fatiado 1kg,pct,4
2026-07-28,Loja 002,SKU-1004,Linguica toscana 3kg,pct,4
2026-07-28,Loja 002,SKU-2001,Pao de hamburguer pct 12un,pct,11
2026-07-28,Loja 002,SKU-2002,Pao brioche pct 12un,pct,6
2026-07-28,Loja 002,SKU-3001,Queijo cheddar fatiado 1kg,pct,8
2026-07-28,Loja 002,SKU-3002,Queijo mussarela 5kg,pct,6
2026-07-28,Loja 002,SKU-3003,"Requeijao cremoso 1,5kg",pt,3
2026-07-28,Loja 002,SKU-3004,Manteiga 500g,un,4
2026-07-28,Loja 002,SKU-4001,"Batata pre-frita congelada 2,5kg",pct,14
2026-07-28,Loja 002,SKU-4002,Anel de cebola congelado 1kg,pct,2
2026-07-28,Loja 002,SKU-4003,Nuggets congelado 2kg,pct,3
2026-07-28,Loja 002,SKU-5001,Oleo de soja 900ml cx 20un,cx,2
2026-07-28,Loja 002,SKU-5002,"Ketchup galao 3,2kg",gl,1
2026-07-28,Loja 002,SKU-5003,Maionese galao 3kg,gl,2
2026-07-28,Loja 002,SKU-5004,Mostarda galao 3kg,gl,1
2026-07-28,Loja 002,SKU-5005,Sal refinado 1kg,un,1
2026-07-28,Loja 002,SKU-6001,Alface americana un,un,23
2026-07-28,Loja 002,SKU-6002,Tomate salada kg,kg,17.8
2026-07-28,Loja 002,SKU-6003,Cebola kg,kg,9.7
2026-07-28,Loja 002,SKU-6004,Picles fatiado 2kg,pt,2
2026-07-28,Loja 002,SKU-7001,Refrigerante lata cx 24un,cx,6
2026-07-28,Loja 002,SKU-7002,Refrigerante 2L cx 6un,cx,3
2026-07-28,Loja 002,SKU-7003,Suco caixinha cx 12un,cx,2
2026-07-28,Loja 002,SKU-7004,Agua mineral 500ml cx 12un,cx,5
2026-07-28,Loja 002,SKU-8001,Embalagem sanduiche pct 100un,pct,10
2026-07-28,Loja 002,SKU-8002,Copo 400ml pct 50un,pct,7
2026-07-28,Loja 002,SKU-8003,Sacola delivery pct 100un,pct,4
2026-07-28,Loja 002,SKU-8004,Guardanapo pct 1000un,pct,3
2026-07-28,Loja 003,SKU-1001,Hamburguer bovino 180g cx 24un,cx,10
2026-07-28,Loja 003,SKU-1002,File de frango congelado 2kg,pct,21
2026-07-28,Loja 003,SKU-1003,Bacon fatiado 1kg,pct,8
2026-07-28,Loja 003,SKU-1004,Linguica toscana 3kg,pct,7
2026-07-28,Loja 003,SKU-2001,Pao de hamburguer pct 12un,pct,22
2026-07-28,Loja 003,SKU-2002,Pao brioche pct 12un,pct,9
2026-07-28,Loja 003,SKU-3001,Queijo cheddar fatiado 1kg,pct,11
2026-07-28,Loja 003,SKU-3002,Queijo mussarela 5kg,pct,8
2026-07-28,Loja 003,SKU-3003,"Requeijao cremoso 1,5kg",pt,5
2026-07-28,Loja 003,SKU-3004,Manteiga 500g,un,6
2026-07-28,Loja 003,SKU-4001,"Batata pre-frita congelada 2,5kg",pct,22
2026-07-28,Loja 003,SKU-4002,Anel de cebola congelado 1kg,pct,5
2026-07-28,Loja 003,SKU-4003,Nuggets congelado 2kg,pct,6
2026-07-28,Loja 003,SKU-5001,Oleo de soja 900ml cx 20un,cx,4
2026-07-28,Loja 003,SKU-5002,"Ketchup galao 3,2kg",gl,3
2026-07-28,Loja 003,SKU-5003,Maionese galao 3kg,gl,3
2026-07-28,Loja 003,SKU-5004,Mostarda galao 3kg,gl,2
2026-07-28,Loja 003,SKU-5005,Sal refinado 1kg,un,2
2026-07-28,Loja 003,SKU-6001,Alface americana un,un,30
2026-07-28,Loja 003,SKU-6002,Tomate salada kg,kg,30.2
2026-07-28,Loja 003,SKU-6003,Cebola kg,kg,12.0
2026-07-28,Loja 003,SKU-6004,Picles fatiado 2kg,pt,2
2026-07-28,Loja 003,SKU-7001,Refrigerante lata cx 24un,cx,14
2026-07-28,Loja 003,SKU-7002,Refrigerante 2L cx 6un,cx,5
2026-07-28,Loja 003,SKU-7003,Suco caixinha cx 12un,cx,4
2026-07-28,Loja 003,SKU-7004,Agua mineral 500ml cx 12un,cx,7
2026-07-28,Loja 003,SKU-8001,Embalagem sanduiche pct 100un,pct,18
2026-07-28,Loja 003,SKU-8002,Copo 400ml pct 50un,pct,12
2026-07-28,Loja 003,SKU-8003,Sacola delivery pct 100un,pct,7
2026-07-28,Loja 003,SKU-8004,Guardanapo pct 1000un,pct,5
2026-07-29,Loja 001,SKU-1001,Hamburguer bovino 180g cx 24un,cx,7
2026-07-29,Loja 001,SKU-1002,File de frango congelado 2kg,pct,13
2026-07-29,Loja 001,SKU-1003,Bacon fatiado 1kg,pct,5
2026-07-29,Loja 001,SKU-1004,Linguica toscana 3kg,pct,5
2026-07-29,Loja 001,SKU-2001,Pao de hamburguer pct 12un,pct,31
2026-07-29,Loja 001,SKU-2002,Pao brioche pct 12un,pct,12
2026-07-29,Loja 001,SKU-3001,Queijo cheddar fatiado 1kg,pct,13
2026-07-29,Loja 001,SKU-3002,Queijo mussarela 5kg,pct,8
2026-07-29,Loja 001,SKU-3003,"Requeijao cremoso 1,5kg",pt,3
2026-07-29,Loja 001,SKU-3004,Manteiga 500g,un,5
2026-07-29,Loja 001,SKU-4001,"Batata pre-frita congelada 2,5kg",pct,22
2026-07-29,Loja 001,SKU-4002,Anel de cebola congelado 1kg,pct,3
2026-07-29,Loja 001,SKU-4003,Nuggets congelado 2kg,pct,5
2026-07-29,Loja 001,SKU-5001,Oleo de soja 900ml cx 20un,cx,3
2026-07-29,Loja 001,SKU-5002,"Ketchup galao 3,2kg",gl,2
2026-07-29,Loja 001,SKU-5003,Maionese galao 3kg,gl,2
2026-07-29,Loja 001,SKU-5004,Mostarda galao 3kg,gl,1
2026-07-29,Loja 001,SKU-5005,Sal refinado 1kg,un,1
2026-07-29,Loja 001,SKU-6001,Alface americana un,un,33
2026-07-29,Loja 001,SKU-6002,Tomate salada kg,kg,16.9
2026-07-29,Loja 001,SKU-6003,Cebola kg,kg,9.8
2026-07-29,Loja 001,SKU-6004,Picles fatiado 2kg,pt,3
2026-07-29,Loja 001,SKU-7001,Refrigerante lata cx 24un,cx,12
2026-07-29,Loja 001,SKU-7002,Refrigerante 2L cx 6un,cx,4
2026-07-29,Loja 001,SKU-7003,Suco caixinha cx 12un,cx,4
2026-07-29,Loja 001,SKU-7004,Agua mineral 500ml cx 12un,cx,5
2026-07-29,Loja 001,SKU-8001,Embalagem sanduiche pct 100un,pct,11
2026-07-29,Loja 001,SKU-8002,Copo 400ml pct 50un,pct,7
2026-07-29,Loja 001,SKU-8003,Sacola delivery pct 100un,pct,8
2026-07-29,Loja 001,SKU-8004,Guardanapo pct 1000un,pct,5
2026-07-29,Loja 002,SKU-1001,Hamburguer bovino 180g cx 24un,cx,8
2026-07-29,Loja 002,SKU-1002,File de frango congelado 2kg,pct,12
2026-07-29,Loja 002,SKU-1003,Bacon fatiado 1kg,pct,5
2026-07-29,Loja 002,SKU-1004,Linguica toscana 3kg,pct,4
2026-07-29,Loja 002,SKU-2001,Pao de hamburguer pct 12un,pct,19
2026-07-29,Loja 002,SKU-2002,Pao brioche pct 12un,pct,5
2026-07-29,Loja 002,SKU-3001,Queijo cheddar fatiado 1kg,pct,9
2026-07-29,Loja 002,SKU-3002,Queijo mussarela 5kg,pct,6
2026-07-29,Loja 002,SKU-3003,"Requeijao cremoso 1,5kg",pt,3
2026-07-29,Loja 002,SKU-3004,Manteiga 500g,un,5
2026-07-29,Loja 002,SKU-4001,"Batata pre-frita congelada 2,5kg",pct,12
2026-07-29,Loja 002,SKU-4002,Anel de cebola congelado 1kg,pct,2
2026-07-29,Loja 002,SKU-4003,Nuggets congelado 2kg,pct,3
2026-07-29,Loja 002,SKU-5001,Oleo de soja 900ml cx 20un,cx,2
2026-07-29,Loja 002,SKU-5002,"Ketchup galao 3,2kg",gl,1
2026-07-29,Loja 002,SKU-5003,Maionese galao 3kg,gl,2
2026-07-29,Loja 002,SKU-5004,Mostarda galao 3kg,gl,1
2026-07-29,Loja 002,SKU-5005,Sal refinado 1kg,un,1
2026-07-29,Loja 002,SKU-6001,Alface americana un,un,17
2026-07-29,Loja 002,SKU-6002,Tomate salada kg,kg,11.7
2026-07-29,Loja 002,SKU-6003,Cebola kg,kg,7.5
2026-07-29,Loja 002,SKU-6004,Picles fatiado 2kg,pt,2
2026-07-29,Loja 002,SKU-7001,Refrigerante lata cx 24un,cx,6
2026-07-29,Loja 002,SKU-7002,Refrigerante 2L cx 6un,cx,3
2026-07-29,Loja 002,SKU-7003,Suco caixinha cx 12un,cx,2
2026-07-29,Loja 002,SKU-7004,Agua mineral 500ml cx 12un,cx,5
2026-07-29,Loja 002,SKU-8001,Embalagem sanduiche pct 100un,pct,9
2026-07-29,Loja 002,SKU-8002,Copo 400ml pct 50un,pct,7
2026-07-29,Loja 002,SKU-8003,Sacola delivery pct 100un,pct,5
2026-07-29,Loja 002,SKU-8004,Guardanapo pct 1000un,pct,3
2026-07-29,Loja 003,SKU-1001,Hamburguer bovino 180g cx 24un,cx,13
2026-07-29,Loja 003,SKU-1002,File de frango congelado 2kg,pct,18
2026-07-29,Loja 003,SKU-1003,Bacon fatiado 1kg,pct,8
2026-07-29,Loja 003,SKU-1004,Linguica toscana 3kg,pct,5
2026-07-29,Loja 003,SKU-2001,Pao de hamburguer pct 12un,pct,18
2026-07-29,Loja 003,SKU-2002,Pao brioche pct 12un,pct,11
2026-07-29,Loja 003,SKU-3001,Queijo cheddar fatiado 1kg,pct,13
2026-07-29,Loja 003,SKU-3002,Queijo mussarela 5kg,pct,9
2026-07-29,Loja 003,SKU-3003,"Requeijao cremoso 1,5kg",pt,5
2026-07-29,Loja 003,SKU-3004,Manteiga 500g,un,7
2026-07-29,Loja 003,SKU-4001,"Batata pre-frita congelada 2,5kg",pct,28
2026-07-29,Loja 003,SKU-4002,Anel de cebola congelado 1kg,pct,4
2026-07-29,Loja 003,SKU-4003,Nuggets congelado 2kg,pct,6
2026-07-29,Loja 003,SKU-5001,Oleo de soja 900ml cx 20un,cx,3
2026-07-29,Loja 003,SKU-5002,"Ketchup galao 3,2kg",gl,3
2026-07-29,Loja 003,SKU-5003,Maionese galao 3kg,gl,3
2026-07-29,Loja 003,SKU-5004,Mostarda galao 3kg,gl,2
2026-07-29,Loja 003,SKU-5005,Sal refinado 1kg,un,2
2026-07-29,Loja 003,SKU-6001,Alface americana un,un,47
2026-07-29,Loja 003,SKU-6002,Tomate salada kg,kg,20.6
2026-07-29,Loja 003,SKU-6003,Cebola kg,kg,14.0
2026-07-29,Loja 003,SKU-6004,Picles fatiado 2kg,pt,3
2026-07-29,Loja 003,SKU-7001,Refrigerante lata cx 24un,cx,16
2026-07-29,Loja 003,SKU-7002,Refrigerante 2L cx 6un,cx,6
2026-07-29,Loja 003,SKU-7003,Suco caixinha cx 12un,cx,3
2026-07-29,Loja 003,SKU-7004,Agua mineral 500ml cx 12un,cx,8
2026-07-29,Loja 003,SKU-8001,Embalagem sanduiche pct 100un,pct,21
2026-07-29,Loja 003,SKU-8002,Copo 400ml pct 50un,pct,12
2026-07-29,Loja 003,SKU-8003,Sacola delivery pct 100un,pct,10
2026-07-29,Loja 003,SKU-8004,Guardanapo pct 1000un,pct,5
2026-07-30,Loja 001,SKU-1001,Hamburguer bovino 180g cx 24un,cx,9
2026-07-30,Loja 001,SKU-1002,File de frango congelado 2kg,pct,18
2026-07-30,Loja 001,SKU-1003,Bacon fatiado 1kg,pct,6
2026-07-30,Loja 001,SKU-1004,Linguica toscana 3kg,pct,5
2026-07-30,Loja 001,SKU-2001,Pao de hamburguer pct 12un,pct,25
2026-07-30,Loja 001,SKU-2002,Pao brioche pct 12un,pct,13
2026-07-30,Loja 001,SKU-3001,Queijo cheddar fatiado 1kg,pct,15
2026-07-30,Loja 001,SKU-3002,Queijo mussarela 5kg,pct,9
2026-07-30,Loja 001,SKU-3003,"Requeijao cremoso 1,5kg",pt,4
2026-07-30,Loja 001,SKU-3004,Manteiga 500g,un,7
2026-07-30,Loja 001,SKU-4001,"Batata pre-frita congelada 2,5kg",pct,24
2026-07-30,Loja 001,SKU-4002,Anel de cebola congelado 1kg,pct,3
2026-07-30,Loja 001,SKU-4003,Nuggets congelado 2kg,pct,5
2026-07-30,Loja 001,SKU-5001,Oleo de soja 900ml cx 20un,cx,3
2026-07-30,Loja 001,SKU-5002,"Ketchup galao 3,2kg",gl,2
2026-07-30,Loja 001,SKU-5003,Maionese galao 3kg,gl,3
2026-07-30,Loja 001,SKU-5004,Mostarda galao 3kg,gl,1
2026-07-30,Loja 001,SKU-5005,Sal refinado 1kg,un,2
2026-07-30,Loja 001,SKU-6001,Alface americana un,un,20
2026-07-30,Loja 001,SKU-6002,Tomate salada kg,kg,25.5
2026-07-30,Loja 001,SKU-6003,Cebola kg,kg,10.1
2026-07-30,Loja 001,SKU-6004,Picles fatiado 2kg,pt,3
2026-07-30,Loja 001,SKU-7001,Refrigerante lata cx 24un,cx,14
2026-07-30,Loja 001,SKU-7002,Refrigerante 2L cx 6un,cx,4
2026-07-30,Loja 001,SKU-7003,Suco caixinha cx 12un,cx,3
2026-07-30,Loja 001,SKU-7004,Agua mineral 500ml cx 12un,cx,5
2026-07-30,Loja 001,SKU-8001,Embalagem sanduiche pct 100un,pct,12
2026-07-30,Loja 001,SKU-8002,Copo 400ml pct 50un,pct,12
2026-07-30,Loja 001,SKU-8003,Sacola delivery pct 100un,pct,6
2026-07-30,Loja 001,SKU-8004,Guardanapo pct 1000un,pct,4
2026-07-30,Loja 002,SKU-1001,Hamburguer bovino 180g cx 24un,cx,8
2026-07-30,Loja 002,SKU-1002,File de frango congelado 2kg,pct,14
2026-07-30,Loja 002,SKU-1003,Bacon fatiado 1kg,pct,5
2026-07-30,Loja 002,SKU-1004,Linguica toscana 3kg,pct,3
2026-07-30,Loja 002,SKU-2001,Pao de hamburguer pct 12un,pct,15
2026-07-30,Loja 002,SKU-2002,Pao brioche pct 12un,pct,5
2026-07-30,Loja 002,SKU-3001,Queijo cheddar fatiado 1kg,pct,11
2026-07-30,Loja 002,SKU-3002,Queijo mussarela 5kg,pct,7
2026-07-30,Loja 002,SKU-3003,"Requeijao cremoso 1,5kg",pt,3
2026-07-30,Loja 002,SKU-3004,Manteiga 500g,un,4
2026-07-30,Loja 002,SKU-4001,"Batata pre-frita congelada 2,5kg",pct,12
2026-07-30,Loja 002,SKU-4002,Anel de cebola congelado 1kg,pct,3
2026-07-30,Loja 002,SKU-4003,Nuggets congelado 2kg,pct,4
2026-07-30,Loja 002,SKU-5001,Oleo de soja 900ml cx 20un,cx,2
2026-07-30,Loja 002,SKU-5002,"Ketchup galao 3,2kg",gl,2
2026-07-30,Loja 002,SKU-5003,Maionese galao 3kg,gl,2
2026-07-30,Loja 002,SKU-5004,Mostarda galao 3kg,gl,1
2026-07-30,Loja 002,SKU-5005,Sal refinado 1kg,un,1
2026-07-30,Loja 002,SKU-6001,Alface americana un,un,25
2026-07-30,Loja 002,SKU-6002,Tomate salada kg,kg,10.6
2026-07-30,Loja 002,SKU-6003,Cebola kg,kg,9.3
2026-07-30,Loja 002,SKU-6004,Picles fatiado 2kg,pt,1
2026-07-30,Loja 002,SKU-7001,Refrigerante lata cx 24un,cx,8
2026-07-30,Loja 002,SKU-7002,Refrigerante 2L cx 6un,cx,4
2026-07-30,Loja 002,SKU-7003,Suco caixinha cx 12un,cx,3
2026-07-30,Loja 002,SKU-7004,Agua mineral 500ml cx 12un,cx,6
2026-07-30,Loja 002,SKU-8001,Embalagem sanduiche pct 100un,pct,9
2026-07-30,Loja 002,SKU-8002,Copo 400ml pct 50un,pct,6
2026-07-30,Loja 002,SKU-8003,Sacola delivery pct 100un,pct,6
2026-07-30,Loja 002,SKU-8004,Guardanapo pct 1000un,pct,4
2026-07-30,Loja 003,SKU-1001,Hamburguer bovino 180g cx 24un,cx,10
2026-07-30,Loja 003,SKU-1002,File de frango congelado 2kg,pct,23
2026-07-30,Loja 003,SKU-1003,Bacon fatiado 1kg,pct,8
2026-07-30,Loja 003,SKU-1004,Linguica toscana 3kg,pct,8
2026-07-30,Loja 003,SKU-2001,Pao de hamburguer pct 12un,pct,30
2026-07-30,Loja 003,SKU-2002,Pao brioche pct 12un,pct,11
2026-07-30,Loja 003,SKU-3001,Queijo cheddar fatiado 1kg,pct,20
2026-07-30,Loja 003,SKU-3002,Queijo mussarela 5kg,pct,11
2026-07-30,Loja 003,SKU-3003,"Requeijao cremoso 1,5kg",pt,6
2026-07-30,Loja 003,SKU-3004,Manteiga 500g,un,9
2026-07-30,Loja 003,SKU-4001,"Batata pre-frita congelada 2,5kg",pct,29
2026-07-30,Loja 003,SKU-4002,Anel de cebola congelado 1kg,pct,5
2026-07-30,Loja 003,SKU-4003,Nuggets congelado 2kg,pct,7
2026-07-30,Loja 003,SKU-5001,Oleo de soja 900ml cx 20un,cx,3
2026-07-30,Loja 003,SKU-5002,"Ketchup galao 3,2kg",gl,4
2026-07-30,Loja 003,SKU-5003,Maionese galao 3kg,gl,4
2026-07-30,Loja 003,SKU-5004,Mostarda galao 3kg,gl,2
2026-07-30,Loja 003,SKU-5005,Sal refinado 1kg,un,2
2026-07-30,Loja 003,SKU-6001,Alface americana un,un,40
2026-07-30,Loja 003,SKU-6002,Tomate salada kg,kg,30.9
2026-07-30,Loja 003,SKU-6003,Cebola kg,kg,13.6
2026-07-30,Loja 003,SKU-6004,Picles fatiado 2kg,pt,4
2026-07-30,Loja 003,SKU-7001,Refrigerante lata cx 24un,cx,15
2026-07-30,Loja 003,SKU-7002,Refrigerante 2L cx 6un,cx,7
2026-07-30,Loja 003,SKU-7003,Suco caixinha cx 12un,cx,4
2026-07-30,Loja 003,SKU-7004,Agua mineral 500ml cx 12un,cx,10
2026-07-30,Loja 003,SKU-8001,Embalagem sanduiche pct 100un,pct,21
2026-07-30,Loja 003,SKU-8002,Copo 400ml pct 50un,pct,12
2026-07-30,Loja 003,SKU-8003,Sacola delivery pct 100un,pct,12
2026-07-30,Loja 003,SKU-8004,Guardanapo pct 1000un,pct,6
2026-07-31,Loja 001,SKU-1001,Hamburguer bovino 180g cx 24un,cx,11
2026-07-31,Loja 001,SKU-1002,File de frango congelado 2kg,pct,18
2026-07-31,Loja 001,SKU-1003,Bacon fatiado 1kg,pct,10
2026-07-31,Loja 001,SKU-1004,Linguica toscana 3kg,pct,7
2026-07-31,Loja 001,SKU-2001,Pao de hamburguer pct 12un,pct,33
2026-07-31,Loja 001,SKU-2002,Pao brioche pct 12un,pct,18
2026-07-31,Loja 001,SKU-3001,Queijo cheddar fatiado 1kg,pct,19
2026-07-31,Loja 001,SKU-3002,Queijo mussarela 5kg,pct,10
2026-07-31,Loja 001,SKU-3003,"Requeijao cremoso 1,5kg",pt,5
2026-07-31,Loja 001,SKU-3004,Manteiga 500g,un,8
2026-07-31,Loja 001,SKU-4001,"Batata pre-frita congelada 2,5kg",pct,25
2026-07-31,Loja 001,SKU-4002,Anel de cebola congelado 1kg,pct,5
2026-07-31,Loja 001,SKU-4003,Nuggets congelado 2kg,pct,6
2026-07-31,Loja 001,SKU-5001,Oleo de soja 900ml cx 20un,cx,5
2026-07-31,Loja 001,SKU-5002,"Ketchup galao 3,2kg",gl,3
2026-07-31,Loja 001,SKU-5003,Maionese galao 3kg,gl,4
2026-07-31,Loja 001,SKU-5004,Mostarda galao 3kg,gl,2
2026-07-31,Loja 001,SKU-5005,Sal refinado 1kg,un,2
2026-07-31,Loja 001,SKU-6001,Alface americana un,un,37
2026-07-31,Loja 001,SKU-6002,Tomate salada kg,kg,19.3
2026-07-31,Loja 001,SKU-6003,Cebola kg,kg,11.5
2026-07-31,Loja 001,SKU-6004,Picles fatiado 2kg,pt,3
2026-07-31,Loja 001,SKU-7001,Refrigerante lata cx 24un,cx,17
2026-07-31,Loja 001,SKU-7002,Refrigerante 2L cx 6un,cx,6
2026-07-31,Loja 001,SKU-7003,Suco caixinha cx 12un,cx,5
2026-07-31,Loja 001,SKU-7004,Agua mineral 500ml cx 12un,cx,8
2026-07-31,Loja 001,SKU-8001,Embalagem sanduiche pct 100un,pct,23
2026-07-31,Loja 001,SKU-8002,Copo 400ml pct 50un,pct,15
2026-07-31,Loja 001,SKU-8003,Sacola delivery pct 100un,pct,10
2026-07-31,Loja 001,SKU-8004,Guardanapo pct 1000un,pct,7
2026-07-31,Loja 002,SKU-1001,Hamburguer bovino 180g cx 24un,cx,8
2026-07-31,Loja 002,SKU-1002,File de frango congelado 2kg,pct,14
2026-07-31,Loja 002,SKU-1003,Bacon fatiado 1kg,pct,5
2026-07-31,Loja 002,SKU-1004,Linguica toscana 3kg,pct,6
2026-07-31,Loja 002,SKU-2001,Pao de hamburguer pct 12un,pct,29
2026-07-31,Loja 002,SKU-2002,Pao brioche pct 12un,pct,11
2026-07-31,Loja 002,SKU-3001,Queijo cheddar fatiado 1kg,pct,12
2026-07-31,Loja 002,SKU-3002,Queijo mussarela 5kg,pct,9
2026-07-31,Loja 002,SKU-3003,"Requeijao cremoso 1,5kg",pt,4
2026-07-31,Loja 002,SKU-3004,Manteiga 500g,un,5
2026-07-31,Loja 002,SKU-4001,"Batata pre-frita congelada 2,5kg",pct,20
2026-07-31,Loja 002,SKU-4002,Anel de cebola congelado 1kg,pct,3
2026-07-31,Loja 002,SKU-4003,Nuggets congelado 2kg,pct,5
2026-07-31,Loja 002,SKU-5001,Oleo de soja 900ml cx 20un,cx,3
2026-07-31,Loja 002,SKU-5002,"Ketchup galao 3,2kg",gl,2
2026-07-31,Loja 002,SKU-5003,Maionese galao 3kg,gl,3
2026-07-31,Loja 002,SKU-5004,Mostarda galao 3kg,gl,1
2026-07-31,Loja 002,SKU-5005,Sal refinado 1kg,un,2
2026-07-31,Loja 002,SKU-6001,Alface americana un,un,31
2026-07-31,Loja 002,SKU-6002,Tomate salada kg,kg,21.7
2026-07-31,Loja 002,SKU-6003,Cebola kg,kg,17.4
2026-07-31,Loja 002,SKU-6004,Picles fatiado 2kg,pt,2
2026-07-31,Loja 002,SKU-7001,Refrigerante lata cx 24un,cx,10
2026-07-31,Loja 002,SKU-7002,Refrigerante 2L cx 6un,cx,4
2026-07-31,Loja 002,SKU-7003,Suco caixinha cx 12un,cx,4
2026-07-31,Loja 002,SKU-7004,Agua mineral 500ml cx 12un,cx,7
2026-07-31,Loja 002,SKU-8001,Embalagem sanduiche pct 100un,pct,15
2026-07-31,Loja 002,SKU-8002,Copo 400ml pct 50un,pct,8
2026-07-31,Loja 002,SKU-8003,Sacola delivery pct 100un,pct,7
2026-07-31,Loja 002,SKU-8004,Guardanapo pct 1000un,pct,4
2026-07-31,Loja 003,SKU-1001,Hamburguer bovino 180g cx 24un,cx,14
2026-07-31,Loja 003,SKU-1002,File de frango congelado 2kg,pct,27
2026-07-31,Loja 003,SKU-1003,Bacon fatiado 1kg,pct,11
2026-07-31,Loja 003,SKU-1004,Linguica toscana 3kg,pct,11
2026-07-31,Loja 003,SKU-2001,Pao de hamburguer pct 12un,pct,34
2026-07-31,Loja 003,SKU-2002,Pao brioche pct 12un,pct,25
2026-07-31,Loja 003,SKU-3001,Queijo cheddar fatiado 1kg,pct,21
2026-07-31,Loja 003,SKU-3002,Queijo mussarela 5kg,pct,17
2026-07-31,Loja 003,SKU-3003,"Requeijao cremoso 1,5kg",pt,7
2026-07-31,Loja 003,SKU-3004,Manteiga 500g,un,8
2026-07-31,Loja 003,SKU-4001,"Batata pre-frita congelada 2,5kg",pct,33
2026-07-31,Loja 003,SKU-4002,Anel de cebola congelado 1kg,pct,5
2026-07-31,Loja 003,SKU-4003,Nuggets congelado 2kg,pct,9
2026-07-31,Loja 003,SKU-5001,Oleo de soja 900ml cx 20un,cx,6
2026-07-31,Loja 003,SKU-5002,"Ketchup galao 3,2kg",gl,4
2026-07-31,Loja 003,SKU-5003,Maionese galao 3kg,gl,6
2026-07-31,Loja 003,SKU-5004,Mostarda galao 3kg,gl,3
2026-07-31,Loja 003,SKU-5005,Sal refinado 1kg,un,2
2026-07-31,Loja 003,SKU-6001,Alface americana un,un,46
2026-07-31,Loja 003,SKU-6002,Tomate salada kg,kg,33.4
2026-07-31,Loja 003,SKU-6003,Cebola kg,kg,21.7
2026-07-31,Loja 003,SKU-6004,Picles fatiado 2kg,pt,4
2026-07-31,Loja 003,SKU-7001,Refrigerante lata cx 24un,cx,19
2026-07-31,Loja 003,SKU-7002,Refrigerante 2L cx 6un,cx,8
2026-07-31,Loja 003,SKU-7003,Suco caixinha cx 12un,cx,7
2026-07-31,Loja 003,SKU-7004,Agua mineral 500ml cx 12un,cx,9
2026-07-31,Loja 003,SKU-8001,Embalagem sanduiche pct 100un,pct,28
2026-07-31,Loja 003,SKU-8002,Copo 400ml pct 50un,pct,12
2026-07-31,Loja 003,SKU-8003,Sacola delivery pct 100un,pct,14
2026-07-31,Loja 003,SKU-8004,Guardanapo pct 1000un,pct,8
